DBRep_DrawableShape

CASCADE Topology V3, (c) Open Cascade
Locations 0
Curve2ds 2104
1 1.570796326794903 0 0 -1 
1 0 0 0 -1 
1 0 0 0 1 
1 0 -1.4999999999999998 1 0 
1 0 0 0 1 
1 0 -64 1 0 
1 0 0 0 -1 
1 714 0 0 -1 
2 357 -22 0 1 1 -0 5
1 0 2 1 0 
2 357.00000000000006 -17.5001 0 1 1 -0 5
1 0 7 1 0 
1 6.2831853071795862 -0 0 1 
1 0 -0 0 1 
8 -178.50000000000011 535.49999999999989
1 178.50000000000011 103.46854584836827 -1 0 
8 -178.50000000000011 535.49999999999989
1 178.50000000000011 -9.9999999999766942e-05 1 0 
1 178.50000000000011 103.46854584836827 -1 0 
1 178.50000000000014 103.48633513032937 -1 0 
8 -55.500050000000002 -4.9999999999883471e-05
1 261.00000000000006 -4.9999999999883471e-05 0 1 
8 -55.500050000000002 -4.9999999999883471e-05
1 -4.9999999999883471e-05 -10 -1 -0 
8 -55.500050000000002 -4.9999999999883471e-05
1 453.00000000000006 -4.9999999999883471e-05 0 1 
8 -55.500050000000002 -4.9999999999883471e-05
1 -4.9999999999883471e-05 -10 -1 -0 
1 357.00000000000023 103.51322238604165 -1 0 
1 5.6843418860808015e-14 -55.500100000000003 1 0 
1 0 -55.500100000000003 1 0 
2 357.00000000000028 96.513222386041662 1 -1.6283271027835706e-15 1.6283271027835706e-15 1 6.9999999999999432
1 364.00000000000023 -71.274981943711069 0 1 
1 -2.5579538487363607e-13 -55.500100000000003 1 0 
1 0 -55.500100000000003 1 0 
2 338.99999999999955 -71.274981943710813 0.11882125112820867 -0.99291566121213304 0.99291566121213304 0.11882125112820867 25.000000000000671
1 55.5 0 0 -1 
1 0 0 0 1 
1 344.00000000000023 93.513222386041647 0 1 
1 55.5 0 0 1 
1 0 8 1 0 
1 367.00000000000023 -72.486777613958353 -1 0 
1 55.5 0 0 1 
1 0 0 1 0 
1 344.00000000000023 93.513222386041647 -1 0 
1 55.5 0 0 -1 
1 22 0 0 1 
1 345.00000000000023 -80.486777613958353 0 1 
1 55.5 0 0 -1 
1 8 0 0 1 
1 336.00000000000023 93.513222386041647 0 1 
1 55.5 0 0 1 
1 0 0 1 0 
1 367.00000000000023 -80.486777613958353 -1 0 
1 55.5 0 0 -1 
1 0 0 0 1 
1 104.0000000000002 93.513222386041647 0 1 
1 0 -55.500100000000003 1 0 
2 2.0000834886915172e-13 2761.5382223860802 -0.11882125112818692 -0.99291566121213559 0.99291566121213559 -0.11882125112818692 2878.0250000000397
1 55.5 0 0 1 
1 0 0 1 0 
1 104.0000000000002 93.513222386041647 -1 0 
1 55.5 0 0 -1 
1 0 0 0 1 
1 109.0000000000002 -121.48677761395835 0 1 
1 55.5 0 0 -1 
1 8 0 0 1 
1 96.000000000000199 93.513222386041647 0 1 
1 55.5 0 0 1 
1 0 20 1 0 
1 109.0000000000002 -101.48677761395835 -1 0 
1 55.5 0 0 -1 
1 8 0 0 1 
1 101.0000000000002 -121.48677761395835 0 1 
1 55.5 0 0 -1 
1 0 0 0 1 
1 -95.999999999999801 93.513222386041647 0 1 
1 55.5 0 0 1 
1 0 0 1 0 
1 -95.999999999999801 93.513222386041647 -1 0 
1 55.5 0 0 -1 
1 0 0 0 1 
1 -100.9999999999998 -121.48677761395835 0 1 
1 55.5 0 0 -1 
1 8 0 0 1 
1 -103.9999999999998 93.513222386041647 0 1 
1 55.5 0 0 1 
1 0 20 1 0 
1 -100.9999999999998 -101.48677761395835 -1 0 
1 55.5 0 0 -1 
1 8 0 0 1 
1 -108.9999999999998 -121.48677761395835 0 1 
1 55.5 0 0 -1 
1 0 0 0 1 
1 -335.99999999999977 93.513222386041647 0 1 
1 55.5 0 0 1 
1 0 0 1 0 
1 -335.99999999999977 93.513222386041647 -1 0 
1 0 -55.500100000000003 1 0 
2 -339 -71.274981943711154 -1 2.8421709430404222e-15 -2.8421709430404222e-15 -1 24.999999999999773
1 55.5 0 0 -1 
1 8 0 0 1 
1 -343.99999999999977 93.513222386041647 0 1 
1 55.5 0 0 1 
1 0 0 1 0 
1 -344.99999999999977 -80.486777613958353 -1 0 
1 55.5 0 0 -1 
1 0 0 0 1 
1 -344.99999999999977 -80.486777613958353 0 1 
1 0 -55.500100000000003 1 0 
2 -356.99999999999983 96.513222386041662 4.7369515717340089e-15 1 -1 4.7369515717340089e-15 6.9999999999999591
1 55.5 0 0 1 
1 0 8 1 0 
1 -344.99999999999977 -72.486777613958353 -1 0 
1 -363.99999999999977 96.513222386041647 0 -1 
1 1.4210854715202004e-14 -55.500100000000003 1 0 
8 82.932876294810214 197.20979517504207
1 92.225310958460668 -89.480954865458571 0.99510682104817694 0.098804932586342362 
8 82.932876294810214 197.20979517504207
1 -82.932876294810214 -61 1 0 
1 92.225310958460582 -70.899025463886829 0.99510682104817694 0.098804932586342362 
8 -104.50661119302083 50.493388806979169
1 195.41200000000055 -50.493388806979183 0 -1 
8 -104.50661119302083 50.493388806979169
1 10 -50.493388806979169 0 1 
8 -99.706000000000273 -95.706000000000273
1 99.706000000000273 -100.98677761395835 -1 0 
8 -99.706000000000273 -95.706000000000273
1 10 99.706000000000273 0 1 
8 -104.50661119302083 50.493388806979169
1 199.41200000000055 -50.493388806979183 0 -1 
8 -104.50661119302083 50.493388806979169
1 10 -50.493388806979169 0 1 
1 92.225310958460582 -70.899025463886829 0.99510682104817694 0.098804932586342362 
8 -142.85600000000028 -62.256000000000284
1 142.85600000000025 -73.742777613958381 -1 0 
8 -142.85600000000028 -62.256000000000284
1 55.5 142.85600000000028 0 1 
1 142.85600000000017 -55.160848212386639 -1 0 
8 -73.728611193020811 36.871388806979184
1 285.71200000000056 -36.871388806979198 0 -1 
8 -73.728611193020811 36.871388806979184
1 55.5 -36.871388806979184 0 1 
1 285.71200000000044 -18.289459405407456 0 -1 
1 92.225310958460582 -70.899025463886829 0.99510682104817694 0.098804932586342362 
2 286.00000000000034 -45.117983821617671 -1 0 -0 -1 25
1 6.2831853071795862 -61 -1 0 
2 286.00000000000023 -26.536054420045929 -1 0 -0 -1 25
8 -104.50661119302083 50.493388806979169
1 291.4120000000006 -50.493388806979183 0 -1 
8 -104.50661119302083 50.493388806979169
1 10 -50.493388806979169 0 1 
8 -147.7060000000003 -143.7060000000003
1 147.70600000000027 -100.98677761395835 -1 0 
8 -147.7060000000003 -143.7060000000003
1 10 147.7060000000003 0 1 
8 -104.50661119302083 50.493388806979169
1 295.4120000000006 -50.493388806979183 0 -1 
8 -104.50661119302083 50.493388806979169
1 10 -50.493388806979169 0 1 
2 286.00000000000023 -26.536054420045929 -1 0 -0 -1 25
2 310.00000000000006 -48.286777613958591 -1 0 0 1 9
1 0 8 1 0 
2 309.99999999999994 -29.70484821238685 -1 0 0 1 9
8 -18.856611193020342 63.974595014638709
1 311.00000000000017 18.856611193021095 2.7441348545638185e-15 -1 
8 -18.856611193020342 63.974595014638709
1 18.856611193020242 -61 1 0 
1 311.00000000000006 37.438540594592837 2.7441348545638185e-15 -1 
2 310.00000000000011 36.713222386041394 -1 0 0 1 9
1 0 8 1 0 
2 310 55.295151787613136 -1 0 0 1 9
8 -155.50000000000003 466.5
1 155.50000000000006 37.713222386041494 -1 3.1985846625856601e-16 
8 -155.50000000000003 466.5
1 155.50000000000003 -61 1 0 
1 155.49999999999997 56.295151787613236 -1 3.1985846625856601e-16 
8 -147.7060000000003 -143.7060000000003
1 147.70600000000027 54.013222386041647 -1 0 
8 -147.7060000000003 -143.7060000000003
1 10 147.7060000000003 0 1 
1 155.49999999999997 56.295151787613236 -1 3.1985846625856601e-16 
8 -99.706000000000273 -95.706000000000273
1 99.706000000000273 54.013222386041647 -1 0 
8 -99.706000000000273 -95.706000000000273
1 10 99.706000000000273 0 1 
1 155.49999999999997 56.295151787613236 -1 3.1985846625856601e-16 
2 146.41200000000055 20.05722238604163 -1 0 0 1 20.300000000000001
1 0 55.5 1 0 
2 146.41200000000046 38.639151787613372 -1 0 0 1 20.299999999999997
1 155.49999999999997 56.295151787613236 -1 3.1985846625856601e-16 
2 1.1456099919020274e-13 36.71322238604138 -1 0 0 1 9
1 0 8 1 0 
2 3.3812195263725729e-14 55.295151787613122 -1 0 0 1 9
1 155.49999999999997 56.295151787613236 -1 3.1985846625856601e-16 
8 -104.50661119302083 50.493388806979169
1 -63.976999999999435 -50.493388806979183 0 -1 
8 -104.50661119302083 50.493388806979169
1 10 -50.493388806979169 0 1 
8 31.988499999999718 35.988499999999718
1 -31.988499999999718 54.013222386041647 -1 0 
8 31.988499999999718 35.988499999999718
1 10 -31.988499999999718 0 1 
8 -104.50661119302083 50.493388806979169
1 -67.976999999999435 -50.493388806979183 0 -1 
8 -104.50661119302083 50.493388806979169
1 10 -50.493388806979169 0 1 
1 155.49999999999997 56.295151787613236 -1 3.1985846625856601e-16 
8 -104.50661119302083 50.493388806979169
1 -159.97699999999944 -50.493388806979183 0 -1 
8 -104.50661119302083 50.493388806979169
1 10 -50.493388806979169 0 1 
8 79.988499999999718 83.988499999999718
1 -79.988499999999718 54.013222386041647 -1 0 
8 79.988499999999718 83.988499999999718
1 10 -79.988499999999718 0 1 
8 -104.50661119302083 50.493388806979169
1 -163.97699999999944 -50.493388806979183 0 -1 
8 -104.50661119302083 50.493388806979169
1 10 -50.493388806979169 0 1 
1 155.49999999999997 56.295151787613236 -1 3.1985846625856601e-16 
2 -207.47699999999944 20.55722238604163 -1 0 0 1 20.300000000000001
1 0 55.5 1 0 
2 -207.47699999999952 39.139151787613372 -1 0 0 1 20.300000000000011
1 155.49999999999997 56.295151787613236 -1 3.1985846625856601e-16 
2 -243.47699999999944 20.55722238604163 -1 0 0 1 20.300000000000001
1 0 55.5 1 0 
2 -243.47699999999952 39.139151787613372 -1 0 0 1 20.300000000000011
1 155.49999999999997 56.295151787613236 -1 3.1985846625856601e-16 
2 -309.99999999999989 36.713222386041394 -1 0 0 1 9
1 0 8 1 0 
2 -310 55.295151787613136 -1 0 0 1 9
2 -310 55.295151787613136 -1 0 0 1 9
8 -18.856611193020825 63.974595014638481
1 -310.99999999999989 18.856611193020811 0 -1 
8 -18.856611193020825 63.974595014638481
1 18.856611193020825 -61 1 0 
1 -311 37.438540594592553 0 -1 
2 -309.99999999999983 -48.286777613958591 -1 0 0 1 9
1 0 8 1 0 
2 -309.99999999999994 -29.70484821238685 -1 0 0 1 9
2 -309.99999999999994 -29.70484821238685 -1 0 0 1 9
2 -285.99999999999989 -45.117983821617671 -1 0 -0 -1 25
1 6.2831853071795853 -61 -1 0 
2 -286 -26.536054420045929 -1 0 -0 -1 25
8 82.932876294810072 197.2097951750419
1 -92.225310958460526 -89.480954865458571 -0.99510682104817694 0.098804932586342362 
8 82.932876294810072 197.2097951750419
1 -82.932876294810072 -61 1 0 
1 -92.225310958460611 -70.899025463886829 -0.99510682104817694 0.098804932586342362 
8 -87.376190924285481 262.12857277285616
1 87.376190924285481 -81.286777613958364 -1 0 
8 -87.376190924285481 262.12857277285616
1 87.376190924285481 -61 1 0 
1 87.376190924285396 -62.704848212386622 -1 0 
8 79.988499999999718 83.988499999999718
1 -79.988499999999718 -100.98677761395835 -1 0 
8 79.988499999999718 83.988499999999718
1 10 -79.988499999999718 0 1 
1 87.376190924285396 -62.704848212386622 -1 0 
8 31.988499999999718 35.988499999999718
1 -31.988499999999718 -100.98677761395835 -1 0 
8 31.988499999999718 35.988499999999718
1 10 -31.988499999999718 0 1 
1 87.376190924285396 -62.704848212386622 -1 0 
2 1.1475408145535508e-13 -79.986777613958409 -1 0 0 1 9
1 0 8 1 0 
2 3.4005277528878058e-14 -61.404848212386668 -1 0 0 1 9
1 87.376190924285396 -62.704848212386622 -1 0 
8 7.2000000000000028 16.000000599999993
1 165.84676564305198 -53 0 -1 
8 7.2000000000000028 16.000000599999993
1 3.2865441595930194 0 0 1 
8 -87.376190924285424 262.12857277285622
1 87.376190924285439 -62.531976774513623 -1 0 
8 -87.376190924285424 262.12857277285622
1 87.376190924285424 -68.999999999999972 1 0 
1 87.376190924285439 -62.531976774513623 -1 0 
1 87.376190924285439 -62.531976774513623 -1 0 
1 87.376190924285666 -62.508211688050039 -1 0 
1 0 0 0 -1 
1 0 0 0 -1 
1 -175.07904394606905 -68.328062231352163 -0.99510682104817694 0.098804932586342362 
1 0 0 1 0 
1 -175.07904394606905 -68.328062231352163 -0.99510682104817694 0.098804932586342362 
1 0 0 1 0 
1 -175.07904394606905 -68.328062231352163 -0.99510682104817694 0.098804932586342362 
1 0 0 1 0 
2 -174.99999999999997 -67.531976774513623 1 0 0 -1 0.80000000000001137
2 -174.99999999999997 -67.531976774513623 1 0 0 -1 0.80000000000001137
8 1.5707963267948966 1.6697627322104838
1 0 0 1 0 
2 -174.99999999999997 -67.531976774513623 1 0 0 -1 0.80000000000001137
1 6.2831853071795862 0 -1 -0 
2 -286 -26.36318298217293 -1 0 -0 -1 30.800000000000011
8 0 1.4718299213793085
1 6.2831853071795862 0 -1 -0 
2 -286 -26.36318298217293 -1 0 -0 -1 30.800000000000011
1 -174.99999999999997 -68.331976774513635 1 0 
1 349.99999999999841 0 -1 0 
1 349.99999999999841 0 -1 0 
1 -174.99999999999997 -68.331976774513635 1 0 
1 -316.80000000000001 56.468023225486377 0 -1 
1 0 0 1 0 
1 0 0 1 0 
1 -316.80000000000001 56.468023225486377 0 -1 
1 0 0 1 0 
2 175.00000000000003 -67.531976774513623 0.99510682104817694 0.098804932586342362 0.098804932586342362 -0.99510682104817694 0.79999999999999893
2 175.00000000000003 -67.531976774513623 0.99510682104817694 0.098804932586342362 0.098804932586342362 -0.99510682104817694 0.79999999999999893
8 1.5707963267968763 1.6697627322124733
1 0 0 1 0 
2 175.00000000000003 -67.531976774513623 0.99510682104817694 0.098804932586342362 0.098804932586342362 -0.99510682104817694 0.79999999999999893
1 0 0 1 0 
2 -311 56.468023225486377 -1 0 0 1 5.8000000000000114
2 1 1.0000000000002416 1 0 -0 1 5.8000000000000114
2 -311 56.468023225486377 -1 0 0 1 5.8000000000000114
8 6.2831853071795862 7.8539816339744828
1 0 0 1 0 
2 -311 56.468023225486377 -1 0 0 1 5.8000000000000114
1 175.07904394606911 -68.328062231352163 0.99510682104817694 0.098804932586342362 
1 1.6006768980280402e-12 0 1 0 
1 175.07904394606911 -68.328062231352163 0.99510682104817694 0.098804932586342362 
1 1.6006768980280402e-12 0 1 0 
1 175.07904394606911 -68.328062231352163 0.99510682104817694 0.098804932586342362 
1 311 62.268023225486175 -1 3.1985846625856601e-16 
1 0 0 1 0 
1 0 0 1 0 
1 311 62.268023225486175 -1 3.1985846625856601e-16 
1 4.6134225749691025 0 -1 -0 
2 286.00000000000023 -26.36318298217293 0.098804932586341584 -0.99510682104817705 0.99510682104817705 0.098804932586341584 30.800000000000011
8 0 1.4718299213793129
1 4.6134225749691025 0 -1 -0 
2 286.00000000000023 -26.36318298217293 0.098804932586341584 -0.99510682104817705 0.99510682104817705 0.098804932586341584 30.800000000000011
1 0 0 1 0 
2 311 56.468023225486078 -1 0 0 1 5.8000000000000114
2 -1 0.99999999999994316 1 0 -0 1 5.8000000000000114
2 311 56.468023225486078 -1 0 0 1 5.8000000000000114
8 1.5707963267948966 3.1415926535897905
1 0 0 1 0 
2 311 56.468023225486078 -1 0 0 1 5.8000000000000114
1 316.80000000000024 -26.363182982172845 -2.745024319375517e-15 1 
1 82.831206207658937 0 -1 0 
1 82.831206207658937 0 -1 0 
1 316.80000000000024 -26.363182982172845 -2.745024319375517e-15 1 
8 153.74999999999997 158.74999999999997
1 -153.75 -27.031976774513851 -1 0 
8 153.74999999999997 158.74999999999997
1 1.9999999999999716 -153.74999999999997 0 1 
1 -153.74999999999974 -27.008211688050267 -1 0 
8 11.015988387256925 16.015988387256925
1 -307.49999999999994 -16.015988387256925 0 -1 
8 11.015988387256925 16.015988387256925
1 1.9999999999999716 -16.015988387256925 0 1 
1 -307.49999999999972 -15.992223300793341 0 -1 
8 11.015988387256925 16.015988387256925
1 -312.49999999999994 -16.015988387256925 0 -1 
8 11.015988387256925 16.015988387256925
1 1.9999999999999716 -16.015988387256925 0 1 
1 -312.49999999999972 -15.992223300793341 0 -1 
8 153.74999999999997 158.74999999999997
1 -153.75 -32.031976774513851 -1 0 
8 153.74999999999997 158.74999999999997
1 1.9999999999999716 -153.74999999999997 0 1 
1 -153.74999999999974 -32.008211688050267 -1 0 
8 -1.2500000000000069 3.7499999999999929
1 1.2500000000000069 -58.731976774513669 -1 0 
8 -1.2500000000000069 3.7499999999999929
1 1.9999999999999716 1.2500000000000069 0 1 
1 1.2500000000002398 -58.708211688050085 -1 0 
8 26.865988387256834 31.865988387256834
1 -2.4999999999999862 -31.865988387256834 0 -1 
8 26.865988387256834 31.865988387256834
1 1.9999999999999716 -31.865988387256834 0 1 
1 -2.4999999999997531 -31.84222330079325 0 -1 
8 -1.2500000000000069 3.7499999999999929
1 1.2500000000000069 -63.731976774513669 -1 0 
8 -1.2500000000000069 3.7499999999999929
1 1.9999999999999716 1.2500000000000069 0 1 
1 1.2500000000002398 -63.708211688050085 -1 0 
8 26.865988387256834 31.865988387256834
1 2.5000000000000138 -31.865988387256834 0 -1 
8 26.865988387256834 31.865988387256834
1 1.9999999999999716 -31.865988387256834 0 1 
1 2.5000000000002469 -31.84222330079325 0 -1 
8 -156.24999999999997 -151.24999999999997
1 156.24999999999994 -27.031976774513851 -1 0 
8 -156.24999999999997 -151.24999999999997
1 1.9999999999999716 156.24999999999997 0 1 
1 156.2500000000002 -27.008211688050267 -1 0 
8 11.015988387256925 16.015988387256925
1 312.49999999999994 -16.015988387256925 0 -1 
8 11.015988387256925 16.015988387256925
1 1.9999999999999716 -16.015988387256925 0 1 
1 312.50000000000017 -15.992223300793341 0 -1 
8 11.015988387256925 16.015988387256925
1 307.49999999999994 -16.015988387256925 0 -1 
8 11.015988387256925 16.015988387256925
1 1.9999999999999716 -16.015988387256925 0 1 
1 307.50000000000017 -15.992223300793341 0 -1 
8 -156.24999999999997 -151.24999999999997
1 156.24999999999994 -32.031976774513851 -1 0 
8 -156.24999999999997 -151.24999999999997
1 1.9999999999999716 156.24999999999997 0 1 
1 156.2500000000002 -32.008211688050267 -1 0 
8 153.75 158.75
1 -153.75000000000003 57.968023225486135 -1 0 
8 153.75 158.75
1 1.9999999999999716 -153.75 0 1 
1 -153.74999999999977 57.991788311949719 -1 0 
8 -31.48401161274306 -26.48401161274306
1 -307.5 26.484011612743075 0 -1 
8 -31.48401161274306 -26.48401161274306
1 1.9999999999999716 26.48401161274306 0 1 
1 -307.49999999999977 26.507776699206659 0 -1 
8 -31.48401161274306 -26.48401161274306
1 -312.5 26.484011612743075 0 -1 
8 -31.48401161274306 -26.48401161274306
1 1.9999999999999716 26.48401161274306 0 1 
1 -312.49999999999977 26.507776699206659 0 -1 
8 153.75 158.75
1 -153.75000000000003 52.968023225486135 -1 0 
8 153.75 158.75
1 1.9999999999999716 -153.75 0 1 
1 -153.74999999999977 52.991788311949719 -1 0 
2 -286 -26.36318298217293 -1 0 -0 -1 25
1 6.2831853071795853 -68.999999999999972 -1 0 
2 -286 -26.36318298217293 -1 0 -0 -1 25
2 -286 -26.36318298217293 -1 0 -0 -1 25
2 -285.99999999999977 -26.339417895709346 -1 0 -0 -1 25
1 0 16 1 0 
2 0 0 1 0 -0 1 9
2 -309.99999999999994 -29.531976774513851 -1 0 0 1 9
2 -309.99999999999994 -29.531976774513851 -1 0 0 1 9
2 -309.99999999999972 -29.508211688050267 -1 0 0 1 9
8 83.859409711115944 198.13632859134776
1 -91.303311235965595 -70.817700097750901 -0.99510682104817694 0.098804932586342362 
8 83.859409711115944 198.13632859134776
1 -83.859409711115944 -68.999999999999972 1 0 
1 -91.303311235965595 -70.817700097750901 -0.99510682104817694 0.098804932586342362 
1 -91.303311235965595 -70.817700097750901 -0.99510682104817694 0.098804932586342362 
1 -91.303311235965367 -70.793935011287317 -0.99510682104817694 0.098804932586342362 
8 -28.234011612743188 54.597194594916118
1 -311 28.234011612743188 0 -1 
8 -28.234011612743188 54.597194594916118
1 28.234011612743188 -68.999999999999972 1 0 
1 -311 28.234011612743188 0 -1 
1 -311 28.234011612743188 0 -1 
1 -310.99999999999977 28.257776699206772 0 -1 
1 87.376190924285439 -62.531976774513623 -1 0 
1 87.376190924285439 -62.531976774513623 -1 0 
1 87.376190924285666 -62.508211688050039 -1 0 
1 0 16 1 0 
2 0 0 1 0 -0 1 9
2 -310 55.468023225486135 -1 0 0 1 9
2 -310 55.468023225486135 -1 0 0 1 9
2 -309.99999999999977 55.491788311949719 -1 0 0 1 9
1 0 16 1 0 
2 0 0 1 0 -0 1 9
2 1.3876668257885187e-14 -61.231976774513669 -1 0 0 1 9
2 1.3876668257885187e-14 -61.231976774513669 -1 0 0 1 9
2 2.4675547937865761e-13 -61.208211688050085 -1 0 0 1 9
8 -155.49999999999997 466.5
1 155.5 56.468023225486235 -1 3.1985846625856601e-16 
8 -155.49999999999997 466.5
1 155.49999999999997 -68.999999999999972 1 0 
1 155.5 56.468023225486235 -1 3.1985846625856601e-16 
1 155.5 56.468023225486235 -1 3.1985846625856601e-16 
1 155.50000000000026 56.491788311949819 -1 3.1985846625856601e-16 
2 1.3876668257885187e-14 -61.231976774513669 -1 0 0 1 9
2 1.3876668257885187e-14 -61.231976774513669 -1 0 0 1 9
2 2.4675547937865761e-13 -61.208211688050085 -1 0 0 1 9
1 0 63.5 1 0 
2 0 0 1 0 -0 1 20.300000000000001
2 66.5 20 1 0 -0 1 20.300000000000011
2 -243.47699999999955 39.312023225486371 -1 0 0 1 20.300000000000011
2 -243.47699999999929 39.335788311949955 -1 0 0 1 20.300000000000011
1 155.50000000000026 56.491788311949819 -1 3.1985846625856601e-16 
8 83.859409711115973 198.13632859134785
1 91.303311235965637 -70.817700097750901 0.99510682104817694 0.098804932586342362 
8 83.859409711115973 198.13632859134785
1 -83.859409711115973 -68.999999999999972 1 0 
1 91.303311235965637 -70.817700097750901 0.99510682104817694 0.098804932586342362 
1 91.303311235965637 -70.817700097750901 0.99510682104817694 0.098804932586342362 
1 91.303311235965865 -70.793935011287317 0.99510682104817694 0.098804932586342362 
1 0 63.5 1 0 
2 0 0 1 0 -0 1 20.300000000000001
2 30.5 20 1 0 -0 1 20.300000000000011
2 -207.47699999999955 39.312023225486371 -1 0 0 1 20.300000000000011
2 -207.47699999999929 39.335788311949955 -1 0 0 1 20.300000000000011
1 63.5 0 0 1 
1 0 0 1 0 
1 -132.29999999999998 -55.300000000000011 1 0 
1 285.71200000000044 -54.987976774513641 -1 0 
1 285.71200000000067 -54.964211688050057 -1 0 
1 155.50000000000026 56.491788311949819 -1 3.1985846625856601e-16 
1 63.5 0 0 -1 
1 0 0 0 1 
1 -132.29999999999998 -55.300000000000011 0 1 
1 285.71200000000044 -54.987976774513641 0 1 
1 285.71200000000067 -54.964211688050057 0 1 
1 0 16 1 0 
2 0 0 1 0 -0 1 9
2 1.3683585992732858e-14 55.468023225486121 -1 0 0 1 9
2 1.3683585992732858e-14 55.468023225486121 -1 0 0 1 9
2 2.4656239711350532e-13 55.491788311949705 -1 0 0 1 9
1 91.303311235965865 -70.793935011287317 0.99510682104817694 0.098804932586342362 
2 1.3683585992732858e-14 55.468023225486121 -1 0 0 1 9
2 1.3683585992732858e-14 55.468023225486121 -1 0 0 1 9
2 2.4656239711350532e-13 55.491788311949705 -1 0 0 1 9
2 286.00000000000023 -26.36318298217293 -1 0 -0 -1 25
1 6.2831853071795862 -68.999999999999972 -1 0 
2 286.00000000000023 -26.36318298217293 -1 0 -0 -1 25
2 286.00000000000023 -26.36318298217293 -1 0 -0 -1 25
2 286.00000000000045 -26.339417895709346 -1 0 -0 -1 25
1 155.5 56.468023225486235 -1 3.1985846625856601e-16 
1 155.5 56.468023225486235 -1 3.1985846625856601e-16 
1 155.50000000000026 56.491788311949819 -1 3.1985846625856601e-16 
1 0 16 1 0 
2 0 0 1 0 -0 1 9
2 309.99999999999994 -29.531976774513851 -1 0 0 1 9
2 309.99999999999994 -29.531976774513851 -1 0 0 1 9
2 310.00000000000017 -29.508211688050267 -1 0 0 1 9
1 0 63.5 1 0 
2 0 0 1 0 -0 1 20.300000000000001
2 7 38.5 1 0 -0 1 20.299999999999997
2 146.41200000000043 38.812023225486371 -1 0 0 1 20.299999999999997
2 146.41200000000069 38.835788311949955 -1 0 0 1 20.299999999999997
2 309.99999999999994 -29.531976774513851 -1 0 0 1 9
2 309.99999999999994 -29.531976774513851 -1 0 0 1 9
2 310.00000000000017 -29.508211688050267 -1 0 0 1 9
1 155.50000000000026 56.491788311949819 -1 3.1985846625856601e-16 
8 -28.234011612742705 54.597194594916346
1 311.00000000000011 28.234011612743473 2.7441348545638185e-15 -1 
8 -28.234011612742705 54.597194594916346
1 28.234011612742606 -68.999999999999972 1 0 
1 311.00000000000011 28.234011612743473 2.7441348545638185e-15 -1 
1 311.00000000000011 28.234011612743473 2.7441348545638185e-15 -1 
1 311.00000000000034 28.257776699207056 2.7441348545638185e-15 -1 
1 0 16 1 0 
2 0 0 1 0 -0 1 9
2 310 55.468023225486135 -1 0 0 1 9
2 310 55.468023225486135 -1 0 0 1 9
2 310.00000000000023 55.491788311949719 -1 0 0 1 9
2 310 55.468023225486135 -1 0 0 1 9
2 310 55.468023225486135 -1 0 0 1 9
2 310.00000000000023 55.491788311949719 -1 0 0 1 9
8 -1.2500000000000069 3.7499999999999929
1 1.2500000000000069 57.968023225486121 -1 0 
8 -1.2500000000000069 3.7499999999999929
1 1.9999999999999716 1.2500000000000069 0 1 
1 1.2500000000002398 57.991788311949705 -1 0 
8 -31.48401161274306 -26.48401161274306
1 2.5000000000000138 26.48401161274306 0 -1 
8 -31.48401161274306 -26.48401161274306
1 1.9999999999999716 26.48401161274306 0 1 
1 2.5000000000002469 26.507776699206644 0 -1 
8 -31.48401161274306 -26.48401161274306
1 -2.4999999999999862 26.48401161274306 0 -1 
8 -31.48401161274306 -26.48401161274306
1 1.9999999999999716 26.48401161274306 0 1 
1 -2.4999999999997531 26.507776699206644 0 -1 
8 -1.2500000000000069 3.7499999999999929
1 1.2500000000000069 52.968023225486121 -1 0 
8 -1.2500000000000069 3.7499999999999929
1 1.9999999999999716 1.2500000000000069 0 1 
1 1.2500000000002398 52.991788311949705 -1 0 
8 -156.25 -151.25
1 156.24999999999997 57.968023225486135 -1 0 
8 -156.25 -151.25
1 1.9999999999999716 156.25 0 1 
1 156.25000000000023 57.991788311949719 -1 0 
8 -31.48401161274306 -26.48401161274306
1 312.5 26.484011612743075 0 -1 
8 -31.48401161274306 -26.48401161274306
1 1.9999999999999716 26.48401161274306 0 1 
1 312.50000000000023 26.507776699206659 0 -1 
8 -31.48401161274306 -26.48401161274306
1 307.5 26.484011612743075 0 -1 
8 -31.48401161274306 -26.48401161274306
1 1.9999999999999716 26.48401161274306 0 1 
1 307.50000000000023 26.507776699206659 0 -1 
8 -156.25 -151.25
1 156.24999999999997 52.968023225486135 -1 0 
8 -156.25 -151.25
1 1.9999999999999716 156.25 0 1 
1 156.25000000000023 52.991788311949719 -1 0 
1 0 0 1 0 
1 0 5 1 0 
1 0 0 1 0 
1 0 0 1 0 
1 0 0 0 1 
1 0 0 1 0 
1 0 0 0 -1 
1 0 0 0 1 
1 0 0 0 1 
1 0 5 1 0 
1 0 0 0 -1 
1 5 0 0 1 
1 0 15 1 0 
2 2.5 2.5 1 0 -0 1 2.25
1 6.2831853071795862 -0 0 1 
1 0 -0 0 1 
1 0 4.3999999999999986 1 0 
2 -5.6843418860808015e-14 -1.4210854715202004e-14 1 0 -0 1 2.25
1 0 -4.3999999999999986 1 0 
1 4.272391992003179 -1.4210854715202004e-14 -0.49999999999999994 0.86602540378443871 
1 0 -4.3999999999999986 1 0 
1 2.1361959960015611 -3.7000000000000171 0.50000000000000033 0.86602540378443849 
1 0 -4.3999999999999986 1 0 
1 2.1361959960015611 3.6999999999999886 -1 1.0394392899370617e-16 
1 0 -4.3999999999999986 1 0 
1 -2.1361959960016748 -3.7000000000000171 1 -7.2760750295594312e-16 
1 0 -4.3999999999999986 1 0 
1 -2.1361959960016748 3.6999999999999886 -0.50000000000000022 -0.8660254037844386 
1 0 -4.3999999999999986 1 0 
1 -4.2723919920032927 -1.4210854715202004e-14 0.49999999999999978 -0.86602540378443882 
8 -3.2042939940024233 1.0680979980008107
1 -3.7383429930028456 -0.92500000000001137 -0.49999999999999978 0.86602540378443882 
8 -3.2042939940024233 1.0680979980008107
1 1.0680979980008107 -1 -1 -0 
1 4.2723919920032341 0 0 -1 
1 0 0 0 -1 
1 4.2723919920032341 0 0 -1 
1 0 0 0 -1 
1 0 0 1 0 
2 0 0 1 0 -0 1 9
8 -3.2042939940023984 1.0680979980008374
1 1.0680979980007805 3.7000000000000028 1 -1.0394392899370617e-16 
8 -3.2042939940023984 1.0680979980008374
1 1.0680979980008374 -1 -1 -0 
8 -3.2042939940024477 1.0680979980007863
1 -2.6702449950020082 2.7750000000000199 0.50000000000000022 0.8660254037844386 
8 -3.2042939940024477 1.0680979980007863
1 1.0680979980007863 -1 -1 0 
8 -3.2042939940023984 1.0680979980008374
1 -1.0680979980007805 -3.7000000000000028 -1 7.2760750295594312e-16 
8 -3.2042939940023984 1.0680979980008374
1 1.0680979980008374 -1 -1 -0 
8 -3.2042939940024482 1.0680979980007861
1 2.6702449950020082 -2.7750000000000199 -0.50000000000000033 -0.86602540378443849 
8 -3.2042939940024482 1.0680979980007861
1 1.0680979980007861 -1 -1 -0 
8 -3.2042939940024198 1.0680979980008145
1 3.7383429930027887 0.92499999999998295 0.49999999999999994 -0.86602540378443871 
8 -3.2042939940024198 1.0680979980008145
1 1.0680979980008145 -1 -1 -0 
1 4.2723919920032358 0 0 -1 
1 0 0 0 -1 
1 0 0 0 -1 
1 4.2723919920032358 0 0 -1 
1 4.2723919920032341 0 0 -1 
1 0 0 0 -1 
1 0 0 0 -1 
1 4.2723919920032341 0 0 -1 
1 0 -5 1 0 
1 0 5 1 0 
1 0 -5 1 0 
1 0 0 1 0 
1 0 0 1 0 
1 0 5 1 0 
1 0 0 1 0 
1 0 0 1 0 
1 0 0 0 1 
1 0 0 1 0 
1 0 0 0 -1 
1 0 0 0 1 
1 0 0 0 1 
1 0 5 1 0 
1 0 0 0 -1 
1 5 0 0 1 
1 0 15 1 0 
2 2.5 2.5 1 0 -0 1 2.25
1 6.2831853071795862 -0 0 1 
1 0 -0 0 1 
1 0 4.3999999999999986 1 0 
2 6.291036200847805e-16 -1.4210854715202004e-14 1 0 -0 1 2.25
1 0 -4.3999999999999986 1 0 
1 4.2723919920032323 -1.4210854715202004e-14 -0.49999999999999994 0.86602540378443871 
1 0 -4.3999999999999986 1 0 
1 2.1361959960016135 -3.7000000000000171 0.50000000000000033 0.86602540378443849 
1 0 -4.3999999999999986 1 0 
1 2.1361959960016166 3.6999999999999886 -1 1.0394392899370617e-16 
1 0 -4.3999999999999986 1 0 
1 -2.136195996001617 -3.7000000000000171 1 -7.2760750295594312e-16 
1 0 -4.3999999999999986 1 0 
1 -2.1361959960016144 3.6999999999999886 -0.50000000000000022 -0.8660254037844386 
1 0 -4.3999999999999986 1 0 
1 -4.2723919920032305 -1.4210854715202004e-14 0.49999999999999978 -0.86602540378443882 
8 -3.2042939940024269 1.0680979980008063
1 -3.7383429930028256 -0.92499999999999716 -0.49999999999999978 0.86602540378443882 
8 -3.2042939940024269 1.0680979980008063
1 1.0680979980008063 -1 -1 -0 
1 4.2723919920032332 0 0 -1 
1 0 0 0 -1 
1 4.2723919920032341 0 0 -1 
1 0 0 0 -1 
1 0 0 1 0 
2 0 0 1 0 -0 1 9
8 -3.2042939940024224 1.0680979980008078
1 1.0680979980008081 3.7000000000000028 1 -1.0394392899370617e-16 
8 -3.2042939940024224 1.0680979980008078
1 1.0680979980008078 -1 -1 -0 
8 -3.2042939940024295 1.0680979980008045
1 -2.6702449950020171 2.7750000000000057 0.50000000000000022 0.8660254037844386 
8 -3.2042939940024295 1.0680979980008045
1 1.0680979980008045 -1 -1 0 
8 -3.2042939940024233 1.0680979980008074
1 -1.0680979980008103 -3.7000000000000028 -1 7.2760750295594312e-16 
8 -3.2042939940024233 1.0680979980008074
1 1.0680979980008074 -1 -1 -0 
8 -3.204293994002426 1.0680979980008078
1 2.6702449950020219 -2.7750000000000057 -0.50000000000000033 -0.86602540378443849 
8 -3.204293994002426 1.0680979980008078
1 1.0680979980008078 -1 -1 -0 
8 -3.2042939940024286 1.0680979980008047
1 3.7383429930028287 0.92499999999999716 0.49999999999999994 -0.86602540378443871 
8 -3.2042939940024286 1.0680979980008047
1 1.0680979980008047 -1 -1 -0 
1 4.2723919920032305 0 0 -1 
1 0 0 0 -1 
1 0 0 0 -1 
1 4.2723919920032305 0 0 -1 
1 4.2723919920032332 0 0 -1 
1 0 0 0 -1 
1 0 0 0 -1 
1 4.2723919920032341 0 0 -1 
1 0 -5 1 0 
1 0 5 1 0 
1 0 -5 1 0 
1 0 0 1 0 
1 0 0 1 0 
1 0 5 1 0 
1 0 0 1 0 
1 0 0 1 0 
1 0 0 0 1 
1 0 0 1 0 
1 0 0 0 -1 
1 0 0 0 1 
1 0 0 0 1 
1 0 5 1 0 
1 0 0 0 -1 
1 5 0 0 1 
1 0 15 1 0 
2 2.5 2.5 1 0 -0 1 2.25
1 6.2831853071795862 -0 0 1 
1 0 -0 0 1 
1 0 4.3999999999999986 1 0 
2 0 -1.4210854715202004e-14 1 0 -0 1 2.25
1 0 -4.3999999999999986 1 0 
1 4.2723919920032358 -1.4210854715202004e-14 -0.49999999999999994 0.86602540378443871 
1 0 -4.3999999999999986 1 0 
1 2.1361959960016179 -3.7000000000000171 0.50000000000000033 0.86602540378443849 
1 0 -4.3999999999999986 1 0 
1 2.1361959960016179 3.6999999999999886 -1 1.0394392899370617e-16 
1 0 -4.3999999999999986 1 0 
1 -2.1361959960016179 -3.7000000000000171 1 -7.2760750295594312e-16 
1 0 -4.3999999999999986 1 0 
1 -2.1361959960016179 3.6999999999999886 -0.50000000000000022 -0.8660254037844386 
1 0 -4.3999999999999986 1 0 
1 -4.2723919920032358 -1.4210854715202004e-14 0.49999999999999978 -0.86602540378443882 
8 -3.2042939940024073 1.0680979980008269
1 -3.7383429930027887 -0.92499999999999716 -0.49999999999999978 0.86602540378443882 
8 -3.2042939940024073 1.0680979980008269
1 1.0680979980008269 -1 -1 -0 
1 4.2723919920032341 0 0 -1 
1 0 0 0 -1 
1 4.2723919920032341 0 0 -1 
1 0 0 0 -1 
1 0 0 1 0 
2 0 0 1 0 -0 1 9
8 -3.2042939940023984 1.0680979980008374
1 1.0680979980007805 3.7000000000000028 1 -1.0394392899370617e-16 
8 -3.2042939940023984 1.0680979980008374
1 1.0680979980008374 -1 -1 -0 
8 -3.2042939940024477 1.0680979980007863
1 -2.6702449950020082 2.7750000000000199 0.50000000000000022 0.8660254037844386 
8 -3.2042939940024477 1.0680979980007863
1 1.0680979980007863 -1 -1 0 
8 -3.2042939940023984 1.0680979980008374
1 -1.0680979980007805 -3.7000000000000028 -1 7.2760750295594312e-16 
8 -3.2042939940023984 1.0680979980008374
1 1.0680979980008374 -1 -1 -0 
8 -3.2042939940024482 1.0680979980007861
1 2.6702449950020082 -2.7750000000000199 -0.50000000000000033 -0.86602540378443849 
8 -3.2042939940024482 1.0680979980007861
1 1.0680979980007861 -1 -1 -0 
8 -3.2042939940024233 1.0680979980008107
1 3.7383429930028456 0.92500000000001137 0.49999999999999994 -0.86602540378443871 
8 -3.2042939940024233 1.0680979980008107
1 1.0680979980008107 -1 -1 -0 
1 4.2723919920032358 0 0 -1 
1 0 0 0 -1 
1 0 0 0 -1 
1 4.2723919920032358 0 0 -1 
1 4.2723919920032341 0 0 -1 
1 0 0 0 -1 
1 0 0 0 -1 
1 4.2723919920032341 0 0 -1 
1 0 -5 1 0 
1 0 5 1 0 
1 0 -5 1 0 
1 0 0 1 0 
1 0 0 1 0 
1 0 5 1 0 
1 0 0 1 0 
1 0 0 1 0 
1 0 0 0 1 
1 0 0 1 0 
1 0 0 0 -1 
1 0 0 0 1 
1 0 0 0 1 
1 0 5 1 0 
1 0 0 0 -1 
1 5 0 0 1 
1 0 15 1 0 
2 2.5 2.5 1 0 -0 1 2.25
1 6.2831853071795862 -0 0 1 
1 0 -0 0 1 
1 0 4.3999999999999986 1 0 
2 -5.6843418860808015e-14 0 1 0 -0 1 2.25
1 0 -4.3999999999999986 1 0 
1 4.272391992003179 0 -0.49999999999999994 0.86602540378443871 
1 0 -4.3999999999999986 1 0 
1 2.1361959960015611 -3.6999999999999886 0.50000000000000033 0.86602540378443849 
1 0 -4.3999999999999986 1 0 
1 2.1361959960015611 3.6999999999999886 -1 1.0394392899370617e-16 
1 0 -4.3999999999999986 1 0 
1 -2.1361959960016748 -3.6999999999999886 1 -7.2760750295594312e-16 
1 0 -4.3999999999999986 1 0 
1 -2.1361959960016748 3.6999999999999886 -0.50000000000000022 -0.8660254037844386 
1 0 -4.3999999999999986 1 0 
1 -4.2723919920032927 0 0.49999999999999978 -0.86602540378443882 
8 -3.2042939940024189 1.0680979980008107
1 -3.7383429930028456 -0.92500000000001137 -0.49999999999999978 0.86602540378443882 
8 -3.2042939940024189 1.0680979980008107
1 1.0680979980008107 -1 -1 -0 
1 4.2723919920032225 0 0 -1 
1 0 0 0 -1 
1 4.2723919920032225 0 0 -1 
1 0 0 0 -1 
1 0 0 1 0 
2 0 0 1 0 -0 1 9
8 -3.2042939940024553 1.0680979980007805
1 1.0680979980008374 3.6999999999999886 1 -1.0394392899370617e-16 
8 -3.2042939940024553 1.0680979980007805
1 1.0680979980007805 -1 -1 -0 
8 -3.2042939940024175 1.0680979980008147
1 -2.670244995002065 2.7750000000000057 0.50000000000000022 0.8660254037844386 
8 -3.2042939940024175 1.0680979980008147
1 1.0680979980008147 -1 -1 0 
8 -3.2042939940024553 1.0680979980007805
1 -1.0680979980008374 -3.6999999999999886 -1 7.2760750295594312e-16 
8 -3.2042939940024553 1.0680979980007805
1 1.0680979980007805 -1 -1 -0 
8 -3.2042939940024198 1.0680979980008145
1 2.670244995002065 -2.7750000000000057 -0.50000000000000033 -0.86602540378443849 
8 -3.2042939940024198 1.0680979980008145
1 1.0680979980008145 -1 -1 -0 
8 -3.2042939940024207 1.0680979980008107
1 3.7383429930028456 0.92500000000001137 0.49999999999999994 -0.86602540378443871 
8 -3.2042939940024207 1.0680979980008107
1 1.0680979980008107 -1 -1 -0 
1 4.2723919920032358 0 0 -1 
1 0 0 0 -1 
1 0 0 0 -1 
1 4.2723919920032358 0 0 -1 
1 4.2723919920032225 0 0 -1 
1 0 0 0 -1 
1 0 0 0 -1 
1 4.2723919920032225 0 0 -1 
1 0 -5 1 0 
1 0 5 1 0 
1 0 -5 1 0 
1 0 0 1 0 
1 0 0 1 0 
1 0 0 1 0 
1 0 -5 1 0 
1 0 0 1 0 
1 0 0 0 -1 
1 0 0 0 1 
1 0 0 0 1 
1 0 5 1 0 
1 0 0 0 1 
1 0 0 1 0 
1 0 0 0 -1 
1 5 0 0 1 
1 0 15 1 0 
2 2.5 2.5 1 0 -0 1 2.25
1 6.2831853071795862 -0 0 1 
1 0 -0 0 1 
1 0 4.3999999999999986 1 0 
2 2.9742944960733333e-16 5.6843418860808015e-14 1 0 -0 1 2.25
1 0 -4.3999999999999986 1 0 
1 4.2723919920032314 5.6843418860808015e-14 -0.49999999999999994 0.86602540378443871 
1 0 -4.3999999999999986 1 0 
1 2.1361959960016135 -3.6999999999999318 0.50000000000000033 0.86602540378443849 
1 0 -4.3999999999999986 1 0 
1 2.1361959960016166 3.7000000000000455 -1 1.0394392899370617e-16 
1 0 -4.3999999999999986 1 0 
1 -2.136195996001617 -3.6999999999999318 1 -7.2760750295594312e-16 
1 0 -4.3999999999999986 1 0 
1 -2.1361959960016144 3.7000000000000455 -0.50000000000000022 -0.8660254037844386 
1 0 -4.3999999999999986 1 0 
1 -4.2723919920032314 5.6843418860808015e-14 0.49999999999999978 -0.86602540378443882 
8 -3.2042939940024127 1.068097998000817
1 -3.7383429930028287 -0.92500000000001137 -0.49999999999999978 0.86602540378443882 
8 -3.2042939940024127 1.068097998000817
1 1.068097998000817 -1 -1 -0 
1 4.2723919920032181 0 0 -1 
1 0 0 0 -1 
1 4.272391992003219 0 0 -1 
1 0 0 0 -1 
1 0 0 1 0 
2 0 0 1 0 -0 1 9
8 -3.2042939940024224 1.0680979980008078
1 1.0680979980008083 3.6999999999999886 1 -1.0394392899370617e-16 
8 -3.2042939940024224 1.0680979980008078
1 1.0680979980008078 -1 -1 -0 
8 -3.2042939940024171 1.0680979980008152
1 -2.670244995002014 2.7749999999999773 0.50000000000000022 0.8660254037844386 
8 -3.2042939940024171 1.0680979980008152
1 1.0680979980008152 -1 -1 0 
8 -3.2042939940024233 1.0680979980008074
1 -1.0680979980008101 -3.6999999999999886 -1 7.2760750295594312e-16 
8 -3.2042939940024233 1.0680979980008074
1 1.0680979980008074 -1 -1 -0 
8 -3.2042939940024153 1.0680979980008185
1 2.6702449950020188 -2.7749999999999773 -0.50000000000000033 -0.86602540378443849 
8 -3.2042939940024153 1.0680979980008185
1 1.0680979980008185 -1 -1 -0 
8 -3.2042939940024144 1.068097998000817
1 3.7383429930028287 0.92500000000001137 0.49999999999999994 -0.86602540378443871 
8 -3.2042939940024144 1.068097998000817
1 1.068097998000817 -1 -1 -0 
1 4.2723919920032305 0 0 -1 
1 0 0 0 -1 
1 0 0 0 -1 
1 4.2723919920032305 0 0 -1 
1 4.2723919920032181 0 0 -1 
1 0 0 0 -1 
1 0 0 0 -1 
1 4.2723919920032198 0 0 -1 
1 0 0 1 0 
1 0 5 1 0 
1 0 -5 1 0 
1 0 5 1 0 
1 0 0 1 0 
1 0 5 1 0 
1 0 0 1 0 
1 0 0 1 0 
1 0 0 0 1 
1 0 0 1 0 
1 0 0 0 -1 
1 0 0 0 1 
1 0 0 0 1 
1 0 5 1 0 
1 0 0 0 -1 
1 5 0 0 1 
1 0 15 1 0 
2 2.5 2.5 1 0 -0 1 2.25
1 6.2831853071795862 -0 0 1 
1 0 -0 0 1 
1 0 4.3999999999999986 1 0 
2 0 0 1 0 -0 1 2.25
1 0 -4.3999999999999986 1 0 
1 4.2723919920032358 0 -0.49999999999999994 0.86602540378443871 
1 0 -4.3999999999999986 1 0 
1 2.1361959960016179 -3.6999999999999886 0.50000000000000033 0.86602540378443849 
1 0 -4.3999999999999986 1 0 
1 2.1361959960016179 3.6999999999999886 -1 1.0394392899370617e-16 
1 0 -4.3999999999999986 1 0 
1 -2.1361959960016179 -3.6999999999999886 1 -7.2760750295594312e-16 
1 0 -4.3999999999999986 1 0 
1 -2.1361959960016179 3.6999999999999886 -0.50000000000000022 -0.8660254037844386 
1 0 -4.3999999999999986 1 0 
1 -4.2723919920032358 0 0.49999999999999978 -0.86602540378443882 
8 -3.2042939940024189 1.0680979980008107
1 -3.7383429930028456 -0.92500000000001137 -0.49999999999999978 0.86602540378443882 
8 -3.2042939940024189 1.0680979980008107
1 1.0680979980008107 -1 -1 -0 
1 4.2723919920032225 0 0 -1 
1 0 0 0 -1 
1 4.2723919920032225 0 0 -1 
1 0 0 0 -1 
1 0 0 1 0 
2 0 0 1 0 -0 1 9
8 -3.2042939940024553 1.0680979980007805
1 1.0680979980008374 3.6999999999999886 1 -1.0394392899370617e-16 
8 -3.2042939940024553 1.0680979980007805
1 1.0680979980007805 -1 -1 -0 
8 -3.2042939940024215 1.0680979980008107
1 -2.6702449950020082 2.7749999999999773 0.50000000000000022 0.8660254037844386 
8 -3.2042939940024215 1.0680979980008107
1 1.0680979980008107 -1 -1 0 
8 -3.2042939940024553 1.0680979980007805
1 -1.0680979980008374 -3.6999999999999886 -1 7.2760750295594312e-16 
8 -3.2042939940024553 1.0680979980007805
1 1.0680979980007805 -1 -1 -0 
8 -3.2042939940024198 1.0680979980008145
1 2.670244995002065 -2.7750000000000057 -0.50000000000000033 -0.86602540378443849 
8 -3.2042939940024198 1.0680979980008145
1 1.0680979980008145 -1 -1 -0 
8 -3.2042939940024207 1.0680979980008107
1 3.7383429930028456 0.92500000000001137 0.49999999999999994 -0.86602540378443871 
8 -3.2042939940024207 1.0680979980008107
1 1.0680979980008107 -1 -1 -0 
1 4.2723919920032358 0 0 -1 
1 0 0 0 -1 
1 0 0 0 -1 
1 4.2723919920032358 0 0 -1 
1 4.2723919920032225 0 0 -1 
1 0 0 0 -1 
1 0 0 0 -1 
1 4.2723919920032225 0 0 -1 
1 0 -5 1 0 
1 0 5 1 0 
1 0 -5 1 0 
1 0 0 1 0 
1 3.1415926535897905 0 0 -1 
1 0 0 0 -1 
8 0 2
1 3.1415926535897905 0 0 -1 
1 0 0 0 -1 
8 -18.801392861010498 64.029813346648439
1 316.79999999999995 18.801392861011365 2.7441348545638185e-15 -1 
8 -18.801392861010498 64.029813346648439
1 18.801392861010498 -2 1 0 
1 18.801392861010498 -2 1 0 
1 316.80000000000007 37.493758926602595 2.7441348545638185e-15 -1 
1 3.1415926535897905 0 0 -1 
1 82.831206207658937 0 0 -1 
8 0 2
1 3.1415926535897905 0 0 -1 
1 82.831206207658937 0 0 -1 
1 1.5707963267948966 0 0 1 
1 357 102.40278572202216 -1 0 
1 0 1.5707963267948966 1 0 
2 357.00000000000006 96.402785722022173 1 0 -0 1 5.9999999999999591
1 0 1.5707963267948966 1 0 
2 -357.00000000000006 96.402785722022173 0 1 -1 0 5.9999999999999591
1 1.5707963267948966 0 0 1 
1 363 -71.385418607730557 0 1 
1 1.5707963267948966 0 0 1 
1 -363 96.402785722022159 0 -1 
1 0 1.5707963267948966 1 0 
2 338.99999999999932 -71.385418607730301 0.11882125112820927 -0.99291566121213282 0.99291566121213293 0.11882125112820928 24.000000000000668
1 0 1.5707963267948966 1 0 
2 -339.00000000000023 -71.385418607730642 -1 2.368475785867023e-15 -2.368475785867023e-15 -1 23.999999999999762
1 0 1.5707963267948966 1 0 
2 -1.8951147966007292e-14 2761.4277857220609 -0.11882125112818691 -0.99291566121213559 0.99291566121213559 -0.11882125112818691 2877.0250000000392
2 -175.00000000000009 -86.397214277977852 1 0 -0 1 0.80000000000000004
1 6.2831853071795862 -2 -1 0 
1 6.2831853071795862 -2 -1 0 
2 -174.99999999999994 -67.704848212386622 1 0 -0 1 0.80000000000001137
8 82.803611375523829 197.32814840718481
1 -92.680605458862971 -95.374704974680739 -0.99510682104817694 0.098804932586342362 
8 82.803611375523829 197.32814840718481
1 -82.803611375523829 -2 1 0 
1 -82.803611375523829 -2 1 0 
1 -92.680605458862843 -76.682338909089509 -0.99510682104817694 0.098804932586342362 
8 -87.499999999999162 262.49999999999926
1 87.499999999999176 -87.197214277977864 -1 0 
8 -87.499999999999162 262.49999999999926
1 87.499999999999162 -2 1 0 
1 87.499999999999162 -2 1 0 
1 87.499999999999304 -68.504848212386634 -1 0 
2 -286.00000000000011 -45.228420485637159 -1 0 -0 -1 30.800000000000001
1 6.2831853071795853 -2 -1 0 
1 6.2831853071795853 -2 -1 0 
2 -286 -26.536054420045929 -1 0 -0 -1 30.800000000000011
2 174.99999999999991 -86.397214277977852 0.99510682104817694 0.098804932586342362 -0.098804932586342362 0.99510682104817694 0.80000000000000004
1 6.2831853071795862 -2 -1 0 
1 6.2831853071795862 -2 -1 0 
2 175.00000000000006 -67.704848212386622 0.99510682104817694 0.098804932586342362 -0.098804932586342362 0.99510682104817694 0.79999999999999893
8 -18.801392861011067 64.02981334664824
1 -316.80000000000013 18.801392861011081 0 -1 
8 -18.801392861011067 64.02981334664824
1 18.801392861011067 -2 1 0 
1 18.801392861011067 -2 1 0 
1 -316.80000000000001 37.493758926602311 0 -1 
8 82.803611375522948 197.32814840718561
1 92.680605458862118 -95.374704974680796 0.99510682104817694 0.098804932586342362 
8 82.803611375522948 197.32814840718561
1 -82.803611375522948 -2 1 0 
1 -82.803611375522948 -2 1 0 
1 92.680605458862246 -76.682338909089566 0.99510682104817694 0.098804932586342362 
2 -311.00000000000011 37.602785722022148 -1 0 -0 -1 5.7999999999999998
1 12.566370614359172 -2 -1 0 
1 12.566370614359172 -2 -1 0 
2 -311 56.295151787613378 -1 0 -0 -1 5.8000000000000114
2 286.00000000000011 -45.228420485637159 -1 0 -0 -1 30.800000000000001
1 6.2831853071795853 -2 -1 0 
1 6.2831853071795853 -2 -1 0 
2 286.00000000000023 -26.536054420045929 -1 0 -0 -1 30.800000000000011
8 -155.49999999999991 466.50000000000011
1 155.49999999999994 43.402785722021989 -1 3.1985846625856601e-16 
8 -155.49999999999991 466.50000000000011
1 155.49999999999991 -2 1 0 
1 155.49999999999991 -2 1 0 
1 155.50000000000009 62.095151787613219 -1 3.1985846625856601e-16 
2 310.99999999999989 37.602785722021849 -1 0 -0 -1 5.7999999999999998
1 6.2831853071795862 -2 -1 0 
1 6.2831853071795862 -2 -1 0 
2 311 56.295151787613079 -1 0 -0 -1 5.8000000000000114
2 221.99999999999997 61.402785722022159 0 -1 -1 -0 3
1 6.2831853071795862 1 -1 0 
8 -47.20139286101108 -11.20139286101108
1 224.99999999999997 50.20139286101108 0 -1 
8 -47.20139286101108 -11.20139286101108
1 50.20139286101108 -1 1 0 
8 -109.49999999999999 434.5
1 112.5 58.402785722022159 -1 0 
8 -109.49999999999999 434.5
1 112.49999999999999 -1 1 0 
2 221.99999999999997 97.402785722022159 0 1 1 -0 3
1 0 1 1 0 
2 -322 61.402785722022159 0 -1 -1 -0 3
1 0 1 1 0 
8 -159.5 384.5
1 -162.50000000000003 100.40278572202216 1 0 
8 -159.5 384.5
1 162.5 -1 1 0 
8 32.201392861011072 68.201392861011072
1 -325 29.201392861011087 0 1 
8 32.201392861011072 68.201392861011072
1 -29.201392861011072 -1 1 0 
2 -322 97.402785722022159 -1 0 0 1 3
1 0 1 1 0 
2 331 60.902785722022159 0 -1 -1 -0 3
1 6.2831853071795862 1 -1 0 
8 -43.45139286101108 -14.45139286101108
1 334 46.45139286101108 0 -1 
8 -43.45139286101108 -14.45139286101108
1 46.45139286101108 -1 1 0 
2 331 89.902785722022159 0 1 1 -0 3
1 0 1 1 0 
8 119.99999999999999 214
1 117 92.902785722022159 1 0 
8 119.99999999999999 214
1 -116.99999999999999 -1 1 0 
2 236.99999999999997 89.902785722022159 -1 0 0 1 3
1 0 1 1 0 
8 31.951392861011072 60.951392861011072
1 233.99999999999997 28.951392861011087 0 1 
8 31.951392861011072 60.951392861011072
1 -28.951392861011072 -1 1 0 
2 236.99999999999997 60.902785722022159 0 -1 -1 -0 3
1 0 1 1 0 
8 -164 -70
1 166.99999999999997 57.902785722022159 -1 0 
8 -164 -70
1 167 -1 1 0 
1 0 0 1 0 
1 0 0 0 1 
1 97 0 0 -1 
1 0 0 0 1 
1 3 0 0 -1 
1 0 0 1 0 
1 0 0 1 0 
1 0 0 1 0 
1 0 0 1 0 
1 -3.1415926535897931 0 1 0 
1 -1.5707963267948966 0 1 0 
1 0 -0 1 0 
1 1.5707963267948966 0 0 1 
1 3 0 0 -1 
1 0 0 0 1 
1 32 0 0 -1 
1 1.5707963267948966 0 0 1 
1 3 0 0 -1 
1 0 0 0 1 
1 97 0 0 -1 
1 1.5707963267948966 0 0 1 
1 3 0 0 -1 
1 1.5707963267948966 0 0 1 
1 32 0 0 -1 
1 0 0 0 1 
1 39 0 0 -1 
1 1.5707963267948966 0 0 1 
1 3 0 0 -1 
1 -1.5707963267948966 0 1 0 
1 0 0 1 0 
1 0 0 1 0 
1 0 0 1 0 
1 0 0 1 0 
1 0 0 1 0 
1 -3.1415926535897931 0 1 0 
1 0 -0 1 0 
1 1.5707963267948966 0 0 1 
1 3 0 0 -1 
1 0 0 0 1 
1 547 0 0 -1 
1 0 0 0 1 
1 547 0 0 -1 
1 1.5707963267948966 0 0 1 
1 3 0 0 -1 
1 0 0 0 1 
1 3 0 0 -1 
1 1.5707963267948966 0 0 1 
1 39 0 0 -1 
8 0 1.5707963267948966
1 1.4516936881277556 0 0 1 
8 0 1.5707963267948966
1 -3.9433177902243117e-17 0 0 1 
1 0 0 1 0 
1 3.9433177902243117e-17 -64 1 0 
8 0 1.5707963267948966
1 0.23820527733429767 0 0 1 
8 0 1.5707963267948966
1 0 0 0 1 
1 1.4516936881277556 0 0 -1 
1 0 0 0 -1 
1 0.23820527733429769 0 0 -1 
1 0 0 0 -1 
1 0 0 1 0 
1 0 -1.5 1 0 
8 0 1.5707963267948966
1 1.4516936881277556 0 0 1 
8 0 1.5707963267948966
1 0 0 0 1 
1 0 1.5707963267948966 1 0 
2 -1.8951147966007292e-14 2761.4277857220609 -0.11882125112818692 -0.99291566121213548 0.99291566121213559 -0.11882125112818694 2881.5250000000392
8 0 1.5707963267948966
1 0.23820527733429769 0 0 1 
8 0 1.5707963267948966
1 0 0 0 1 
1 0 0 1 0 
1 0 -1.5 1 0 
1 0 1.5707963267948966 1 0 
2 338.99999999999932 -71.385418607730301 0.11882125112820777 -0.99291566121213304 0.99291566121213304 0.11882125112820777 28.500000000000668
8 0 1.5707963267948966
1 1.4516936881277174 0 0 1 
8 0 1.5707963267948966
1 0 0 1 0 
1 0 0 0 1 
1 0 -1.4999999999999998 1 0 
1 1.5707963267948966 0 0 1 
1 367.5 -71.385418607730557 0 1 
8 0 1.5707963267948966
1 0 167.78820432975272 1 0 
8 0 1.5707963267948966
1 0 0 0 1 
1 0 0 1 0 
1 0 -1.5 1 0 
1 0 1.5707963267948966 1 0 
2 357.00000000000006 96.402785722022173 1 -1.3534147347811506e-15 1.3534147347811506e-15 1 10.499999999999959
8 0 1.5707963267948966
1 0 0 1 0 
8 0 1.5707963267948966
1 1.570796326794903 0 0 1 
1 1.4516936881277174 0 0 -1 
1 0 0 0 -1 
1 0 0 0 1 
1 0 -64 1 0 
1 0 0 0 -1 
1 167.78820432975272 0 0 -1 
1 1.5707963267948966 0 0 1 
1 357 106.90278572202216 -1 0 
1 0 1.5707963267948966 1 0 
2 -357.00000000000006 96.402785722022173 5.4136589391245946e-15 1 -1 5.4136589391245946e-15 10.499999999999959
1 1.5707963267948966 0 0 1 
1 -367.5 96.402785722022159 0 -1 
1 0 1.5707963267948966 1 0 
2 -339.00000000000023 -71.385418607730642 -1 2.991758887410972e-15 -2.991758887410972e-15 -1 28.499999999999762
8 -178.50000000000003 535.5
1 178.5 105.40278572202216 -1 0 
8 -178.50000000000003 535.5
1 178.50000000000003 -1 1 0 
2 -357.00000000000006 96.402785722022173 4.7369515717340089e-15 1 -1 4.7369515717340089e-15 8.9999999999999591
1 6.2831853071795862 -1 1 0 
8 -48.201392861011094 119.58681146874174
1 -366 48.201392861011087 0 -1 
8 -48.201392861011094 119.58681146874174
1 48.201392861011087 -1 1 0 
2 -339.00000000000023 -71.385418607730642 -1 2.8421709430404222e-15 -2.8421709430404222e-15 -1 26.999999999999773
1 8.8817841970012523e-16 -1 1 0 
2 -1.8951147966007292e-14 2761.4277857220609 -0.11882125112818692 -0.99291566121213559 0.99291566121213559 -0.11882125112818692 2880.0250000000397
1 0 -1 1 0 
2 338.99999999999932 -71.385418607730301 0.11882125112820867 -0.99291566121213304 0.99291566121213304 0.11882125112820867 27.000000000000679
1 8.8817841970012523e-16 -1 1 0 
8 -35.692709303865144 132.09549502588732
1 366 -35.692709303865158 0 1 
8 -35.692709303865144 132.09549502588732
1 35.692709303865144 -1 1 0 
2 357.00000000000006 96.402785722022173 1 -1.6283271027835706e-15 1.6283271027835706e-15 1 8.9999999999999432
1 6.2831853071795862 -1 1 0 
1 7.8539816339744846 0 0 -1 
1 0 0 0 -1 
1 6.2831853071795862 -5.5 1 0 
2 357.00000000000023 96.468545848368279 1 -1.6283271027835706e-15 1.6283271027835706e-15 1 8.9999999999999432
2 357.00000000000023 96.468545848368279 1 -1.6283271027835706e-15 1.6283271027835706e-15 1 8.9999999999999432
1 6.283185307179588 0 0 -1 
1 167.78820432975246 0 0 -1 
1 366.00000000000017 -71.319658481384451 0 1 
1 -2.5579538487363607e-13 -5.5 1 0 
1 366.00000000000017 -71.319658481384451 0 1 
1 0 0 0 -1 
1 1.451693688127726 0 0 -1 
1 0.23820527733429753 0 0 -1 
1 -2.2204460492503131e-14 0 0 -1 
1 1.451693688127726 -5.5 -1 -0 
2 338.99999999999949 -71.319658481384195 1 0 0 -1 27.000000000000682
1 1.4516936881277509 0 0 -1 
1 0 0 0 -1 
1 0.23820527733429753 -5.5 -1 -0 
2 1.7976086125850838e-13 2761.4935458484069 0.11882125112818648 -0.99291566121213559 -0.99291566121213559 -0.11882125112818648 2880.0250000000397
1 167.78820432975283 0 0 -1 
1 2.6645352591003757e-15 0 0 -1 
1 1.4516936881277509 -5.5 -1 -0 
2 -339.00000000000006 -71.319658481384536 -0.11882125112818756 -0.99291566121213548 -0.99291566121213548 0.11882125112818756 26.999999999999783
1 -365.99999999999983 96.468545848368265 0 -1 
1 1.4210854715202004e-14 -5.5 1 0 
1 -365.99999999999983 96.468545848368265 0 -1 
1 7.8539816339744872 0 0 -1 
1 -5.3290705182007514e-15 0 0 -1 
1 6.2831853071795862 -5.5 1 0 
2 -356.99999999999989 96.468545848368279 4.7369515717340089e-15 1 -1 4.7369515717340089e-15 8.9999999999999591
2 -356.99999999999989 96.468545848368279 4.7369515717340089e-15 1 -1 4.7369515717340089e-15 8.9999999999999591
1 6.2831853071795916 0 0 -1 
1 714 0 0 -1 
1 -356.99999999999983 105.46854584836827 1 0 
8 0 1.5707963267948966
1 1.570796326794903 0 0 1 
8 0 1.5707963267948966
1 0 0 1 0 
1 0 0 0 1 
1 0 -1.4999999999999998 1 0 
8 0 1.5707963267948966
1 0 167.78820432975272 1 0 
8 0 1.5707963267948966
1 0 0 0 1 
1 1.570796326794903 0 0 -1 
1 0 0 0 -1 
1 0 0 0 1 
1 0 -64 1 0 
1 0 0 0 -1 
1 167.78820432975272 0 0 -1 
8 0 1.5707963267948966
1 0 714 1 0 
8 0 1.5707963267948966
1 0 0 0 1 
1 0 0 1 0 
1 0 -1.5 1 0 
1 0 0 1 0 
1 0 -1.5 1 0 
1 0 0 1 0 
1 0 -64 1 0 
1 0 0 1 0 
1 0 -64 1 0 
8 0 1.5707963267948966
1 0 167.78820432975272 1 0 
8 0 1.5707963267948966
1 0 0 0 1 
8 0 1.5707963267948966
1 1.4516936881277174 0 0 1 
8 0 1.5707963267948966
1 0 0 1 0 
8 0 1.5707963267948966
1 1.570796326794903 0 0 1 
8 0 1.5707963267948966
1 0 0 1 0 
8 0 1.5707963267948966
1 0 167.78820432975272 1 0 
8 0 1.5707963267948966
1 0 0 0 1 
8 0 1.5707963267948966
1 0 714 1 0 
8 0 1.5707963267948966
1 0 0 0 1 
1 0 0 1 0 
1 0 -64 1 0 
1 0 0 1 0 
1 0 -64 1 0 
8 0 1.5707963267948966
1 0 0 1 0 
8 0 1.5707963267948966
1 1.570796326794903 0 0 1 
1 1.5707963267948966 0 0 -1 
1 0 0 0 -1 
8 0 2
1 1.5707963267948966 0 0 -1 
1 0 0 0 -1 
1 4.6134225749691025 0 0 -1 
1 114.52453703166262 0 0 -1 
8 0 2
1 4.6134225749691025 0 0 -1 
1 114.52453703166262 0 0 -1 
1 7.8539816339744828 0 0 -1 
1 622 0 0 -1 
8 0 2
1 7.8539816339744828 0 0 -1 
1 622 0 0 -1 
1 1.5707963267968763 0 0 -1 
1 0 0 0 -1 
8 0 2
1 1.5707963267968763 0 0 -1 
1 0 0 0 -1 
1 6.2831853071795862 0 0 -1 
1 0 0 0 -1 
8 0 2
1 6.2831853071795862 0 0 -1 
1 0 0 0 -1 
1 1.6697627322124733 0 0 -1 
1 0 0 0 -1 
8 0 2
1 1.6697627322124733 0 0 -1 
1 0 0 0 -1 
1 6.2831853071795862 0 0 -1 
1 82.831206207659307 0 0 -1 
8 0 2
1 6.2831853071795862 0 0 -1 
1 82.831206207659307 0 0 -1 
1 1.5707963267948966 0 0 -1 
1 349.99999999999841 0 0 -1 
8 0 2
1 1.5707963267948966 0 0 -1 
1 349.99999999999841 0 0 -1 
1 4.8113553858002769 0 0 -1 
1 114.52453703166097 0 0 -1 
8 0 2
1 4.8113553858002769 0 0 -1 
1 114.52453703166097 0 0 -1 
1 1.6697627322104838 0 0 -1 
1 0 0 0 -1 
8 0 2
1 1.6697627322104838 0 0 -1 
1 0 0 0 -1 
1 6.2831853071795862 -0 0 1 
1 0 -0 0 1 
8 7.2000000000000028 16.000000599999993
1 183.65799805408972 -53 0 -1 
8 7.2000000000000028 16.000000599999993
1 6.1382338011763595 0 0 1 
1 0 0 1 0 
1 0 4 1 0 
1 0 0 1 0 
1 0 0 1 0 
1 0 0 0 1 
1 0 0 1 0 
1 0 0 0 -1 
1 0 0 0 1 
1 0 0 0 1 
1 0 155 1 0 
1 0 0 0 -1 
1 4 0 0 1 
1 0 0 1 0 
1 0 0 1 0 
8 -36.5 -35.5
1 334.72938184857037 -25.5 0 1 
8 -36.5 -35.5
1 -25.5 -19.699999999999989 -1 -0 
1 11 0 0 -1 
1 0 0 0 1 
8 44.399999999999999 57.600000000000001
1 -45.5 -51.449406722191185 1 0 
8 44.399999999999999 57.600000000000001
1 3.7198096953754516 0 0 1 
1 0 0 0 -1 
1 0 0 0 1 
2 17 62.543999999999983 1 0 -0 1 20.300000000000001
1 0 45.5 1 0 
1 0 0 0 -1 
1 4 0 0 1 
1 0 0 0 1 
1 0 0 1 0 
2 17 62.543999999999983 1 0 -0 1 20.300000000000001
1 0 56.5 1 0 
8 44.399999999999999 57.600000000000001
1 -45.5 -46.952656247776446 1 0 
8 44.399999999999999 57.600000000000001
1 4.0173777192197626 0 0 1 
1 11 0 0 -1 
1 4 0 0 1 
8 167.36469092428518 171.36469092428518
1 167.36469092428518 -62 1 0 
8 167.36469092428518 171.36469092428518
1 -167.36469092428518 19.699999999999989 1 0 
1 0 0 1 0 
1 0 4 1 0 
8 -36.5 -35.5
1 338.72938184857037 -25.5 0 1 
8 -36.5 -35.5
1 -25.5 -19.699999999999989 -1 -0 
8 -36.5 -35.5
1 238.7293818485704 -25.5 0 1 
8 -36.5 -35.5
1 -25.5 -19.699999999999989 -1 -0 
8 119.3646909242852 123.3646909242852
1 119.3646909242852 -62 1 0 
8 119.3646909242852 123.3646909242852
1 -119.3646909242852 19.699999999999989 1 0 
8 -36.5 -35.5
1 242.7293818485704 -25.5 0 1 
8 -36.5 -35.5
1 -25.5 -19.699999999999989 -1 -0 
1 0 0 0 -1 
1 349.50476369714164 0 0 -1 
1 11 0 0 -1 
1 0 0 0 1 
8 187.48849999999979 191.48849999999979
1 187.48849999999973 -62 1 0 
8 187.48849999999979 191.48849999999979
1 -187.48849999999979 138.69999999999987 1 3.1985846625856601e-16 
1 11 0 0 -1 
1 4 0 0 1 
1 4.8113553858002769 0 0 -1 
1 114.27691888023182 0 0 -1 
8 -69.000000599999979 -60.9999994
1 5.7854431576150205 0 0 1 
8 -69.000000599999979 -60.9999994
1 4.4844845077165907 -53 0 -1 
8 7.2000000000000028 16.000000599999993
1 77.055728090001082 -53 0 -1 
8 7.2000000000000028 16.000000599999993
1 1.4594553124539262 0 0 1 
1 6.2831853071795862 -0 0 1 
1 0 -0 0 1 
8 7.2000000000000028 16.000000599999993
1 9.9442719099994008 -53 0 -1 
8 7.2000000000000028 16.000000599999993
1 4.8237299947256531 0 0 1 
8 7.2000000000000028 16.000000599999993
1 612.05572809000091 -53 0 -1 
8 7.2000000000000028 16.000000599999993
1 3.0302516392488026 0 0 1 
1 6.2831853071795862 -0 0 1 
1 0 -0 0 1 
8 54.700000000000003 63.500000599999993
1 565.3288046425464 -5.5 0 -1 
8 54.700000000000003 63.500000599999993
1 1.0067955015607362 0 0 1 
8 54.700000000000003 63.500000599999993
1 543.62519535745264 -5.5 0 -1 
8 54.700000000000003 63.500000599999993
1 2.1347971520290572 0 0 1 
8 54.700000000000003 63.500000599999993
1 529.3288046425464 -5.5 0 -1 
8 54.700000000000003 63.500000599999993
1 1.0067955015607362 0 0 1 
8 54.700000000000003 63.500000599999993
1 507.6251953574527 -5.5 0 -1 
8 54.700000000000003 63.500000599999993
1 2.1347971520290572 0 0 1 
8 44.399999999999999 57.600000000000001
1 -45.5 -117.13534375222352 1 0 
8 44.399999999999999 57.600000000000001
1 2.2658075879598241 0 0 1 
8 -36.5 -35.5
1 474.97699999999952 -25.5 0 1 
8 -36.5 -35.5
1 -25.5 -138.69999999999993 -1 -0 
1 0 -155 1 0 
1 0 4 1 0 
1 0 0 0 1 
1 0 155 1 0 
2 17 101.54399999999998 1 0 -0 1 20.300000000000001
1 0 45.5 1 0 
8 235.48849999999979 239.48849999999979
1 235.48849999999973 -62 1 0 
8 235.48849999999979 239.48849999999979
1 -235.48849999999979 138.69999999999987 1 3.1985846625856601e-16 
2 17 101.54399999999998 1 0 -0 1 20.300000000000001
1 0 56.5 1 0 
8 44.399999999999999 57.600000000000001
1 -45.5 -112.63859327780878 1 0 
8 44.399999999999999 57.600000000000001
1 2.5633756118041346 0 0 1 
1 0 -155 1 0 
1 0 0 1 0 
8 -36.5 -35.5
1 470.97699999999952 -25.5 0 1 
8 -36.5 -35.5
1 -25.5 -138.69999999999993 -1 -0 
8 -36.5 -35.5
1 378.97699999999952 -25.5 0 1 
8 -36.5 -35.5
1 -25.5 -138.69999999999993 -1 -0 
1 0 -155 1 0 
1 0 4 1 0 
1 0 -155 1 0 
1 0 0 1 0 
8 -36.5 -35.5
1 374.97699999999952 -25.5 0 1 
8 -36.5 -35.5
1 -25.5 -138.69999999999993 -1 -0 
8 7.2000000000000028 16.000000599999993
1 319.94427190999909 -53 0 -1 
8 7.2000000000000028 16.000000599999993
1 0.11134101434098137 0 0 1 
1 6.2831853071795862 -0 0 1 
1 0 -0 0 1 
8 7.2000000000000028 16.000000599999993
1 302.05572809000085 -53 0 -1 
8 7.2000000000000028 16.000000599999993
1 3.0302516392488119 0 0 1 
8 54.700000000000003 63.500000599999993
1 174.6057674159463 -5.5 0 -1 
8 54.700000000000003 63.500000599999993
1 1.0547029876021081 0 0 1 
8 54.700000000000003 63.500000599999993
1 154.57023258405277 -5.5 0 -1 
8 54.700000000000003 63.500000599999993
1 2.0868896659876852 0 0 1 
8 44.399999999999999 57.600000000000001
1 -45.5 -119.53759836076058 1 0 
8 44.399999999999999 57.600000000000001
1 2.478638165701649 0 0 1 
1 11 0 0 -1 
1 4 0 0 1 
8 -36.5 -35.5
1 115.58799999999954 -25.5 0 1 
8 -36.5 -35.5
1 -25.5 -138.69999999999982 -1 -0 
1 0 -155 1 0 
1 0 4 1 0 
1 0 0 0 -1 
1 4 0 0 1 
1 0 0 0 -1 
1 0 0 0 1 
1 0 0 0 1 
1 0 155 1 0 
2 20 107.04399999999998 1 0 -0 1 20.300000000000001
1 0 45.5 1 0 
1 11 0 0 -1 
1 0 0 0 1 
8 55.793999999999784 59.793999999999784
1 55.793999999999755 -62 1 0 
8 55.793999999999784 59.793999999999784
1 -55.793999999999784 138.69999999999982 1 3.1985846625856601e-16 
2 20 107.04399999999998 1 0 -0 1 20.300000000000001
1 0 56.5 1 0 
8 44.399999999999999 57.600000000000001
1 -45.5 -110.52106773014273 1 0 
8 44.399999999999999 57.600000000000001
1 2.9694597452237415 0 0 1 
1 0 -155 1 0 
1 0 0 1 0 
8 -36.5 -35.5
1 111.58799999999954 -25.5 0 1 
8 -36.5 -35.5
1 -25.5 -138.69999999999982 -1 -0 
1 0 -155 1 0 
1 0 4 1 0 
1 0 -155 1 0 
1 0 0 1 0 
1 0 0 0 1 
1 0 155 1 0 
1 0 0 0 -1 
1 0 0 0 1 
1 0 0 0 -1 
1 4 0 0 1 
1 0 0 0 1 
1 0 0 1 0 
8 -36.5 -35.5
1 15.587999999999511 -25.5 0 1 
8 -36.5 -35.5
1 -25.5 -138.69999999999982 -1 -0 
8 7.7939999999997553 11.793999999999755
1 7.7939999999997553 -62 1 0 
8 7.7939999999997553 11.793999999999755
1 -7.7939999999997553 138.69999999999982 1 3.1985846625856601e-16 
8 -36.5 -35.5
1 19.587999999999511 -25.5 0 1 
8 -36.5 -35.5
1 -25.5 -138.69999999999982 -1 -0 
8 7.2000000000000028 16.000000599999993
1 9.944271909999145 -53 0 -1 
8 7.2000000000000028 16.000000599999993
1 0.11134101434096877 0 0 1 
1 11 0 0 -1 
1 0 0 0 1 
1 11 0 0 -1 
1 4 0 0 1 
1 6.2831853071795853 -62 -1 0 
2 9.4120000000002619 55.868793792340682 1 0 0 -1 25
1 6.2831853071795862 -0 0 1 
1 0 -0 0 1 
8 7.2000000000000028 16.000000599999993
1 9.9442719099991024 -53 0 -1 
8 7.2000000000000028 16.000000599999993
1 4.6010479660437262 0 0 1 
8 7.2000000000000028 16.000000599999993
1 77.055728090000812 -53 0 -1 
8 7.2000000000000028 16.000000599999993
1 1.6821373411358986 0 0 1 
1 6.2831853071795862 -0 0 1 
1 0 -0 0 1 
8 -69.000000599999979 -60.9999994
1 3.6393348031543615 0 0 1 
8 -69.000000599999979 -60.9999994
1 4.9402934530527691 -53 0 -1 
1 0 0 1 0 
1 0 0 1 0 
8 -63.100000000000001 -60.9999994
1 4.3263951840762633 0 0 1 
8 -63.100000000000001 -60.9999994
1 -51 -32.708175147753593 -1 -0 
1 0 0 1 0 
1 0 4 1 0 
8 -63.100000000000001 -60.9999994
1 4.4941814570798275 0 0 1 
8 -63.100000000000001 -60.9999994
1 -51 -31.461617470611088 -1 -0 
1 4.6134225749691025 0 0 -1 
1 114.27691888023188 0 0 -1 
8 58.25 66.249999999999972
1 111.50523321159869 -2.75 0 -1 
8 58.25 66.249999999999972
1 -2.75 -3.4732670504964176 1 0 
1 0 0 1 0 
1 0 0 1 0 
8 -66.249999999999972 -58.25
1 76.352463409734654 -2.75 0 1 
8 -66.249999999999972 -58.25
1 -2.75 34.980761008571278 -1 0 
1 0 0 1 0 
1 0 0 1 0 
8 35.5 36.5
1 24.780875409390568 -25.5 0 -1 
8 35.5 36.5
1 -25.5 -22.148472724255384 1 0 
8 44.399999999999999 57.600000000000001
1 -45.5 -52.952656247776446 1 0 
8 44.399999999999999 57.600000000000001
1 4.0173777192197626 0 0 1 
2 13 68.543999999999983 1 0 -0 1 20.300000000000001
1 0 45.5 1 0 
1 0 0 0 1 
1 0 0 1 0 
2 13 68.543999999999983 1 0 -0 1 20.300000000000001
1 0 56.5 1 0 
8 44.399999999999999 57.600000000000001
1 -45.5 -50.348121345755231 1 0 
8 44.399999999999999 57.600000000000001
1 4.2530566358725457 0 0 1 
8 9.4649579223543938 13.484626881900541
1 11.296248527490027 -62 1 0 
8 9.4649579223543938 13.484626881900541
1 13.418644189468836 20.81612507423722 -0.99510682104817694 0.098804932586342362 
1 0 0 1 0 
1 0 4 1 0 
8 35.5 36.5
1 20.761206449844419 -25.5 0 -1 
8 35.5 36.5
1 -25.5 -21.751309603688014 1 0 
2 -339.00000000000006 -71.319658481384536 -1 2.8421709430404222e-15 -2.8421709430404222e-15 -1 24.999999999999773
1 6.2831853071795871 -9.9999999999766942e-05 1 0 
2 -339.00000000000006 -71.319658481384536 -1 2.8421709430404222e-15 -2.8421709430404222e-15 -1 24.999999999999773
2 -339 -71.301869199423436 -1 2.8421709430404222e-15 -2.8421709430404222e-15 -1 24.999999999999773
8 -55.50010060000001 -9.9399999999860711e-05
1 6.3316761349906621 0 0 1 
8 -55.50010060000001 -9.9399999999860711e-05
1 -9.9999999999766942e-05 18.970613754042347 -1 0 
1 6.2831853071795889 0 0 -1 
1 167.78820432975283 0 0 -1 
8 -48.23427292418414 119.55393140556869
1 -363.99999999999983 48.23427292418414 0 -1 
8 -48.23427292418414 119.55393140556869
1 48.23427292418414 -9.9999999999766942e-05 1 0 
1 -363.99999999999983 48.23427292418414 0 -1 
1 -363.99999999999977 48.25206220614524 0 -1 
1 7.8539816339744872 0 0 -1 
1 -3.5527136788005009e-15 0 0 -1 
1 0 0 0 1 
1 0 8 1 0 
1 -344.99999999999983 -72.531454151631735 -1 0 
1 -344.99999999999977 -72.513664869670635 -1 0 
1 0 -8 1 0 
1 0 0 1 0 
8 -9 0
1 0 4 -1 0 
8 -9 0
1 12 0 0 -1 
8 -5.999999999062311e-07 12.0000006
1 0.46055399168132383 0 0 1 
8 -5.999999999062311e-07 12.0000006
1 0 8.0622577482985207 1 0 
1 0 12 1 0 
2 0 0 1 0 -0 1 9
8 -5.999999999062311e-07 12.0000006
1 5.8226313154982625 0 0 1 
8 -5.999999999062311e-07 12.0000006
1 0 8.0622577482985207 1 0 
1 0 0 1 0 
2 0 0 1 0 -0 1 9
2 -344.99999999999983 -76.531454151631735 -1 0 0 1 9
2 -344.99999999999977 -76.513664869670635 -1 0 0 1 9
8 -2 6
1 0 -2 0 1 
8 -2 6
1 12 -2 0 -1 
8 -3.2042939940023984 1.0680979980008374
1 1.0680979980007805 3.6999999999999886 1 -1.0394392899370617e-16 
8 -3.2042939940023984 1.0680979980008374
1 1.0680979980008374 -3.4000000000000004 -1 -0 
8 -3.204293994002446 1.0680979980007863
1 -2.6702449950020082 2.7750000000000057 0.50000000000000022 0.8660254037844386 
8 -3.204293994002446 1.0680979980007863
1 1.0680979980007863 -3.4000000000000004 -1 0 
8 -3.2042939940023905 1.0680979980008392
1 -3.7383429930027887 -0.92500000000001137 -0.49999999999999978 0.86602540378443882 
8 -3.2042939940023905 1.0680979980008392
1 1.0680979980008392 -3.4000000000000004 -1 -0 
8 -3.2042939940023984 1.0680979980008374
1 -1.0680979980007805 -3.6999999999999886 -1 7.2760750295594312e-16 
8 -3.2042939940023984 1.0680979980008374
1 1.0680979980008374 -3.4000000000000004 -1 -0 
8 -9 0
1 0 -4 -1 0 
8 -9 0
1 12 0 0 -1 
1 -2.1361959960016179 -3.6999999999999886 1 -7.2760750295594312e-16 
1 0 0 1 0 
1 0 0 0 -1 
1 4.2723919920032358 0 0 -1 
1 -2.1361959960016179 -3.6999999999999886 1 -7.2760750295594312e-16 
1 0 -4.4000000000000004 1 0 
8 7.6999999999999993 8.6999999999999993
1 4.3000000000000007 -0.30000000000001137 1 0 
8 7.6999999999999993 8.6999999999999993
1 2.1361959960016179 4.2999999999999989 0 -1 
1 4.2723919920032225 0 0 -1 
1 0 0 0 -1 
1 0 -4.4000000000000004 1 0 
1 2.1361959960016179 -3.6999999999999886 0.50000000000000033 0.86602540378443849 
1 0 -4.4000000000000004 1 0 
1 4.2723919920032358 0 -0.49999999999999994 0.86602540378443871 
1 2.1361959960016179 3.6999999999999886 -1 1.0394392899370617e-16 
1 0 -4.4000000000000004 1 0 
1 0 0 0 -1 
1 4.2723919920032225 0 0 -1 
1 4.2723919920032225 0 0 -1 
1 0 0 0 -1 
1 0 0 1 0 
1 4.2723919920032358 0 -0.49999999999999994 0.86602540378443871 
1 0 0 1 0 
1 2.1361959960016179 -3.6999999999999886 0.50000000000000033 0.86602540378443849 
1 2.1361959960016179 3.6999999999999886 -1 1.0394392899370617e-16 
1 0 0 1 0 
1 -2.1361959960016179 3.6999999999999886 -0.50000000000000022 -0.8660254037844386 
1 0 0 1 0 
1 -4.2723919920032358 0 0.49999999999999978 -0.86602540378443882 
1 0 0 1 0 
1 0 9.5999999999999996 1 0 
2 0 0 1 0 -0 1 2.25
2 -344.99999999999983 -76.531454151631735 -1 0 0 1 2.25
1 0 1 1 0 
1 6.2831853071795862 -0 0 1 
1 0 -0 0 1 
1 4.2723919920032225 0 0 -1 
1 0 0 0 -1 
1 0 0 0 -1 
1 4.2723919920032358 0 0 -1 
8 -8.6999999999999993 -7.6999999999999993
1 4.3000000000000007 -7.6999999999999886 -1 0 
8 -8.6999999999999993 -7.6999999999999993
1 2.1361959960016179 4.2999999999999989 0 1 
2 -356.99999999999989 96.468545848368279 4.7369515717340089e-15 1 -1 4.7369515717340089e-15 6.9999999999999591
1 6.2831853071795862 -9.9999999999766942e-05 1 0 
2 -356.99999999999989 96.468545848368279 4.7369515717340089e-15 1 -1 4.7369515717340089e-15 6.9999999999999591
2 -356.99999999999983 96.48633513032938 4.7369515717340089e-15 1 -1 4.7369515717340089e-15 6.9999999999999591
1 6.2831853071795916 0 0 -1 
1 714 0 0 -1 
1 0 0 1 0 
1 0 0 1 0 
1 178.50000000000011 103.46854584836827 -1 0 
1 178.50000000000014 103.48633513032937 -1 0 
8 -55.500050000000002 -4.9999999999883471e-05
1 701 -4.9999999999883471e-05 0 1 
8 -55.500050000000002 -4.9999999999883471e-05
1 -4.9999999999883471e-05 -10 -1 -0 
1 0 0 0 1 
1 0 0 1 0 
1 -344.99999999999983 -80.531454151631735 -1 0 
1 -344.99999999999977 -80.513664869670635 -1 0 
8 -55.50010060000001 -9.9399999999860711e-05
1 6.6605499560446635 0 0 1 
8 -55.50010060000001 -9.9399999999860711e-05
1 -9.9999999999766942e-05 17.240972882597134 -1 0 
1 0 0 1 0 
1 0 8 1 0 
1 0 0 0 -1 
1 8 0 0 1 
1 -343.99999999999983 93.468545848368265 0 1 
1 -343.99999999999977 93.486335130329365 0 1 
8 -5.999999999062311e-07 12.0000006
1 1.1102423351135742 0 0 1 
8 -5.999999999062311e-07 12.0000006
1 0 -8.0622577482985491 1 0 
8 0 12
1 7.39342764229316 0 0 1 
8 0 9
1 4 0 0 1 
8 0 9
1 12 0 0 -1 
8 -8.6999999999999993 -4.2999999999999989
1 4.3000000000000007 -0.47179676972450224 -1 0 
8 -8.6999999999999993 -4.2999999999999989
1 0.54478398400647376 4.2999999999999989 0 1 
8 -3.7000000000000015 0
1 13 0 0 1 
8 -3.7000000000000015 0
1 3.9999999999999432 0 0 -1 
1 0 -4.4000000000000004 1 0 
1 4.272391992003179 0 -0.49999999999999994 0.86602540378443871 
1 2.1361959960015611 3.7000000000000011 -1 1.0394392899370617e-16 
1 0 -4.4000000000000004 1 0 
1 -2.1361959960016748 3.7000000000000011 -0.50000000000000022 -0.8660254037844386 
1 0 -4.4000000000000004 1 0 
8 -3.7000000000000015 0
1 13 0 0 1 
8 -3.7000000000000015 0
1 -4.0000000000000568 0 0 -1 
1 0 0 1 0 
1 -2.1361959960016748 3.7000000000000011 -0.50000000000000022 -0.8660254037844386 
1 4.2723919920032332 0 0 -1 
1 0 0 0 -1 
8 -3.2042939940024424 1.0680979980007907
1 -2.6702449950020082 2.7750000000000128 0.50000000000000022 0.8660254037844386 
8 -3.2042939940024424 1.0680979980007907
1 1.0680979980007907 -3.4000000000000004 -1 0 
8 -8.6999999999999993 -4.2999999999999989
1 4.3000000000000007 -0.47179676972455908 -1 0 
8 -8.6999999999999993 -4.2999999999999989
1 3.72760800799671 4.2999999999999989 0 1 
1 0 0 0 -1 
1 4.2723919920032358 0 0 -1 
1 0 0 1 0 
1 -4.2723919920032927 0 0.49999999999999978 -0.86602540378443882 
1 4.2723919920032341 0 0 -1 
1 0 0 0 -1 
8 -3.2042939940024073 1.0680979980008269
1 -3.7383429930027887 -0.92499999999999716 -0.49999999999999978 0.86602540378443882 
8 -3.2042939940024073 1.0680979980008269
1 1.0680979980008269 -3.4000000000000004 -1 -0 
1 -2.1361959960016748 -3.6999999999999993 1 -7.2760750295594312e-16 
1 0 0 1 0 
1 0 0 0 -1 
1 4.2723919920032358 0 0 -1 
8 -3.2042939940023984 1.0680979980008374
1 -1.0680979980007805 -3.7000000000000028 -1 7.2760750295594312e-16 
8 -3.2042939940023984 1.0680979980008374
1 1.0680979980008374 -3.4000000000000004 -1 -0 
1 0 0 1 0 
1 2.1361959960015611 -3.7000000000000028 0.50000000000000033 0.86602540378443849 
1 0 0 0 -1 
1 4.2723919920032341 0 0 -1 
8 -3.204293994002442 1.0680979980007923
1 2.6702449950020082 -2.7750000000000128 -0.50000000000000033 -0.86602540378443849 
8 -3.204293994002442 1.0680979980007923
1 1.0680979980007923 -3.4000000000000004 -1 -0 
1 0 0 1 0 
1 4.272391992003179 0 -0.49999999999999994 0.86602540378443871 
1 2.1361959960015611 3.7000000000000011 -1 1.0394392899370617e-16 
1 0 0 1 0 
1 0 9.5999999999999996 1 0 
2 -5.6843418860808015e-14 0 1 0 -0 1 2.25
1 6.2831853071795862 -0 0 1 
1 0 -0 0 1 
2 -339.99999999999983 93.468545848368265 -1 0 0 1 2.25
1 0 1 1 0 
1 4.2723919920032341 0 0 -1 
1 0 0 0 -1 
8 -3.2042939940024073 1.0680979980008269
1 3.7383429930027887 0.92499999999999716 0.49999999999999994 -0.86602540378443871 
8 -3.2042939940024073 1.0680979980008269
1 1.0680979980008269 -3.4000000000000004 -1 -0 
1 7.39342764229316 12 -1 -0 
2 0 0 0.44444444444444442 0.89580641647761661 0.89580641647761661 -0.44444444444444442 9
8 0 9
1 -4 0 0 1 
8 0 9
1 12 0 0 -1 
1 7.3934276422931688 0 -1 -0 
2 -339.99999999999983 93.468545848368265 -0.4444444444444372 0.89580641647762027 -0.89580641647762027 -0.4444444444444372 9.0000000000000053
2 -339.99999999999977 93.486335130329365 -0.4444444444444372 0.89580641647762027 -0.89580641647762027 -0.4444444444444372 9.0000000000000053
8 -5.999999999062311e-07 12.0000006
1 2.0313503184762189 0 0 1 
8 -5.999999999062311e-07 12.0000006
1 0 -8.0622577482985491 1 0 
8 0 12
1 2.0313503184762189 0 0 1 
2 -339.00000000000006 -71.319658481384536 -1 2.8421709430404222e-15 -2.8421709430404222e-15 -1 24.999999999999773
2 -339 -71.301869199423436 -1 2.8421709430404222e-15 -2.8421709430404222e-15 -1 24.999999999999773
1 7.7348789953073371 0 0 -1 
1 6.2831853071795862 0 0 -1 
1 0 0 1 0 
1 0 0 1 0 
2 1.7976086125850838e-13 2761.4935458484069 -0.11882125112818692 -0.99291566121213559 0.99291566121213559 -0.11882125112818692 2878.0250000000397
1 6.2831853071795862 -9.9999999999766942e-05 1 0 
2 1.7976086125850838e-13 2761.4935458484069 -0.11882125112818692 -0.99291566121213559 0.99291566121213559 -0.11882125112818692 2878.0250000000397
2 2.0142448210393491e-13 2761.511335130368 -0.11882125112818692 -0.99291566121213559 0.99291566121213559 -0.11882125112818692 2878.0250000000397
8 -55.50010060000001 -9.9399999999860711e-05
1 6.3644056916215863 0 0 1 
8 -55.50010060000001 -9.9399999999860711e-05
1 -9.9999999999766942e-05 -7.0648297916213778 -1 0 
8 -55.500050000000002 -4.9999999999883471e-05
1 693 -4.9999999999883471e-05 0 1 
8 -55.500050000000002 -4.9999999999883471e-05
1 -4.9999999999883471e-05 -10 -1 -0 
1 0 0 0 -1 
1 0 0 0 1 
1 -335.99999999999983 93.468545848368265 0 1 
1 -335.99999999999977 93.486335130329365 0 1 
1 0 -20 1 0 
1 0 8 1 0 
8 -10 -6.3000000000000007
1 13 -10 0 1 
8 -10 -6.3000000000000007
1 3.9999999999999858 -10 0 -1 
8 4.2999999999999989 8.6999999999999993
1 4.3000000000000007 -19.528203230275494 1 0 
8 4.2999999999999989 8.6999999999999993
1 3.7276080079967455 4.2999999999999989 0 -1 
8 1 10
1 4 -10 0 1 
8 1 10
1 12 -10 0 -1 
8 -5.999999999062311e-07 12.0000006
1 5.1729429720660125 0 0 1 
8 -5.999999999062311e-07 12.0000006
1 0 -11.937742251701451 1 0 
8 0 12
1 5.1729429720660125 0 0 1 
1 0 0 0 -1 
1 8 0 0 1 
1 -108.99999999999982 -121.53145415163173 0 1 
1 -108.9999999999998 -121.51366486967063 0 1 
1 10.535020295882953 0 -1 -0 
2 -104.99999999999982 -101.53145415163173 0.44444444444444442 -0.89580641647761661 0.89580641647761661 0.44444444444444442 9
2 -104.9999999999998 -101.51366486967063 0.44444444444444442 -0.89580641647761661 0.89580641647761661 0.44444444444444442 9
8 -5.999999999062311e-07 12.0000006
1 4.2518349887033668 0 0 1 
8 -5.999999999062311e-07 12.0000006
1 0 -11.937742251701451 1 0 
8 0 12
1 10.535020295882953 0 0 1 
1 5.1729429720660125 12 1 0 
2 0 0 0.44444444444444442 -0.89580641647761661 0.89580641647761661 0.44444444444444442 9
8 -3.2042939940024233 1.0680979980008107
1 2.6702449950020082 -2.7749999999999773 -0.50000000000000033 -0.86602540378443849 
8 -3.2042939940024233 1.0680979980008107
1 1.0680979980008107 -3.4000000000000004 -1 -0 
8 -3.2042939940024135 1.0680979980008178
1 3.7383429930028313 0.92500000000001137 0.49999999999999994 -0.86602540378443871 
8 -3.2042939940024135 1.0680979980008178
1 1.0680979980008178 -3.4000000000000004 -1 -0 
8 -3.2042939940024269 1.068097998000809
1 1.068097998000809 3.6999999999999886 1 -1.0394392899370617e-16 
8 -3.2042939940024269 1.068097998000809
1 1.068097998000809 -3.4000000000000004 -1 -0 
8 -3.2042939940024215 1.0680979980008107
1 -2.6702449950020082 2.7749999999999773 0.50000000000000022 0.8660254037844386 
8 -3.2042939940024215 1.0680979980008107
1 1.0680979980008107 -3.4000000000000004 -1 0 
8 -3.2042939940024118 1.0680979980008178
1 -3.7383429930028313 -0.92500000000001137 -0.49999999999999978 0.86602540378443882 
8 -3.2042939940024118 1.0680979980008178
1 1.0680979980008178 -3.4000000000000004 -1 -0 
8 1 10
1 -4 -10 0 1 
8 1 10
1 12 -10 0 -1 
1 0 0 1 0 
1 -4.27239199200325 0 0.49999999999999978 -0.86602540378443882 
1 4.2723919920032154 0 0 -1 
1 0 0 0 -1 
1 -4.27239199200325 0 0.49999999999999978 -0.86602540378443882 
1 0 -4.4000000000000004 1 0 
8 4.2999999999999989 8.6999999999999993
1 4.3000000000000007 -19.528203230275494 1 0 
8 4.2999999999999989 8.6999999999999993
1 0.54478398400647687 4.2999999999999989 0 -1 
1 4.2723919920032225 0 0 -1 
1 0 0 0 -1 
1 0 0 0 -1 
1 4.2723919920032358 0 0 -1 
1 -2.1361959960016321 -3.6999999999999886 1 -7.2760750295594312e-16 
1 0 0 1 0 
1 -2.1361959960016321 -3.6999999999999886 1 -7.2760750295594312e-16 
1 0 -4.4000000000000004 1 0 
1 0 0 1 0 
1 4.2723919920032216 0 -0.49999999999999994 0.86602540378443871 
1 0 0 1 0 
1 2.1361959960016037 -3.6999999999999886 0.50000000000000033 0.86602540378443849 
1 2.1361959960016037 3.6999999999999886 -1 1.0394392899370617e-16 
1 0 0 1 0 
1 0 0 1 0 
1 -2.1361959960016321 3.6999999999999886 -0.50000000000000022 -0.8660254037844386 
1 0 9.5999999999999996 1 0 
2 -1.4210854715202004e-14 0 1 0 -0 1 2.25
1 6.2831853071795862 -0 0 1 
1 0 -0 0 1 
2 -104.99999999999982 -101.53145415163173 -1 0 0 1 2.25
1 0 1 1 0 
1 0 0 0 -1 
1 4.2723919920032358 0 0 -1 
1 4.2723919920032154 0 0 -1 
1 0 0 0 -1 
1 0 0 0 -1 
1 4.2723919920032225 0 0 -1 
1 0 -4.4000000000000004 1 0 
1 2.1361959960016037 -3.6999999999999886 0.50000000000000033 0.86602540378443849 
8 -10 -6.3000000000000007
1 13 -10 0 1 
8 -10 -6.3000000000000007
1 -4.0000000000000142 -10 0 -1 
1 178.50000000000011 103.46854584836827 -1 0 
1 178.50000000000014 103.48633513032937 -1 0 
8 -55.500050000000002 -4.9999999999883471e-05
1 461.00000000000006 -4.9999999999883471e-05 0 1 
8 -55.500050000000002 -4.9999999999883471e-05
1 -4.9999999999883471e-05 -10 -1 -0 
1 0 -20 1 0 
1 0 0 1 0 
1 0 0 1 0 
1 0 8 1 0 
1 0 0 0 -1 
1 8 0 0 1 
1 -103.99999999999982 93.468545848368265 0 1 
1 -103.9999999999998 93.486335130329365 0 1 
8 -5.999999999062311e-07 12.0000006
1 1.1102423351135742 0 0 1 
8 -5.999999999062311e-07 12.0000006
1 0 -8.0622577482985491 1 0 
8 0 12
1 7.39342764229316 0 0 1 
8 0 9
1 4 0 0 1 
8 0 9
1 12 0 0 -1 
8 -8.6999999999999993 -4.2999999999999989
1 4.3000000000000007 -0.47179676972450224 -1 0 
8 -8.6999999999999993 -4.2999999999999989
1 0.54478398400647376 4.2999999999999989 0 1 
8 -3.7000000000000015 0
1 13 0 0 1 
8 -3.7000000000000015 0
1 3.9999999999999716 0 0 -1 
1 0 -4.4000000000000004 1 0 
1 4.2723919920032074 0 -0.49999999999999994 0.86602540378443871 
1 2.1361959960015895 3.7000000000000011 -1 1.0394392899370617e-16 
1 0 -4.4000000000000004 1 0 
1 -2.1361959960016463 3.7000000000000011 -0.50000000000000022 -0.8660254037844386 
1 0 -4.4000000000000004 1 0 
8 -3.7000000000000015 0
1 13 0 0 1 
8 -3.7000000000000015 0
1 -4.0000000000000284 0 0 -1 
1 0 0 1 0 
1 -2.1361959960016463 3.7000000000000011 -0.50000000000000022 -0.8660254037844386 
1 4.2723919920032332 0 0 -1 
1 0 0 0 -1 
8 -3.204293994002426 1.0680979980008072
1 -2.6702449950020224 2.7750000000000021 0.50000000000000022 0.8660254037844386 
8 -3.204293994002426 1.0680979980008072
1 1.0680979980008072 -3.4000000000000004 -1 0 
8 -8.6999999999999993 -4.2999999999999989
1 4.3000000000000007 -0.47179676972450224 -1 0 
8 -8.6999999999999993 -4.2999999999999989
1 3.7276080079967593 4.2999999999999989 0 1 
1 0 0 0 -1 
1 4.2723919920032358 0 0 -1 
1 0 0 1 0 
1 -4.2723919920032642 0 0.49999999999999978 -0.86602540378443882 
1 4.2723919920032341 0 0 -1 
1 0 0 0 -1 
8 -3.2042939940024255 1.0680979980008085
1 -3.7383429930028313 -0.92500000000000071 -0.49999999999999978 0.86602540378443882 
8 -3.2042939940024255 1.0680979980008085
1 1.0680979980008085 -3.4000000000000004 -1 -0 
1 -2.1361959960016463 -3.6999999999999993 1 -7.2760750295594312e-16 
1 0 0 1 0 
1 0 0 0 -1 
1 4.2723919920032358 0 0 -1 
8 -3.2042939940024269 1.068097998000809
1 -1.068097998000809 -3.7000000000000028 -1 7.2760750295594312e-16 
8 -3.2042939940024269 1.068097998000809
1 1.068097998000809 -3.4000000000000004 -1 -0 
1 0 0 1 0 
1 2.1361959960015895 -3.7000000000000028 0.50000000000000033 0.86602540378443849 
1 0 0 0 -1 
1 4.2723919920032341 0 0 -1 
8 -3.2042939940024215 1.0680979980008127
1 2.6702449950020366 -2.7750000000000057 -0.50000000000000033 -0.86602540378443849 
8 -3.2042939940024215 1.0680979980008127
1 1.0680979980008127 -3.4000000000000004 -1 -0 
1 0 0 1 0 
1 4.2723919920032074 0 -0.49999999999999994 0.86602540378443871 
1 2.1361959960015895 3.7000000000000011 -1 1.0394392899370617e-16 
1 0 0 1 0 
1 0 9.5999999999999996 1 0 
2 -2.8421709430404007e-14 0 1 0 -0 1 2.25
1 6.2831853071795862 -0 0 1 
1 0 -0 0 1 
2 -99.999999999999815 93.468545848368265 -1 0 0 1 2.25
1 0 1 1 0 
1 4.2723919920032341 0 0 -1 
1 0 0 0 -1 
8 -3.2042939940024255 1.0680979980008085
1 3.7383429930028313 0.92500000000000071 0.49999999999999994 -0.86602540378443871 
8 -3.2042939940024255 1.0680979980008085
1 1.0680979980008085 -3.4000000000000004 -1 -0 
1 7.39342764229316 12 -1 -0 
2 0 0 0.44444444444444442 0.89580641647761661 0.89580641647761661 -0.44444444444444442 9
8 0 9
1 -4 0 0 1 
8 0 9
1 12 0 0 -1 
1 7.3934276422931688 0 -1 -0 
2 -99.999999999999815 93.468545848368265 -0.44444444444443731 0.89580641647762016 -0.89580641647762016 -0.44444444444443731 9.0000000000000036
2 -99.999999999999801 93.486335130329365 -0.44444444444443731 0.89580641647762016 -0.89580641647762016 -0.44444444444443731 9.0000000000000036
8 -5.999999999062311e-07 12.0000006
1 2.0313503184762189 0 0 1 
8 -5.999999999062311e-07 12.0000006
1 0 -8.0622577482985491 1 0 
8 0 12
1 2.0313503184762189 0 0 1 
1 0 0 0 -1 
1 0 0 0 1 
1 -100.99999999999982 -121.53145415163173 0 1 
1 -100.9999999999998 -121.51366486967063 0 1 
8 -55.50010060000001 -9.9399999999860711e-05
1 6.3671872282836599 0 0 1 
8 -55.50010060000001 -9.9399999999860711e-05
1 -9.9999999999766942e-05 -6.7727682537984037 -1 0 
1 0 0 1 0 
1 0 0 1 0 
2 1.7976086125850838e-13 2761.4935458484069 -0.11882125112818692 -0.99291566121213559 0.99291566121213559 -0.11882125112818692 2878.0250000000397
2 2.0142448210393491e-13 2761.511335130368 -0.11882125112818692 -0.99291566121213559 0.99291566121213559 -0.11882125112818692 2878.0250000000397
8 -55.50010060000001 -9.9399999999860711e-05
1 6.4373886634098101 0 0 1 
8 -55.50010060000001 -9.9399999999860711e-05
1 -9.9999999999766942e-05 -6.7727682537984037 -1 0 
1 0 -20 1 0 
1 0 8 1 0 
8 -10 -6.3000000000000007
1 13 -10 0 1 
8 -10 -6.3000000000000007
1 4 -10 0 -1 
8 4.2999999999999989 8.6999999999999993
1 4.3000000000000007 -19.528203230275523 1 0 
8 4.2999999999999989 8.6999999999999993
1 3.7276080079967704 4.2999999999999989 0 -1 
8 1 10
1 4 -10 0 1 
8 1 10
1 12 -10 0 -1 
8 -5.999999999062311e-07 12.0000006
1 5.1729429720660125 0 0 1 
8 -5.999999999062311e-07 12.0000006
1 0 -11.937742251701451 1 0 
8 0 12
1 5.1729429720660125 0 0 1 
1 0 0 0 -1 
1 8 0 0 1 
1 101.00000000000018 -121.53145415163173 0 1 
1 101.0000000000002 -121.51366486967063 0 1 
1 10.535020295882953 0 -1 -0 
2 105.00000000000018 -101.53145415163173 0.44444444444444442 -0.89580641647761661 0.89580641647761661 0.44444444444444442 9
2 105.0000000000002 -101.51366486967063 0.44444444444444442 -0.89580641647761661 0.89580641647761661 0.44444444444444442 9
8 -5.999999999062311e-07 12.0000006
1 4.2518349887033668 0 0 1 
8 -5.999999999062311e-07 12.0000006
1 0 -11.937742251701451 1 0 
8 0 12
1 10.535020295882953 0 0 1 
1 5.1729429720660125 12 1 0 
2 0 0 0.44444444444444442 -0.89580641647761661 0.89580641647761661 0.44444444444444442 9
8 -3.2042939940024162 1.0680979980008178
1 2.6702449950020224 -2.7749999999999773 -0.50000000000000033 -0.86602540378443849 
8 -3.2042939940024162 1.0680979980008178
1 1.0680979980008178 -3.4000000000000004 -1 -0 
8 -3.2042939940024207 1.0680979980008107
1 3.7383429930028456 0.92500000000001137 0.49999999999999994 -0.86602540378443871 
8 -3.2042939940024207 1.0680979980008107
1 1.0680979980008107 -3.4000000000000004 -1 -0 
8 -3.2042939940024269 1.068097998000809
1 1.068097998000809 3.6999999999999886 1 -1.0394392899370617e-16 
8 -3.2042939940024269 1.068097998000809
1 1.068097998000809 -3.4000000000000004 -1 -0 
8 -3.2042939940024144 1.0680979980008178
1 -2.6702449950020224 2.7749999999999773 0.50000000000000022 0.8660254037844386 
8 -3.2042939940024144 1.0680979980008178
1 1.0680979980008178 -3.4000000000000004 -1 0 
8 -3.2042939940024189 1.0680979980008107
1 -3.7383429930028456 -0.92500000000001137 -0.49999999999999978 0.86602540378443882 
8 -3.2042939940024189 1.0680979980008107
1 1.0680979980008107 -3.4000000000000004 -1 -0 
8 1 10
1 -4 -10 0 1 
8 1 10
1 12 -10 0 -1 
1 0 0 1 0 
1 -4.2723919920032358 0 0.49999999999999978 -0.86602540378443882 
1 4.2723919920032154 0 0 -1 
1 0 0 0 -1 
1 -4.2723919920032358 0 0.49999999999999978 -0.86602540378443882 
1 0 -4.4000000000000004 1 0 
8 4.2999999999999989 8.6999999999999993
1 4.3000000000000007 -19.528203230275494 1 0 
8 4.2999999999999989 8.6999999999999993
1 0.54478398400647687 4.2999999999999989 0 -1 
1 4.2723919920032225 0 0 -1 
1 0 0 0 -1 
1 0 0 0 -1 
1 4.2723919920032358 0 0 -1 
1 -2.1361959960016179 -3.6999999999999886 1 -7.2760750295594312e-16 
1 0 0 1 0 
1 -2.1361959960016179 -3.6999999999999886 1 -7.2760750295594312e-16 
1 0 -4.4000000000000004 1 0 
1 0 0 1 0 
1 4.2723919920032358 0 -0.49999999999999994 0.86602540378443871 
1 0 0 1 0 
1 2.1361959960016179 -3.6999999999999886 0.50000000000000033 0.86602540378443849 
1 2.1361959960016179 3.6999999999999886 -1 1.0394392899370617e-16 
1 0 0 1 0 
1 0 0 1 0 
1 -2.1361959960016179 3.6999999999999886 -0.50000000000000022 -0.8660254037844386 
1 0 9.5999999999999996 1 0 
2 0 0 1 0 -0 1 2.25
1 6.2831853071795862 -0 0 1 
1 0 -0 0 1 
2 105.00000000000018 -101.53145415163173 -1 0 0 1 2.25
1 0 1 1 0 
1 0 0 0 -1 
1 4.2723919920032358 0 0 -1 
1 4.2723919920032154 0 0 -1 
1 0 0 0 -1 
1 0 0 0 -1 
1 4.2723919920032225 0 0 -1 
1 0 -4.4000000000000004 1 0 
1 2.1361959960016179 -3.6999999999999886 0.50000000000000033 0.86602540378443849 
8 -10 -6.3000000000000007
1 13 -10 0 1 
8 -10 -6.3000000000000007
1 -4 -10 0 -1 
1 0 -20 1 0 
1 0 0 1 0 
1 0 0 0 -1 
1 0 0 0 1 
1 109.00000000000018 -121.53145415163173 0 1 
1 109.0000000000002 -121.51366486967063 0 1 
8 -55.50010060000001 -9.9399999999860711e-05
1 6.4401702000718837 0 0 1 
8 -55.50010060000001 -9.9399999999860711e-05
1 -9.9999999999766942e-05 -7.0648297916213778 -1 0 
1 0 0 1 0 
1 0 8 1 0 
1 0 0 1 0 
1 0 0 1 0 
8 -3.7000000000000015 0
1 13 0 0 1 
8 -3.7000000000000015 0
1 4 0 0 -1 
1 0 -4.4000000000000004 1 0 
1 4.2723919920032358 0 -0.49999999999999994 0.86602540378443871 
1 2.1361959960016179 3.7000000000000011 -1 1.0394392899370617e-16 
1 0 -4.4000000000000004 1 0 
1 0 -4.4000000000000004 1 0 
1 -2.1361959960016179 3.7000000000000011 -0.50000000000000022 -0.8660254037844386 
8 -3.7000000000000015 0
1 13 0 0 1 
8 -3.7000000000000015 0
1 -4 0 0 -1 
1 0 0 1 0 
1 -2.1361959960016179 3.7000000000000011 -0.50000000000000022 -0.8660254037844386 
1 4.2723919920032332 0 0 -1 
1 0 0 0 -1 
8 -3.20429399400243 1.0680979980008032
1 -2.6702449950020082 2.7749999999999986 0.50000000000000022 0.8660254037844386 
8 -3.20429399400243 1.0680979980008032
1 1.0680979980008032 -3.4000000000000004 -1 0 
8 -8.6999999999999993 -4.2999999999999989
1 4.3000000000000007 -0.47179676972448803 -1 0 
8 -8.6999999999999993 -4.2999999999999989
1 3.7276080079967717 4.2999999999999989 0 1 
1 0 0 0 -1 
1 4.2723919920032358 0 0 -1 
8 -3.2042939940024295 1.0680979980008045
1 -3.7383429930028456 -0.92500000000000426 -0.49999999999999978 0.86602540378443882 
8 -3.2042939940024295 1.0680979980008045
1 1.0680979980008045 -3.4000000000000004 -1 -0 
8 -3.2042939940024269 1.068097998000809
1 -1.068097998000809 -3.7000000000000028 -1 7.2760750295594312e-16 
8 -3.2042939940024269 1.068097998000809
1 1.068097998000809 -3.4000000000000004 -1 -0 
8 -3.2042939940024215 1.0680979980008127
1 2.6702449950020366 -2.7750000000000057 -0.50000000000000033 -0.86602540378443849 
8 -3.2042939940024215 1.0680979980008127
1 1.0680979980008127 -3.4000000000000004 -1 -0 
8 -3.2042939940024295 1.0680979980008045
1 3.7383429930028456 0.92500000000000426 0.49999999999999994 -0.86602540378443871 
8 -3.2042939940024295 1.0680979980008045
1 1.0680979980008045 -3.4000000000000004 -1 -0 
8 0 9
1 4 0 0 1 
8 0 9
1 12 0 0 -1 
1 7.39342764229316 12 -1 -0 
2 0 0 0.44444444444444442 0.89580641647761661 0.89580641647761661 -0.44444444444444442 9
8 0 9
1 -4 0 0 1 
8 0 9
1 12 0 0 -1 
1 7.3934276422931688 0 -1 -0 
2 100.00000000000018 93.468545848368265 -0.44444444444443731 0.89580641647762016 -0.89580641647762016 -0.44444444444443731 9.0000000000000036
2 100.0000000000002 93.486335130329365 -0.44444444444443731 0.89580641647762016 -0.89580641647762016 -0.44444444444443731 9.0000000000000036
8 -5.999999999062311e-07 12.0000006
1 1.1102423351135742 0 0 1 
8 -5.999999999062311e-07 12.0000006
1 0 -8.0622577482985491 1 0 
8 0 12
1 7.39342764229316 0 0 1 
8 -5.999999999062311e-07 12.0000006
1 2.0313503184762189 0 0 1 
8 -5.999999999062311e-07 12.0000006
1 0 -8.0622577482985491 1 0 
8 0 12
1 2.0313503184762189 0 0 1 
1 0 0 1 0 
1 2.1361959960016179 -3.7000000000000028 0.50000000000000033 0.86602540378443849 
1 0 0 0 -1 
1 4.2723919920032341 0 0 -1 
1 0 0 0 -1 
1 4.2723919920032358 0 0 -1 
1 0 0 1 0 
1 -2.1361959960016179 -3.6999999999999993 1 -7.2760750295594312e-16 
1 4.2723919920032341 0 0 -1 
1 0 0 0 -1 
1 0 0 1 0 
1 -4.2723919920032358 0 0.49999999999999978 -0.86602540378443882 
1 0 0 1 0 
1 4.2723919920032358 0 -0.49999999999999994 0.86602540378443871 
1 0 0 1 0 
1 2.1361959960016179 3.7000000000000011 -1 1.0394392899370617e-16 
1 0 9.5999999999999996 1 0 
2 0 0 1 0 -0 1 2.25
1 6.2831853071795862 -0 0 1 
1 0 -0 0 1 
2 100.00000000000018 93.468545848368265 -1 0 0 1 2.25
1 0 1 1 0 
1 4.2723919920032341 0 0 -1 
1 0 0 0 -1 
8 -8.6999999999999993 -4.2999999999999989
1 4.3000000000000007 -0.47179676972450224 -1 0 
8 -8.6999999999999993 -4.2999999999999989
1 0.54478398400647376 4.2999999999999989 0 1 
2 1.7976086125850838e-13 2761.4935458484069 -0.11882125112818692 -0.99291566121213559 0.99291566121213559 -0.11882125112818692 2878.0250000000397
2 2.0142448210393491e-13 2761.511335130368 -0.11882125112818692 -0.99291566121213559 0.99291566121213559 -0.11882125112818692 2878.0250000000397
1 6.5213905845138838 0 0 -1 
1 6.283185307179564 0 0 -1 
8 -55.500050000000002 -4.9999999999883471e-05
1 253.00000000000006 -4.9999999999883471e-05 0 1 
8 -55.500050000000002 -4.9999999999883471e-05
1 -4.9999999999883471e-05 -10 -1 -0 
1 0 0 0 -1 
1 0 0 0 1 
1 104.00000000000018 93.468545848368265 0 1 
1 104.0000000000002 93.486335130329365 0 1 
2 338.99999999999949 -71.319658481384195 0.11882125112820867 -0.99291566121213304 0.99291566121213304 0.11882125112820867 25.000000000000679
1 6.2831853071795871 -9.9999999999766942e-05 1 0 
2 338.99999999999949 -71.319658481384195 0.11882125112820867 -0.99291566121213304 0.99291566121213304 0.11882125112820867 25.000000000000671
2 338.99999999999955 -71.301869199423095 0.11882125112820867 -0.99291566121213304 0.99291566121213304 0.11882125112820867 25.000000000000671
8 -55.50010060000001 -9.9399999999860711e-05
1 7.3575143464422368 0 0 1 
8 -55.50010060000001 -9.9399999999860711e-05
1 -9.9999999999766942e-05 4.7590271174029795 -1 0 
1 178.50000000000011 103.46854584836827 -1 0 
1 178.50000000000014 103.48633513032937 -1 0 
8 -55.500050000000002 -4.9999999999883471e-05
1 21.000000000000057 -4.9999999999883471e-05 0 1 
8 -55.500050000000002 -4.9999999999883471e-05
1 -4.9999999999883471e-05 -10 -1 -0 
1 0 0 0 1 
1 0 0 1 0 
1 367.00000000000017 -80.531454151631735 -1 0 
1 367.00000000000023 -80.513664869670635 -1 0 
8 -5.999999999062311e-07 12.0000006
1 3.6021466452711168 0 0 1 
8 -5.999999999062311e-07 12.0000006
1 0 13.937742251701479 1 0 
8 0 12
1 3.6021466452711168 0 0 1 
8 -11 -2
1 -11 -4 -1 0 
8 -11 -2
1 12 11 0 -1 
1 0 0 1 0 
1 0 22 1 0 
8 -2 6
1 0 -2 0 1 
8 -2 6
1 12 -2 0 -1 
8 -3.2042939940023984 1.0680979980008374
1 -1.0680979980007805 -3.6999999999999886 -1 7.2760750295594312e-16 
8 -3.2042939940023984 1.0680979980008374
1 1.0680979980008374 -3.4000000000000004 -1 -0 
8 -3.2042939940024482 1.0680979980007861
1 2.6702449950020082 -2.7750000000000057 -0.50000000000000033 -0.86602540378443849 
8 -3.2042939940024482 1.0680979980007861
1 1.0680979980007861 -3.4000000000000004 -1 -0 
8 -3.2042939940023922 1.0680979980008392
1 3.7383429930027887 0.92500000000001137 0.49999999999999994 -0.86602540378443871 
8 -3.2042939940023922 1.0680979980008392
1 1.0680979980008392 -3.4000000000000004 -1 -0 
8 -3.2042939940023984 1.0680979980008374
1 1.0680979980007805 3.6999999999999886 1 -1.0394392899370617e-16 
8 -3.2042939940023984 1.0680979980008374
1 1.0680979980008374 -3.4000000000000004 -1 -0 
8 -11 -2
1 -11 4 -1 0 
8 -11 -2
1 12 11 0 -1 
1 8.9642239690880565 12 -1 -0 
2 0 0 -0.89580641647761605 0.44444444444444575 0.44444444444444575 0.89580641647761605 8.9999999999999734
1 2.1361959960016179 3.6999999999999886 -1 1.0394392899370617e-16 
1 0 0 1 0 
1 0 0 0 -1 
1 4.2723919920032358 0 0 -1 
1 2.1361959960016179 3.6999999999999886 -1 1.0394392899370617e-16 
1 0 -4.4000000000000004 1 0 
8 -8.6999999999999993 -7.6999999999999993
1 4.3000000000000007 -7.6999999999999886 -1 0 
8 -8.6999999999999993 -7.6999999999999993
1 2.1361959960016179 4.2999999999999989 0 1 
1 4.2723919920032225 0 0 -1 
1 0 0 0 -1 
1 -2.1361959960016179 3.6999999999999886 -0.50000000000000022 -0.8660254037844386 
1 0 -4.4000000000000004 1 0 
1 -4.2723919920032358 0 0.49999999999999978 -0.86602540378443882 
1 0 -4.4000000000000004 1 0 
1 -2.1361959960016179 -3.6999999999999886 1 -7.2760750295594312e-16 
1 0 -4.4000000000000004 1 0 
1 4.2723919920032225 0 0 -1 
1 0 0 0 -1 
1 4.2723919920032225 0 0 -1 
1 0 0 0 -1 
1 0 0 1 0 
1 -4.2723919920032358 0 0.49999999999999978 -0.86602540378443882 
1 0 0 1 0 
1 -2.1361959960016179 3.6999999999999886 -0.50000000000000022 -0.8660254037844386 
1 0 0 1 0 
1 4.2723919920032358 0 -0.49999999999999994 0.86602540378443871 
1 0 0 1 0 
1 2.1361959960016179 -3.6999999999999886 0.50000000000000033 0.86602540378443849 
1 -2.1361959960016179 -3.6999999999999886 1 -7.2760750295594312e-16 
1 0 0 1 0 
1 0 9.5999999999999996 1 0 
2 0 0 1 0 -0 1 2.25
1 6.2831853071795862 -0 0 1 
1 0 -0 0 1 
2 345.00000000000017 -76.531454151631735 -1 0 0 1 2.25
1 0 1 1 0 
1 0 0 0 -1 
1 4.2723919920032225 0 0 -1 
1 0 0 0 -1 
1 4.2723919920032358 0 0 -1 
8 7.6999999999999993 8.6999999999999993
1 4.3000000000000007 -0.30000000000001137 1 0 
8 7.6999999999999993 8.6999999999999993
1 2.1361959960016179 4.2999999999999989 0 -1 
1 8.9642239690881027 0 -1 -0 
2 345.00000000000017 -76.531454151631735 0.89580641647763737 0.44444444444440279 -0.44444444444440279 0.89580641647763737 9.0000000000000142
2 345.00000000000023 -76.513664869670635 0.89580641647763737 0.44444444444440279 -0.44444444444440279 0.89580641647763737 9.0000000000000142
8 -5.999999999062311e-07 12.0000006
1 2.6810386619084694 0 0 1 
8 -5.999999999062311e-07 12.0000006
1 0 13.937742251701479 1 0 
8 0 12
1 8.9642239690880565 0 0 1 
1 0 0 1 0 
1 0 8 1 0 
1 0 0 0 -1 
1 8 0 0 1 
1 336.00000000000017 93.468545848368265 0 1 
1 336.00000000000023 93.486335130329365 0 1 
8 -5.999999999062311e-07 12.0000006
1 1.1102423351135742 0 0 1 
8 -5.999999999062311e-07 12.0000006
1 0 -8.0622577482985491 1 0 
8 0 12
1 7.39342764229316 0 0 1 
8 0 9
1 4 0 0 1 
8 0 9
1 12 0 0 -1 
8 -8.6999999999999993 -4.2999999999999989
1 4.3000000000000007 -0.47179676972450224 -1 0 
8 -8.6999999999999993 -4.2999999999999989
1 0.54478398400647376 4.2999999999999989 0 1 
8 -3.7000000000000015 0
1 13 0 0 1 
8 -3.7000000000000015 0
1 3.9999999999999432 0 0 -1 
1 0 -4.4000000000000004 1 0 
1 4.272391992003179 0 -0.49999999999999994 0.86602540378443871 
1 2.1361959960015611 3.7000000000000011 -1 1.0394392899370617e-16 
1 0 -4.4000000000000004 1 0 
1 0 -4.4000000000000004 1 0 
1 -2.1361959960016748 3.7000000000000011 -0.50000000000000022 -0.8660254037844386 
8 -3.7000000000000015 0
1 13 0 0 1 
8 -3.7000000000000015 0
1 -4.0000000000000568 0 0 -1 
1 0 0 1 0 
1 -2.1361959960016748 3.7000000000000011 -0.50000000000000022 -0.8660254037844386 
1 4.2723919920032332 0 0 -1 
1 0 0 0 -1 
8 -3.2042939940024424 1.0680979980007907
1 -2.6702449950020082 2.7750000000000128 0.50000000000000022 0.8660254037844386 
8 -3.2042939940024424 1.0680979980007907
1 1.0680979980007907 -3.4000000000000004 -1 0 
8 -8.6999999999999993 -4.2999999999999989
1 4.3000000000000007 -0.47179676972455908 -1 0 
8 -8.6999999999999993 -4.2999999999999989
1 3.72760800799671 4.2999999999999989 0 1 
1 0 0 0 -1 
1 4.2723919920032358 0 0 -1 
1 0 0 1 0 
1 -4.2723919920032927 0 0.49999999999999978 -0.86602540378443882 
1 4.2723919920032341 0 0 -1 
1 0 0 0 -1 
8 -3.2042939940024233 1.0680979980008107
1 -3.7383429930028456 -0.92500000000001137 -0.49999999999999978 0.86602540378443882 
8 -3.2042939940024233 1.0680979980008107
1 1.0680979980008107 -3.4000000000000004 -1 -0 
1 0 0 1 0 
1 -2.1361959960016748 -3.6999999999999993 1 -7.2760750295594312e-16 
1 0 0 0 -1 
1 4.2723919920032358 0 0 -1 
8 -3.2042939940023984 1.0680979980008374
1 -1.0680979980007805 -3.7000000000000028 -1 7.2760750295594312e-16 
8 -3.2042939940023984 1.0680979980008374
1 1.0680979980008374 -3.4000000000000004 -1 -0 
1 0 0 1 0 
1 2.1361959960015611 -3.7000000000000028 0.50000000000000033 0.86602540378443849 
1 0 0 0 -1 
1 4.2723919920032341 0 0 -1 
8 -3.2042939940024295 1.0680979980008045
1 2.6702449950020082 -2.7749999999999986 -0.50000000000000033 -0.86602540378443849 
8 -3.2042939940024295 1.0680979980008045
1 1.0680979980008045 -3.4000000000000004 -1 -0 
1 0 0 1 0 
1 4.272391992003179 0 -0.49999999999999994 0.86602540378443871 
1 0 0 1 0 
1 2.1361959960015611 3.7000000000000011 -1 1.0394392899370617e-16 
1 0 9.5999999999999996 1 0 
2 -5.6843418860808015e-14 0 1 0 -0 1 2.25
1 6.2831853071795862 -0 0 1 
1 0 -0 0 1 
2 340.00000000000017 93.468545848368265 -1 0 0 1 2.25
1 0 1 1 0 
1 4.2723919920032341 0 0 -1 
1 0 0 0 -1 
8 -3.2042939940024233 1.0680979980008107
1 3.7383429930028456 0.92500000000001137 0.49999999999999994 -0.86602540378443871 
8 -3.2042939940024233 1.0680979980008107
1 1.0680979980008107 -3.4000000000000004 -1 -0 
1 7.39342764229316 12 -1 -0 
2 0 0 0.44444444444444442 0.89580641647761661 0.89580641647761661 -0.44444444444444442 9
8 0 9
1 -4 0 0 1 
8 0 9
1 12 0 0 -1 
1 7.3934276422931688 0 -1 -0 
2 340.00000000000017 93.468545848368265 -0.4444444444444372 0.89580641647762027 -0.89580641647762027 -0.4444444444444372 9.0000000000000053
2 340.00000000000023 93.486335130329365 -0.4444444444444372 0.89580641647762027 -0.89580641647762027 -0.4444444444444372 9.0000000000000053
8 -5.999999999062311e-07 12.0000006
1 2.0313503184762189 0 0 1 
8 -5.999999999062311e-07 12.0000006
1 0 -8.0622577482985491 1 0 
8 0 12
1 2.0313503184762189 0 0 1 
1 0 -8 1 0 
1 0 22 1 0 
1 0 0 1 0 
1 0 0 1 0 
1 0 0 0 1 
1 0 8 1 0 
1 367.00000000000017 -72.531454151631735 -1 0 
1 367.00000000000023 -72.513664869670635 -1 0 
8 -55.50010060000001 -9.9399999999860711e-05
1 7.6863881674962267 0 0 1 
8 -55.50010060000001 -9.9399999999860711e-05
1 -9.9999999999766942e-05 3.029386245957653 -1 0 
8 -55.500050000000002 -4.9999999999883471e-05
1 13.000000000000057 -4.9999999999883471e-05 0 1 
8 -55.500050000000002 -4.9999999999883471e-05
1 -4.9999999999883471e-05 -10 -1 -0 
1 0 0 0 -1 
1 0 0 0 1 
1 344.00000000000017 93.468545848368265 0 1 
1 344.00000000000023 93.486335130329365 0 1 
2 338.99999999999949 -71.319658481384195 0.11882125112820867 -0.99291566121213304 0.99291566121213304 0.11882125112820867 25.000000000000671
2 338.99999999999955 -71.301869199423095 0.11882125112820867 -0.99291566121213304 0.99291566121213304 0.11882125112820867 25.000000000000671
1 7.7348789953073123 0 0 -1 
1 0 0 0 -1 
1 178.50000000000011 103.46854584836827 -1 0 
1 178.50000000000014 103.48633513032937 -1 0 
1 7.8539816339744846 0 0 -1 
1 0 0 0 -1 
8 -35.65982924069209 132.12837508906037
1 364.00000000000017 -35.659829240692105 0 1 
8 -35.65982924069209 132.12837508906037
1 35.65982924069209 -9.9999999999766942e-05 1 0 
1 364.00000000000017 -35.659829240692105 0 1 
1 364.00000000000023 -35.642039958731004 0 1 
1 6.283185307179588 0 0 -1 
1 167.78820432975246 0 0 -1 
2 357.00000000000023 96.468545848368279 1 -1.6283271027835706e-15 1.6283271027835706e-15 1 6.9999999999999432
1 6.2831853071795862 -9.9999999999766942e-05 1 0 
2 357.00000000000023 96.468545848368279 1 -1.6283271027835706e-15 1.6283271027835706e-15 1 6.9999999999999432
2 357.00000000000028 96.48633513032938 1 -1.6283271027835706e-15 1.6283271027835706e-15 1 6.9999999999999432
1 0 0 0 -1 
1 0 0 0 1 
1 -95.999999999999815 93.468545848368265 0 1 
1 -95.999999999999801 93.486335130329365 0 1 
1 0 0 0 -1 
1 8 0 0 1 
1 96.000000000000185 93.468545848368265 0 1 
1 96.000000000000199 93.486335130329365 0 1 
Curves 902
1 -357 -1.0658141036401503e-14 0 0 0 1 
1 -357 2.2204460492503131e-16 1.4999999999999998 1 -0 -0 
1 -357 8.8817841970012523e-16 64 1 -0 -0 
1 357 -1.0658141036401503e-14 0 0 0 1 
2 0 0 22 0 -1 0 0 -0 -1 1 0 0 5
2 0 -5 22 0 -1 0 0 -0 -1 1 0 0 5
1 -1.2246467991473538e-15 2 17 0 -1 0 
1 -178.49999999999994 -5 4.5 1 0 -0 
1 -96 -5 4.4999500000000001 -0 0 -1 
1 96 -5 4.4999500000000001 -0 0 -1 
1 -357 -5 60 1 0 -0 
2 -357.00000000000006 -11.999999999999986 60 -0 0 -1 -1 -1.6283271027835706e-15 0 -1.6283271027835706e-15 1 0 6.9999999999999432
1 -364 -179.78820432975272 60 0 1 0 
2 -338.99999999999932 -179.78820432975246 60 -0 0 -1 -0.11882125112820867 -0.99291566121213304 0 -0.99291566121213304 0.11882125112820867 0 25.000000000000679
1 -344 -15 60 -0 1 0 
1 -367 -181 60 1 0 -0 
1 -344 -15 60 1 0 -0 
1 -345 -189 60 -0 1 0 
1 -336 -15 60 -0 1 0 
1 -367 -189 60 1 0 -0 
1 -104 -15 60 -0 1 0 
2 0 2653.0250000000387 60 0 -0 -1 0.11882125112818692 -0.99291566121213559 0 -0.99291566121213559 -0.11882125112818692 0 2878.0250000000397
1 -104 -15 60 1 0 -0 
1 -109 -230 60 -0 1 0 
1 -96 -15 60 -0 1 0 
1 -109 -210 60 1 0 -0 
1 -101 -230 60 -0 1 0 
1 96 -15 60 -0 1 0 
1 96 -15 60 1 0 -0 
1 101 -230 60 -0 1 0 
1 104 -15 60 -0 1 0 
1 101 -210 60 1 0 -0 
1 109 -230 60 -0 1 0 
1 336 -15 60 -0 1 0 
1 336 -15 60 1 0 -0 
2 339.00000000000023 -179.7882043297528 60 0 0 -1 1 2.8421709430404222e-15 0 2.8421709430404222e-15 -1 0 24.999999999999773
1 344 -15 60 -0 1 0 
1 345 -189 60 1 0 -0 
1 345 -189 60 -0 1 0 
2 357.00000000000006 -11.999999999999986 60 0 0 -1 -4.7369515717340089e-15 1 0 1 4.7369515717340089e-15 0 6.9999999999999591
1 345 -181 60 1 0 -0 
1 364 -12 60 -0 -1 0 
1 -92.225310958460469 -197.99417725150022 60 -0.99510682104817694 0.098804932586342362 0 
1 -195.41200000000035 -159.00661119302083 60 0 -1 0 
1 -99.706000000000074 -209.5 60 1 0 -0 
1 -199.41200000000035 -159.00661119302083 60 0 -1 0 
1 -142.85600000000005 -182.25600000000003 60 1 0 -0 
1 -285.71200000000033 -145.38461119302085 60 0 -1 0 
2 -286.00000000000011 -153.63120620765932 60 0 0 -1 1 0 0 0 -1 -0 25
1 -291.41200000000038 -159.00661119302083 60 0 -1 0 
1 -147.70600000000007 -209.5 60 1 0 -0 
1 -295.41200000000038 -159.00661119302083 60 0 -1 0 
2 -309.99999999999983 -156.80000000000024 60 0 0 1 1 0 -0 -0 1 0 9
1 -310.99999999999994 -89.656611193020552 60 -2.7441348545638185e-15 -1 0 
2 -309.99999999999989 -71.800000000000253 60 0 0 1 1 0 -0 -0 1 0 9
1 -155.49999999999986 -70.800000000000153 60 1 3.1985846625856601e-16 -0 
1 -147.70600000000007 -54.5 60 1 0 -0 
1 -99.706000000000074 -54.5 60 1 0 -0 
2 -146.41200000000035 -88.456000000000017 60 0 0 1 1 0 -0 -0 1 0 20.300000000000001
2 8.5447349678948962e-14 -71.800000000000267 60 0 0 1 1 0 -0 -0 1 0 9
1 63.976999999999634 -159.00661119302083 60 0 -1 0 
1 31.988499999999917 -54.5 60 1 0 -0 
1 67.976999999999634 -159.00661119302083 60 0 -1 0 
1 159.97699999999963 -159.00661119302083 60 0 -1 0 
1 79.988499999999917 -54.5 60 1 0 -0 
1 163.97699999999963 -159.00661119302083 60 0 -1 0 
2 207.47699999999963 -87.956000000000017 60 0 0 1 1 0 -0 -0 1 0 20.300000000000001
2 243.47699999999963 -87.956000000000017 60 0 0 1 1 0 -0 -0 1 0 20.300000000000001
2 310.00000000000011 -71.800000000000253 60 0 0 1 1 0 -0 -0 1 0 9
1 311.00000000000011 -89.656611193020836 60 -0 -1 0 
2 310.00000000000006 -156.80000000000024 60 0 0 1 1 0 -0 -0 1 0 9
2 286.00000000000011 -153.63120620765932 60 0 0 -1 1 0 0 0 -1 -0 25
1 92.225310958460724 -197.99417725150022 60 0.99510682104817694 0.098804932586342362 -0 
1 -87.376190924285282 -189.80000000000001 60 1 0 -0 
1 79.988499999999917 -209.5 60 1 0 -0 
1 31.988499999999917 -209.5 60 1 0 -0 
2 8.5254267413796633e-14 -188.50000000000006 60 0 0 1 1 0 -0 -0 1 0 9
1 -8.9056162055187738 -189.80000000000001 52 0 0 1 
1 -87.376190924285339 -189.80000000000001 67.999999999999972 1 0 -0 
1 -174.75238184857076 -189.80000000000001 -1 0 0 1 
1 175.07904394606913 -195.59608545683855 68 0.99510682104817694 0.098804932586342362 -0 
2 175.00000000000006 -194.80000000000001 68 0 0 1 -1 0 0 0 -1 0 0.80000000000000004
8 0 1.4718299213793085
2 286.00000000000011 -153.63120620765932 68 0 0 -1 1 0 0 0 -1 0 30.800000000000001
8 0 349.99999999999841
1 175.00000000000006 -195.60000000000002 68 -1 0 0 
8 0 82.831206207659307
1 316.80000000000013 -70.800000000000011 68 0 -1 0 
2 -174.99999999999994 -194.80000000000001 68 0 0 1 -0.99510682104817694 0.098804932586342362 0 -0.098804932586342362 -0.99510682104817694 0 0.80000000000000004
2 311.00000000000011 -70.800000000000011 68 0 -0 1 1 0 0 -0 1 0 5.7999999999999998
1 -175.07904394606902 -195.59608545683855 68 -0.99510682104817694 0.098804932586342362 0 
8 0 622
1 -310.99999999999989 -65.000000000000213 68 1 3.1985846625856601e-16 0 
8 0 1.4718299213793129
2 -286.00000000000011 -153.63120620765932 68 0 0 -1 -0.098804932586341584 -0.99510682104817705 -0 -0.99510682104817705 0.098804932586341584 0 30.800000000000001
2 -310.99999999999989 -70.80000000000031 68 0 -0 1 1 0 0 -0 1 0 5.7999999999999998
8 0 82.831206207658937
1 -316.80000000000013 -153.63120620765923 68 2.745024319375517e-15 1 0 
1 153.75000000000009 -154.30000000000024 67.999999999999972 1 0 -0 
1 307.50000000000006 -143.28401161274331 67.999999999999972 0 -1 0 
1 312.50000000000006 -143.28401161274331 67.999999999999972 0 -1 0 
1 153.75000000000009 -159.30000000000024 67.999999999999972 1 0 -0 
1 -1.2499999999999079 -186.00000000000006 67.999999999999972 1 0 -0 
1 2.5000000000000853 -159.13401161274322 67.999999999999972 0 -1 0 
1 -1.2499999999999079 -191.00000000000006 67.999999999999972 1 0 -0 
1 -2.4999999999999147 -159.13401161274322 67.999999999999972 0 -1 0 
1 -156.24999999999986 -154.30000000000024 67.999999999999972 1 0 -0 
1 -312.49999999999983 -143.28401161274331 67.999999999999972 0 -1 0 
1 -307.49999999999983 -143.28401161274331 67.999999999999972 0 -1 0 
1 -156.24999999999986 -159.30000000000024 67.999999999999972 1 0 -0 
1 153.75000000000011 -69.300000000000253 67.999999999999972 1 0 -0 
1 307.50000000000011 -100.78401161274331 67.999999999999972 0 -1 0 
1 312.50000000000011 -100.78401161274331 67.999999999999972 0 -1 0 
1 153.75000000000011 -74.300000000000253 67.999999999999972 1 0 -0 
2 286.00000000000011 -153.63120620765932 67.999999999999972 0 0 -1 1 0 0 0 -1 -0 25
2 310.00000000000006 -156.80000000000024 68 0 0 1 1 0 -0 -0 1 0 9
1 91.303311235965694 -198.08572332323729 67.999999999999972 0.99510682104817694 0.098804932586342362 -0 
1 311.00000000000011 -99.0340116127432 67.999999999999972 -0 -1 0 
2 310.00000000000011 -71.800000000000253 68 0 0 1 1 0 -0 -0 1 0 9
2 8.5254267413796633e-14 -188.50000000000006 68 0 0 1 1 0 -0 -0 1 0 9
1 -155.49999999999991 -70.800000000000153 67.999999999999972 1 3.1985846625856601e-16 -0 
2 243.47699999999963 -87.956000000000017 68 0 0 1 1 0 -0 -0 1 0 20.300000000000001
1 -91.303311235965538 -198.08572332323729 67.999999999999972 -0.99510682104817694 0.098804932586342362 0 
2 207.47699999999963 -87.956000000000017 68 0 0 1 1 0 -0 -0 1 0 20.300000000000001
1 -285.71200000000033 -182.25600000000003 68 1 0 -0 
1 -285.71200000000033 -182.25600000000003 68 -0 1 0 
2 8.5447349678948962e-14 -71.800000000000267 68 0 0 1 1 0 -0 -0 1 0 9
2 -286.00000000000011 -153.63120620765932 67.999999999999972 0 0 -1 1 0 0 0 -1 -0 25
2 -309.99999999999983 -156.80000000000024 68 0 0 1 1 0 -0 -0 1 0 9
2 -146.41200000000035 -88.456000000000017 68 0 0 1 1 0 -0 -0 1 0 20.300000000000001
1 -311 -99.034011612742916 67.999999999999972 -2.7441348545638185e-15 -1 0 
2 -309.99999999999989 -71.800000000000253 68 0 0 1 1 0 -0 -0 1 0 9
1 -1.2499999999999079 -69.300000000000267 67.999999999999972 1 0 -0 
1 -2.4999999999999147 -100.78401161274333 67.999999999999972 0 -1 0 
1 2.5000000000000853 -100.78401161274333 67.999999999999972 0 -1 0 
1 -1.2499999999999079 -74.300000000000267 67.999999999999972 1 0 -0 
1 -156.24999999999989 -69.300000000000253 67.999999999999972 1 0 -0 
1 -312.49999999999989 -100.78401161274331 67.999999999999972 0 -1 0 
1 -307.49999999999989 -100.78401161274331 67.999999999999972 0 -1 0 
1 -156.24999999999989 -74.300000000000253 67.999999999999972 1 0 -0 
1 -307.49999999999989 -74.300000000000253 66 0 0 1 
1 -312.49999999999989 -74.300000000000253 66 0 0 1 
1 -312.49999999999989 -74.300000000000253 66 1 0 -0 
1 -312.49999999999989 -74.300000000000253 66 -0 1 0 
1 -312.49999999999989 -69.300000000000253 66 1 0 -0 
1 -307.49999999999989 -74.300000000000253 66 -0 1 0 
2 -309.99999999999989 -71.800000000000253 66 0 0 1 1 0 -0 -0 1 0 2.25
1 -307.74999999999989 -71.800000000000253 51 0 0 1 
2 -309.99999999999989 -71.800000000000253 55.399999999999999 0 0 1 1 0 -0 -0 1 0 2.25
1 -305.72760800799665 -71.800000000000253 55.399999999999999 -0.49999999999999994 0.86602540378443871 0 
1 -307.86380400399827 -75.500000000000256 55.399999999999999 0.50000000000000033 0.86602540378443849 0 
1 -307.86380400399827 -68.10000000000025 55.399999999999999 -1 1.0394392899370617e-16 0 
1 -312.1361959960015 -75.500000000000256 55.399999999999999 1 -7.2760750295594312e-16 0 
1 -312.1361959960015 -68.10000000000025 55.399999999999999 -0.50000000000000022 -0.8660254037844386 0 
1 -314.27239199200312 -71.800000000000253 55.399999999999999 0.49999999999999978 -0.86602540378443882 0 
1 -313.73834299300273 -72.725000000000264 52 -0.49999999999999978 0.86602540378443882 0 
1 -312.1361959960015 -75.500000000000256 51 0 0 1 
1 -314.27239199200312 -71.800000000000253 51 0 0 1 
2 -309.99999999999989 -71.800000000000253 52 0 0 1 1 0 -0 -0 1 0 9
1 -308.93190200199911 -68.10000000000025 52 1 -1.0394392899370617e-16 0 
1 -312.67024499500189 -69.025000000000233 52 0.50000000000000022 0.8660254037844386 -0 
1 -311.06809799800067 -75.500000000000256 52 -1 7.2760750295594312e-16 0 
1 -307.32975500499788 -74.575000000000273 52 -0.50000000000000033 -0.86602540378443849 0 
1 -306.2616570069971 -70.87500000000027 52 0.49999999999999994 -0.86602540378443871 0 
1 -312.1361959960015 -68.10000000000025 51 0 0 1 
1 -307.86380400399827 -75.500000000000256 51 0 0 1 
1 -307.86380400399827 -68.10000000000025 51 0 0 1 
1 -305.72760800799665 -71.800000000000253 51 0 0 1 
1 -307.49999999999989 -69.300000000000253 66 0 0 1 
1 -312.49999999999989 -69.300000000000253 66 0 0 1 
1 2.5000000000000853 -74.300000000000267 66 0 0 1 
1 -2.4999999999999147 -74.300000000000267 66 0 0 1 
1 -2.4999999999999147 -74.300000000000267 66 1 0 -0 
1 -2.4999999999999147 -74.300000000000267 66 -0 1 0 
1 -2.4999999999999147 -69.300000000000267 66 1 0 -0 
1 2.5000000000000853 -74.300000000000267 66 -0 1 0 
2 8.5447349678948962e-14 -71.800000000000267 66 0 0 1 1 0 -0 -0 1 0 2.25
1 2.2500000000000853 -71.800000000000267 51 0 0 1 
2 8.5447349678948962e-14 -71.800000000000267 55.399999999999999 0 0 1 1 0 -0 -0 1 0 2.25
1 4.2723919920033167 -71.800000000000267 55.399999999999999 -0.49999999999999994 0.86602540378443871 0 
1 2.1361959960016983 -75.50000000000027 55.399999999999999 0.50000000000000033 0.86602540378443849 0 
1 2.1361959960017014 -68.100000000000264 55.399999999999999 -1 1.0394392899370617e-16 0 
1 -2.1361959960015322 -75.50000000000027 55.399999999999999 1 -7.2760750295594312e-16 0 
1 -2.1361959960015295 -68.100000000000264 55.399999999999999 -0.50000000000000022 -0.8660254037844386 0 
1 -4.2723919920031461 -71.800000000000267 55.399999999999999 0.49999999999999978 -0.86602540378443882 0 
1 -3.7383429930027403 -72.725000000000264 52 -0.49999999999999978 0.86602540378443882 0 
1 -2.1361959960015322 -75.50000000000027 51 0 0 1 
1 -4.2723919920031461 -71.800000000000267 51 0 0 1 
2 8.5447349678948962e-14 -71.800000000000267 52 0 0 1 1 0 -0 -0 1 0 9
1 1.0680979980008936 -68.100000000000264 52 1 -1.0394392899370617e-16 0 
1 -2.6702449950019318 -69.025000000000261 52 0.50000000000000022 0.8660254037844386 -0 
1 -1.0680979980007248 -75.50000000000027 52 -1 7.2760750295594312e-16 0 
1 2.6702449950021072 -74.575000000000273 52 -0.50000000000000033 -0.86602540378443849 0 
1 3.7383429930029139 -70.87500000000027 52 0.49999999999999994 -0.86602540378443871 0 
1 -2.1361959960015295 -68.100000000000264 51 0 0 1 
1 2.1361959960016983 -75.50000000000027 51 0 0 1 
1 2.1361959960017014 -68.100000000000264 51 0 0 1 
1 4.2723919920033167 -71.800000000000267 51 0 0 1 
1 2.5000000000000853 -69.300000000000267 66 0 0 1 
1 -2.4999999999999147 -69.300000000000267 66 0 0 1 
1 312.50000000000011 -74.300000000000253 66 0 0 1 
1 307.50000000000011 -74.300000000000253 66 0 0 1 
1 307.50000000000011 -74.300000000000253 66 1 0 -0 
1 307.50000000000011 -74.300000000000253 66 -0 1 0 
1 307.50000000000011 -69.300000000000253 66 1 0 -0 
1 312.50000000000011 -74.300000000000253 66 -0 1 0 
2 310.00000000000011 -71.800000000000253 66 0 0 1 1 0 -0 -0 1 0 2.25
1 312.25000000000011 -71.800000000000253 51 0 0 1 
2 310.00000000000011 -71.800000000000253 55.399999999999999 0 0 1 1 0 -0 -0 1 0 2.25
1 314.27239199200335 -71.800000000000253 55.399999999999999 -0.49999999999999994 0.86602540378443871 0 
1 312.13619599600173 -75.500000000000256 55.399999999999999 0.50000000000000033 0.86602540378443849 0 
1 312.13619599600173 -68.10000000000025 55.399999999999999 -1 1.0394392899370617e-16 0 
1 307.8638040039985 -75.500000000000256 55.399999999999999 1 -7.2760750295594312e-16 0 
1 307.8638040039985 -68.10000000000025 55.399999999999999 -0.50000000000000022 -0.8660254037844386 0 
1 305.72760800799688 -71.800000000000253 55.399999999999999 0.49999999999999978 -0.86602540378443882 0 
1 306.26165700699732 -72.72500000000025 52 -0.49999999999999978 0.86602540378443882 0 
1 307.8638040039985 -75.500000000000256 51 0 0 1 
1 305.72760800799688 -71.800000000000253 51 0 0 1 
2 310.00000000000011 -71.800000000000253 52 0 0 1 1 0 -0 -0 1 0 9
1 311.06809799800089 -68.10000000000025 52 1 -1.0394392899370617e-16 0 
1 307.32975500499811 -69.025000000000233 52 0.50000000000000022 0.8660254037844386 -0 
1 308.93190200199933 -75.500000000000256 52 -1 7.2760750295594312e-16 0 
1 312.67024499500212 -74.575000000000273 52 -0.50000000000000033 -0.86602540378443849 0 
1 313.73834299300296 -70.875000000000242 52 0.49999999999999994 -0.86602540378443871 0 
1 307.8638040039985 -68.10000000000025 51 0 0 1 
1 312.13619599600173 -75.500000000000256 51 0 0 1 
1 312.13619599600173 -68.10000000000025 51 0 0 1 
1 314.27239199200335 -71.800000000000253 51 0 0 1 
1 312.50000000000011 -69.300000000000253 66 0 0 1 
1 307.50000000000011 -69.300000000000253 66 0 0 1 
1 -307.49999999999983 -159.30000000000024 66 0 0 1 
1 -312.49999999999983 -159.30000000000024 66 0 0 1 
1 -312.49999999999983 -159.30000000000024 66 1 0 -0 
1 -312.49999999999983 -159.30000000000024 66 -0 1 0 
1 -312.49999999999983 -154.30000000000024 66 1 0 -0 
1 -307.49999999999983 -159.30000000000024 66 -0 1 0 
2 -309.99999999999983 -156.80000000000024 66 0 0 1 1 0 -0 -0 1 0 2.25
1 -307.74999999999983 -156.80000000000024 51 0 0 1 
2 -309.99999999999983 -156.80000000000024 55.399999999999999 0 0 1 1 0 -0 -0 1 0 2.25
1 -305.72760800799659 -156.80000000000024 55.399999999999999 -0.49999999999999994 0.86602540378443871 0 
1 -307.86380400399821 -160.50000000000023 55.399999999999999 0.50000000000000033 0.86602540378443849 0 
1 -307.86380400399821 -153.10000000000025 55.399999999999999 -1 1.0394392899370617e-16 0 
1 -312.13619599600145 -160.50000000000023 55.399999999999999 1 -7.2760750295594312e-16 0 
1 -312.13619599600145 -153.10000000000025 55.399999999999999 -0.50000000000000022 -0.8660254037844386 0 
1 -314.27239199200307 -156.80000000000024 55.399999999999999 0.49999999999999978 -0.86602540378443882 0 
1 -313.73834299300268 -157.72500000000025 52 -0.49999999999999978 0.86602540378443882 0 
1 -312.13619599600145 -160.50000000000023 51 0 0 1 
1 -314.27239199200307 -156.80000000000024 51 0 0 1 
2 -309.99999999999983 -156.80000000000024 52 0 0 1 1 0 -0 -0 1 0 9
1 -308.93190200199899 -153.10000000000025 52 1 -1.0394392899370617e-16 0 
1 -312.67024499500189 -154.02500000000023 52 0.50000000000000022 0.8660254037844386 -0 
1 -311.06809799800067 -160.50000000000023 52 -1 7.2760750295594312e-16 0 
1 -307.32975500499776 -159.57500000000024 52 -0.50000000000000033 -0.86602540378443849 0 
1 -306.26165700699698 -155.87500000000023 52 0.49999999999999994 -0.86602540378443871 0 
1 -312.13619599600145 -153.10000000000025 51 0 0 1 
1 -307.86380400399821 -160.50000000000023 51 0 0 1 
1 -307.86380400399821 -153.10000000000025 51 0 0 1 
1 -305.72760800799659 -156.80000000000024 51 0 0 1 
1 -307.49999999999983 -154.30000000000024 66 0 0 1 
1 -312.49999999999983 -154.30000000000024 66 0 0 1 
1 -2.4999999999999147 -191.00000000000006 66 0 0 1 
1 -2.4999999999999147 -186.00000000000006 66 0 0 1 
1 -2.4999999999999147 -191.00000000000006 66 -0 1 0 
1 -2.4999999999999147 -186.00000000000006 66 1 0 -0 
1 -2.4999999999999147 -191.00000000000006 66 1 0 -0 
1 2.5000000000000853 -191.00000000000006 66 -0 1 0 
2 8.5254267413796633e-14 -188.50000000000006 66 0 0 1 1 0 -0 -0 1 0 2.25
1 2.2500000000000853 -188.50000000000006 51 0 0 1 
2 8.5254267413796633e-14 -188.50000000000006 55.399999999999999 0 0 1 1 0 -0 -0 1 0 2.25
1 4.2723919920033167 -188.50000000000006 55.399999999999999 -0.49999999999999994 0.86602540378443871 0 
1 2.1361959960016983 -192.20000000000005 55.399999999999999 0.50000000000000033 0.86602540378443849 0 
1 2.1361959960017014 -184.80000000000007 55.399999999999999 -1 1.0394392899370617e-16 0 
1 -2.1361959960015322 -192.20000000000005 55.399999999999999 1 -7.2760750295594312e-16 0 
1 -2.1361959960015295 -184.80000000000007 55.399999999999999 -0.50000000000000022 -0.8660254037844386 0 
1 -4.2723919920031461 -188.50000000000006 55.399999999999999 0.49999999999999978 -0.86602540378443882 0 
1 -3.7383429930027434 -189.42500000000007 52 -0.49999999999999978 0.86602540378443882 0 
1 -2.1361959960015322 -192.20000000000005 51 0 0 1 
1 -4.2723919920031461 -188.50000000000006 51 0 0 1 
2 8.5254267413796633e-14 -188.50000000000006 52 0 0 1 1 0 -0 -0 1 0 9
1 1.0680979980008936 -184.80000000000007 52 1 -1.0394392899370617e-16 0 
1 -2.6702449950019287 -185.72500000000008 52 0.50000000000000022 0.8660254037844386 -0 
1 -1.0680979980007248 -192.20000000000005 52 -1 7.2760750295594312e-16 0 
1 2.6702449950021041 -191.27500000000003 52 -0.50000000000000033 -0.86602540378443849 0 
1 3.7383429930029139 -187.57500000000005 52 0.49999999999999994 -0.86602540378443871 0 
1 -2.1361959960015295 -184.80000000000007 51 0 0 1 
1 2.1361959960016983 -192.20000000000005 51 0 0 1 
1 2.1361959960017014 -184.80000000000007 51 0 0 1 
1 4.2723919920033167 -188.50000000000006 51 0 0 1 
1 2.5000000000000853 -191.00000000000006 66 0 0 1 
1 2.5000000000000853 -186.00000000000006 66 0 0 1 
1 312.50000000000006 -159.30000000000024 66 0 0 1 
1 307.50000000000006 -159.30000000000024 66 0 0 1 
1 307.50000000000006 -159.30000000000024 66 1 0 -0 
1 307.50000000000006 -159.30000000000024 66 -0 1 0 
1 307.50000000000006 -154.30000000000024 66 1 0 -0 
1 312.50000000000006 -159.30000000000024 66 -0 1 0 
2 310.00000000000006 -156.80000000000024 66 0 0 1 1 0 -0 -0 1 0 2.25
1 312.25000000000006 -156.80000000000024 51 0 0 1 
2 310.00000000000006 -156.80000000000024 55.399999999999999 0 0 1 1 0 -0 -0 1 0 2.25
1 314.27239199200329 -156.80000000000024 55.399999999999999 -0.49999999999999994 0.86602540378443871 0 
1 312.13619599600167 -160.50000000000023 55.399999999999999 0.50000000000000033 0.86602540378443849 0 
1 312.13619599600167 -153.10000000000025 55.399999999999999 -1 1.0394392899370617e-16 0 
1 307.86380400399844 -160.50000000000023 55.399999999999999 1 -7.2760750295594312e-16 0 
1 307.86380400399844 -153.10000000000025 55.399999999999999 -0.50000000000000022 -0.8660254037844386 0 
1 305.72760800799682 -156.80000000000024 55.399999999999999 0.49999999999999978 -0.86602540378443882 0 
1 306.26165700699721 -157.72500000000025 52 -0.49999999999999978 0.86602540378443882 0 
1 307.86380400399844 -160.50000000000023 51 0 0 1 
1 305.72760800799682 -156.80000000000024 51 0 0 1 
2 310.00000000000006 -156.80000000000024 52 0 0 1 1 0 -0 -0 1 0 9
1 311.06809799800089 -153.10000000000025 52 1 -1.0394392899370617e-16 0 
1 307.32975500499805 -154.02500000000026 52 0.50000000000000022 0.8660254037844386 -0 
1 308.93190200199922 -160.50000000000023 52 -1 7.2760750295594312e-16 0 
1 312.67024499500212 -159.57500000000024 52 -0.50000000000000033 -0.86602540378443849 0 
1 313.7383429930029 -155.87500000000023 52 0.49999999999999994 -0.86602540378443871 0 
1 307.86380400399844 -153.10000000000025 51 0 0 1 
1 312.13619599600167 -160.50000000000023 51 0 0 1 
1 312.13619599600167 -153.10000000000025 51 0 0 1 
1 314.27239199200329 -156.80000000000024 51 0 0 1 
1 312.50000000000006 -154.30000000000024 66 0 0 1 
1 307.50000000000006 -154.30000000000024 66 0 0 1 
1 -316.7999999999999 -70.800000000000296 68 0 0 1 
1 -316.79999999999995 -89.601392861010794 70 -2.7441348545638185e-15 -1 0 
1 -316.80000000000013 -153.63120620765923 68 0 0 1 
1 -357 -5.9999999999999991 70 1 -0 -0 
2 -357.00000000000006 -11.999999999999986 70 -0 0 -1 -1 -1.1842378929335058e-15 0 -1.1842378929335058e-15 1 0 5.9999999999999591
2 357.00000000000006 -11.999999999999986 70 -0 0 -1 -4.7369515717340152e-15 1 0 1 4.7369515717340152e-15 0 5.9999999999999591
1 -363 -179.78820432975272 70 -0 1 -0 
1 363 -12 70 -0 -1 -0 
2 -338.99999999999932 -179.78820432975246 70 -0 0 -1 -0.11882125112820856 -0.99291566121213304 0 -0.99291566121213304 0.11882125112820856 0 24.000000000000668
2 339.00000000000023 -179.7882043297528 70 -0 0 -1 1 2.8421709430404222e-15 0 2.8421709430404222e-15 -1 -0 23.999999999999762
2 0 2653.0250000000387 70 -0 0 -1 0.11882125112818691 -0.99291566121213559 -0 -0.99291566121213559 -0.11882125112818691 0 2877.0250000000392
2 175.00000000000006 -194.80000000000001 70 -0 0 -1 -1 0 0 0 1 -0 0.80000000000000004
1 92.680605458862956 -203.7774906967029 70 0.99510682104817694 0.098804932586342362 -0 
1 -87.49999999999919 -195.60000000000002 70 1 0 -0 
2 286.00000000000011 -153.63120620765932 70 0 0 -1 1 0 0 0 -1 -0 30.800000000000001
2 -174.99999999999994 -194.80000000000001 70 -0 0 -1 -0.99510682104817694 0.098804932586342362 0 0.098804932586342362 0.99510682104817694 -0 0.80000000000000004
1 316.80000000000013 -89.601392861011078 70 -0 -1 0 
1 -92.680605458862132 -203.77749069670296 70 -0.99510682104817694 0.098804932586342362 0 
2 311.00000000000011 -70.800000000000011 70 0 0 -1 1 0 0 0 -1 -0 5.7999999999999998
2 -286.00000000000011 -153.63120620765932 70 0 0 -1 1 0 0 0 -1 -0 30.800000000000001
1 -155.49999999999997 -65.000000000000171 70 1 3.1985846625856601e-16 -0 
2 -310.99999999999989 -70.80000000000031 70 0 0 -1 1 0 0 0 -1 -0 5.7999999999999998
2 -222 -47 70 0 0 1 0 -1 0 1 0 -0 3
1 -225 -58.20139286101108 70 0 -1 0 
1 -112.50000000000001 -50 70 1 0 0 
2 -222 -11 70 0 0 1 -0 1 0 -1 -0 0 3
2 322 -47 70 0 0 1 0 -1 0 1 0 -0 3
1 162.5 -8 70 -1 0 0 
1 325 -79.201392861011072 70 0 1 -0 
2 322 -11 70 0 0 1 1 0 -0 -0 1 0 3
2 -331 -47.5 70 0 0 1 0 -1 0 1 0 -0 3
1 -334 -61.95139286101108 70 0 -1 0 
2 -331 -18.5 70 0 0 1 -0 1 0 -1 -0 0 3
1 -117.00000000000001 -15.5 70 -1 0 0 
2 -237 -18.5 70 0 0 1 1 0 -0 -0 1 0 3
1 -234 -79.451392861011072 70 0 1 -0 
2 -237 -47.5 70 0 0 1 0 -1 0 1 0 -0 3
1 -167 -50.5 70 1 0 0 
1 -334 -50.5 69 1 0 0 
1 -237 -50.5 69 0 0 1 
1 -331 -50.5 69 0 0 1 
8 0 1.5707963267948966
2 -331 -47.5 69 -0 -0 -1 0 -1 0 -1 0 0 3
8 0 1.5707963267948966
2 -237 -47.5 69 0 0 1 0 -1 0 1 0 -0 3
1 -334 -15.5 69 0 -1 0 
1 -234 -50.5 69 0 1 0 
8 3.1415926535897931 4.7123889803846897
2 -331 -18.5 69 0 0 1 0 -1 0 1 0 -0 3
8 1.5707963267948966 3.1415926535897931
2 -237 -18.5 69 0 0 1 0 -1 0 1 0 -0 3
1 -234 -15.5 69 -1 0 0 
1 -234 -47.5 69 0 0 1 
1 -234 -18.5 69 0 0 1 
1 -237 -15.5 69 0 0 1 
1 -331 -15.5 69 0 0 1 
1 -334 -18.5 69 0 0 1 
1 -334 -47.5 69 0 0 1 
1 325 -11 69 0 0 1 
1 322 -8 69 0 0 1 
8 1.5707963267948966 3.1415926535897931
2 322 -11 69 0 0 1 0 -1 0 1 0 -0 3
1 -225 -50 69 1 0 0 
8 0 1.5707963267948966
2 -222 -47 69 -0 -0 -1 0 -1 0 -1 0 0 3
8 0 1.5707963267948966
2 322 -47 69 0 0 1 0 -1 0 1 0 -0 3
1 -225 -8 69 0 -1 0 
1 325 -50 69 0 1 0 
8 3.1415926535897931 4.7123889803846897
2 -222 -11 69 0 0 1 0 -1 0 1 0 -0 3
1 325 -8 69 -1 0 0 
1 325 -47 69 0 0 1 
1 -222 -8 69 0 0 1 
1 322 -50 69 0 0 1 
1 -225 -11 69 0 0 1 
1 -222 -50 69 0 0 1 
1 -225 -47 69 0 0 1 
2 341.85171002707659 -203.61818019884385 64 -0.99291566121213615 -0.11882125112818198 0 0.11882125112818198 -0.99291566121213615 0 0 0 1 6
2 0 2653.0250000000387 64 -0 0 -1 0.11882125112818691 -0.99291566121213559 -0 -0.99291566121213559 -0.11882125112818691 0 2883.0250000000392
2 -341.85171002707659 -203.61818019884458 64 -0.99291566121213559 0.11882125112818691 0 -0.11882125112818691 -0.99291566121213559 -0 0 -0 1 6
1 342.56463753384571 -209.5756741661171 0 0 0 1 
1 -342.56463753384566 -209.5756741661171 0 0 0 1 
2 0 2653.0250000000387 1.5 -0 0 -1 0.11882125112818694 -0.99291566121213559 -0 -0.99291566121213559 -0.11882125112818694 0 2883.0250000000392
2 342.38640565715338 -208.08630067429846 1.5 0.99291566121213615 0.11882125112818198 0 0.11882125112818198 -0.99291566121213615 0 0 0 -1 1.5
2 0 2653.0250000000387 0 -0 0 -1 0.11882125112818694 -0.99291566121213559 -0 -0.99291566121213559 -0.11882125112818694 0 2881.5250000000392
2 -342.38640565715343 -208.08630067429931 1.5 0.99291566121213559 -0.11882125112818691 -0 -0.11882125112818691 -0.99291566121213559 0 -0 0 -1 1.5
2 -338.99999999999932 -179.78820432975246 1.5 -0 0 -1 -0.11882125112820854 -0.99291566121213304 0 -0.99291566121213304 0.11882125112820854 0 30.000000000000668
2 -338.99999999999932 -179.78820432975246 0 -0 0 -1 -0.11882125112820854 -0.99291566121213304 0 -0.99291566121213304 0.11882125112820854 0 28.500000000000668
2 -367.5 -179.78820432975272 1.5 8.6181062286527776e-15 -1 -0 -1 -8.6181062286527776e-15 0 -0 0 -1 1.5
1 -369 -179.78820432975272 1.4999999999999998 -0 1 -0 
1 -367.5 -179.78820432975272 -2.2204460492503131e-16 -0 1 -0 
2 -367.5 -12 1.4999999999999998 0 -1 0 -1 0 0 -0 -0 -1 1.5
2 -357.00000000000006 -11.999999999999986 1.5 -0 0 -1 -1 -1.184237892933506e-15 0 -1.184237892933506e-15 1 0 11.999999999999959
2 -357.00000000000006 -11.999999999999986 0 -0 0 -1 -1 -1.184237892933506e-15 0 -1.184237892933506e-15 1 0 10.499999999999959
2 -357 -1.4999999999999998 1.4999999999999998 -1 0 0 0 1 0 0 0 -1 1.5
1 -369 -179.78820432975272 0 0 0 1 
1 -369 -179.78820432975272 64 -0 1 -0 
1 -369 -12 0 0 0 1 
1 -357 -1.4999999999999998 -2.2204460492503131e-16 1 -0 -0 
2 357.00000000000006 -11.999999999999986 0 -0 0 -1 -4.7369515717340152e-15 1 0 1 4.7369515717340152e-15 0 10.499999999999959
1 367.5 -12 -2.2204460492503131e-16 -0 -1 -0 
2 339.00000000000023 -179.7882043297528 0 -0 0 -1 1 2.8421709430404222e-15 0 2.8421709430404222e-15 -1 -0 28.499999999999762
1 -178.50000000000003 -3 0 1 0 -0 
2 357.00000000000006 -11.999999999999986 0 0 0 -1 -4.7369515717340089e-15 1 0 1 4.7369515717340089e-15 0 8.9999999999999591
1 366 -60.201392861011072 0 -0 -1 0 
2 339.00000000000023 -179.7882043297528 0 0 0 -1 1 2.8421709430404222e-15 0 2.8421709430404222e-15 -1 0 26.999999999999773
2 0 2653.0250000000387 0 0 -0 -1 0.11882125112818692 -0.99291566121213559 0 -0.99291566121213559 -0.11882125112818692 0 2880.0250000000397
2 -338.99999999999932 -179.78820432975246 0 -0 0 -1 -0.11882125112820867 -0.99291566121213304 0 -0.99291566121213304 0.11882125112820867 0 27.000000000000679
1 -366 -144.09549502588732 0 0 1 -0 
2 -357.00000000000006 -11.999999999999986 0 -0 0 -1 -1 -1.6283271027835706e-15 0 -1.6283271027835706e-15 1 0 8.9999999999999432
1 -357.00000000000006 -3 -1 0 0 1 
2 -357.00000000000006 -11.999999999999986 4.5 -0 0 -1 -1 -1.6283271027835706e-15 0 -1.6283271027835706e-15 1 0 8.9999999999999432
1 -366 -12 -1 0 0 1 
1 -366 -179.78820432975272 4.5 0 1 0 
1 -366 -179.78820432975246 -1 0 0 1 
1 -342.20817378045996 -206.59692718248152 -1 0 0 1 
8 0 1.4516936881277689
2 -338.99999999999932 -179.78820432975246 4.5 0 0 1 -1 0 0 0 -1 0 27.000000000000679
1 342.20817378046127 -206.59692718248024 -1 0 0 1 
8 0 0.23820527733429731
2 0 2653.0250000000387 4.5 0 0 1 -0.11882125112818648 -0.99291566121213559 0 0.99291566121213559 -0.11882125112818648 0 2880.0250000000397
1 366 -179.7882043297528 -1 0 0 1 
8 0 1.4516936881277471
2 339.00000000000023 -179.7882043297528 4.5 0 0 1 0.11882125112818756 -0.99291566121213548 0 0.99291566121213548 0.11882125112818756 -0 26.999999999999773
1 366 -12 4.5 -0 -1 0 
1 366 -11.99999999999998 -1 0 0 1 
2 357.00000000000006 -11.999999999999986 4.5 0 0 -1 -4.7369515717340089e-15 1 0 1 4.7369515717340089e-15 0 8.9999999999999591
1 357 -3 -1 0 0 1 
8 0 714
1 357 -3 4.5 -1 0 0 
2 367.5 -12.000000000000004 1.5 1.6411096311345252e-15 1 0 1 -1.6411096311345252e-15 0 0 0 -1 1.5
1 369 -12 1.4999999999999998 -0 -1 -0 
2 367.5 -179.78820432975272 1.4999999999999998 0 1 0 1 -0 0 0 0 -1 1.5
1 369 -12 0 0 0 1 
1 369 -12 64 -0 -1 -0 
1 369 -179.78820432975272 0 0 0 1 
2 357 -1.4999999999999998 1.4999999999999998 -1 0 0 0 1 0 0 0 -1 1.5
2 357.00000000000006 -11.999999999999986 1.5 -0 0 -1 -4.7369515717340152e-15 1 0 1 4.7369515717340152e-15 0 11.999999999999959
2 339.00000000000023 -179.7882043297528 1.5 -0 0 -1 1 2.8421709430404222e-15 0 2.8421709430404222e-15 -1 -0 29.999999999999762
2 -338.99999999999932 -179.78820432975246 64 -0 0 -1 -0.11882125112820856 -0.99291566121213304 0 -0.99291566121213304 0.11882125112820856 0 30.000000000000668
2 339.00000000000023 -179.7882043297528 64 -0 0 -1 1 2.8421709430404222e-15 0 2.8421709430404222e-15 -1 -0 29.999999999999762
2 363 -179.78820432975272 64 -0 -1 -0 1 -0 0 -0 0 1 6
2 -363 -179.78820432975266 64 -8.6042284408449632e-15 1 0 -1 -8.6042284408449632e-15 0 0 0 1 6
2 363 -11.999999999999996 64 -1.6411096311345252e-15 -1 0 1 -1.6411096311345252e-15 -0 0 0 1 6
2 -363 -12 64 -0 1 -0 -1 0 0 0 0 1 6
2 357 -5.9999999999999991 64 1 -0 -0 0 1 0 0 -0 1 6
2 357.00000000000006 -11.999999999999986 64 -0 0 -1 -4.7369515717340152e-15 1 0 1 4.7369515717340152e-15 0 11.999999999999959
2 -357.00000000000006 -11.999999999999986 64 -0 0 -1 -1 -1.1842378929335058e-15 0 -1.1842378929335058e-15 1 0 11.999999999999959
2 -357 -5.9999999999999991 64 1 -0 -0 0 1 0 0 -0 1 6
1 -310.99999999999989 -65.000000000000213 68 0 0 1 
1 -289.04319192365944 -184.28049629594318 68 0 0 1 
1 311.00000000000011 -65.000000000000014 68 0 0 1 
1 -175.07904394606743 -195.59608545683872 68 0 0 1 
1 316.80000000000013 -70.800000000000011 68 0 0 1 
1 -174.99999999999835 -195.60000000000002 68 0 0 1 
1 316.80000000000013 -153.63120620765932 68 0 0 1 
1 175.00000000000006 -195.60000000000002 68 0 0 1 
1 289.04319192365949 -184.28049629594324 68 0 0 1 
1 175.07904394606913 -195.59608545683855 68 0 0 1 
1 9.0000000000000853 -188.50000000000006 52 0 0 1 
1 8.9056162055189443 -189.80000000000001 52 0 0 1 
1 67.976999999999634 -209.5 50 0 0 1 
1 63.976999999999634 -209.5 50 0 0 1 
1 63.976999999999634 -209.5 50 1 0 -0 
1 63.976999999999634 -209.5 50 -0 1 0 
1 63.976999999999634 -54.5 50 1 0 -0 
1 67.976999999999634 -209.5 50 -0 1 0 
1 159.97699999999963 -209.5 50 0 0 1 
1 159.97699999999963 -189.80000000000001 24.5 -0 0 -1 
1 159.97699999999963 -209.5 61 -0 1 0 
1 159.97699999999963 -158.05059327780882 4.5 0 0 1 
1 159.97699999999963 -209.5 50 -0 1 0 
2 176.97699999999963 -146.95600000000002 50 0 0 1 1 0 -0 -0 1 0 20.300000000000001
1 163.97699999999963 -209.5 50 -0 1 0 
1 159.97699999999963 -209.5 50 1 0 -0 
2 176.97699999999963 -146.95600000000002 61 0 0 1 1 0 -0 -0 1 0 20.300000000000001
1 163.97699999999963 -162.54734375222355 4.5 0 0 1 
1 163.97699999999963 -209.5 61 -0 1 0 
1 -7.3876909242855646 -189.80000000000001 61 1 0 -0 
1 163.97699999999963 -209.5 50 0 0 1 
1 163.97699999999963 -189.80000000000001 24.5 -0 0 -1 
1 63.976999999999634 -189.80000000000001 24.5 -0 0 -1 
1 -55.387690924285565 -189.80000000000001 61 1 0 -0 
1 67.976999999999634 -189.80000000000001 24.5 -0 0 -1 
1 174.75238184857088 -189.80000000000001 -1 0 0 1 
1 63.976999999999634 -209.5 61 -0 1 0 
1 -123.51150000000015 -70.800000000000139 61 1 3.1985846625856601e-16 -0 
1 67.976999999999634 -209.5 61 -0 1 0 
1 288.47012331465874 -178.50887673386379 -1 0 0 1 
1 307.96656988059101 -165.56727790990362 -1 -0 0 -1 
1 311.00000000000011 -147.85572809000109 52 0 0 1 
1 319.00000000000006 -156.80000000000024 52 0 0 1 
1 311.00000000000011 -80.744271909999412 52 0 0 1 
1 301.05572809000097 -70.800000000000011 52 0 0 1 
1 319.00000000000011 -71.800000000000253 52 0 0 1 
1 254.32880464254646 -70.80000000000004 4.5 0 0 1 
1 232.62519535745281 -70.80000000000004 4.5 0 0 1 
1 218.32880464254646 -70.80000000000004 4.5 0 0 1 
1 196.62519535745281 -70.80000000000004 4.5 0 0 1 
1 163.97699999999963 -92.36465624777648 4.5 0 0 1 
1 163.97699999999963 -70.800000000000068 24.5 -0 0 -1 
1 163.97699999999963 -54.5 50 0 0 1 
1 159.97699999999963 -54.5 50 1 0 -0 
2 176.97699999999963 -107.95600000000002 50 0 0 1 1 0 -0 -0 1 0 20.300000000000001
1 -75.511500000000154 -70.800000000000139 61 1 3.1985846625856601e-16 -0 
2 176.97699999999963 -107.95600000000002 61 0 0 1 1 0 -0 -0 1 0 20.300000000000001
1 159.97699999999963 -96.861406722191219 4.5 0 0 1 
1 159.97699999999963 -54.5 50 0 0 1 
1 159.97699999999963 -70.800000000000068 24.5 -0 0 -1 
1 67.976999999999634 -70.800000000000068 24.5 -0 0 -1 
1 67.976999999999634 -54.5 50 0 0 1 
1 63.976999999999634 -54.5 50 0 0 1 
1 63.976999999999634 -70.800000000000082 24.5 -0 0 -1 
1 8.9442719099992267 -70.800000000000111 52 0 0 1 
1 9.0000000000000853 -71.800000000000267 52 0 0 1 
1 -8.9442719099990562 -70.800000000000111 52 0 0 1 
1 -136.39423258405358 -70.800000000000153 4.5 0 0 1 
1 -156.42976741594711 -70.800000000000153 4.5 0 0 1 
1 -195.41200000000035 -89.962401639239417 4.5 0 0 1 
1 -195.41200000000035 -209.5 61 -0 1 0 
1 -195.41200000000035 -70.800000000000182 24.5 -0 0 -1 
1 -195.41200000000035 -54.5 50 0 0 1 
1 -195.41200000000035 -209.5 50 -0 1 0 
1 -199.41200000000035 -209.5 50 -0 1 0 
1 -199.41200000000035 -54.5 50 1 0 -0 
2 -179.41200000000035 -102.45600000000002 50 0 0 1 1 0 -0 -0 1 0 20.300000000000001
1 -199.41200000000035 -209.5 61 -0 1 0 
1 -255.20600000000013 -70.800000000000196 61 1 3.1985846625856601e-16 -0 
2 -179.41200000000035 -102.45600000000002 61 0 0 1 1 0 -0 -0 1 0 20.300000000000001
1 -199.41200000000035 -98.978932269857268 4.5 0 0 1 
1 -199.41200000000035 -54.5 50 0 0 1 
1 -199.41200000000035 -70.800000000000182 24.5 -0 0 -1 
1 -291.41200000000038 -54.5 50 0 0 1 
1 -295.41200000000038 -54.5 50 0 0 1 
1 -295.41200000000038 -54.5 50 1 0 -0 
1 -295.41200000000038 -209.5 50 -0 1 0 
1 -291.41200000000038 -209.5 50 -0 1 0 
1 -295.41200000000038 -209.5 50 1 0 -0 
1 -295.41200000000038 -70.800000000000196 24.5 -0 0 -1 
1 -303.20600000000013 -70.800000000000196 61 1 3.1985846625856601e-16 -0 
1 -291.41200000000038 -70.800000000000196 24.5 -0 0 -1 
1 -301.05572809000074 -70.80000000000021 52 0 0 1 
1 -295.41200000000038 -209.5 61 -0 1 0 
1 -291.41200000000038 -209.5 61 -0 1 0 
2 -286.00000000000011 -153.63120620765932 61 0 0 -1 1 0 0 0 -1 -0 25
1 -300.99999999999989 -71.800000000000253 52 0 0 1 
1 -310.99999999999989 -80.744271909999412 52 0 0 1 
1 -311.00000000000017 -147.85572809000112 52 0 0 1 
1 -300.99999999999983 -156.80000000000024 52 0 0 1 
1 -307.96656988059095 -165.56727790990368 -1 -0 0 -1 
1 -295.41200000000038 -209.5 50 0 0 1 
1 -295.41200000000038 -176.79182485224641 -1 -0 0 -1 
1 -291.41200000000038 -209.5 50 0 0 1 
1 -291.41200000000038 -178.03838252938891 -1 -0 0 -1 
1 -288.47012331465868 -178.50887673386373 -1 0 0 1 
1 -285.71200000000033 -178.78273294950361 1.75 0 0 1 
1 -285.71200000000033 -182.25600000000003 4.5 0 0 1 
1 -250.73123899142905 -182.25599999999997 1.75 -0 0 -1 
1 -199.41200000000035 -209.5 50 0 0 1 
1 -199.41200000000035 -187.35152727574462 24.5 0 0 1 
1 -199.41200000000035 -156.54734375222355 4.5 0 0 1 
2 -186.41200000000035 -140.95600000000002 50 0 0 1 1 0 -0 -0 1 0 20.300000000000001
1 -199.41200000000035 -209.5 50 1 0 -0 
2 -186.41200000000035 -140.95600000000002 61 0 0 1 1 0 -0 -0 1 0 20.300000000000001
1 -195.41200000000035 -159.15187865424477 4.5 0 0 1 
1 -185.99335581053151 -188.68387492576278 61 -0.99510682104817694 0.098804932586342362 0 
1 -195.41200000000035 -209.5 50 0 0 1 
1 -195.41200000000035 -187.74869039631199 24.5 0 0 1 
2 339.00000000000023 -179.7882043297528 4.5 0 0 -1 1 2.8421709430404222e-15 0 2.8421709430404222e-15 -1 0 24.999999999999773
1 363.97061375404235 -181 4.4999000000000002 0 0 -1 
1 364 -179.7882043297528 4.4999000000000002 0 0 1 
1 364 -60.234272924184125 4.5 -0 -1 0 
1 364 -11.999999999999982 4.4999000000000002 0 0 1 
1 345 -181 4.5 1 0 -0 
1 345 -181 4.5 0 0 1 
1 345 -181 16.5 -1 -0 0 
1 353.06225774829852 -181 4.5 0 0 1 
2 345 -185 16.5 0 0 1 1 0 -0 -0 1 0 9
1 353.06225774829852 -189 4.5 0 0 1 
2 345 -185 4.5 0 0 1 1 0 -0 -0 1 0 9
1 345 -187 16.5 -0 1 0 
1 346.06809799800078 -181.30000000000001 16.5 1 -1.0394392899370617e-16 0 
1 342.32975500499799 -182.22499999999999 16.5 0.50000000000000022 0.8660254037844386 -0 
1 341.26165700699721 -185.92500000000001 16.5 -0.49999999999999978 0.86602540378443882 0 
1 343.93190200199922 -188.69999999999999 16.5 -1 7.2760750295594312e-16 0 
1 345 -189 16.5 -1 -0 0 
1 342.86380400399838 -188.69999999999999 13.1 1 -7.2760750295594312e-16 0 
1 347.13619599600162 -188.69999999999999 13.1 0 0 1 
1 342.86380400399838 -188.69999999999999 17.5 1 -7.2760750295594312e-16 0 
1 345 -188.69999999999999 8.8000000000000007 0 0 1 
1 342.86380400399838 -188.69999999999999 13.1 0 0 1 
1 347.13619599600162 -188.69999999999999 17.5 0.50000000000000033 0.86602540378443849 0 
1 349.27239199200324 -185 17.5 -0.49999999999999994 0.86602540378443871 0 
1 347.13619599600162 -181.30000000000001 17.5 -1 1.0394392899370617e-16 0 
8 0 7.3999999999999773
1 345 -181.30000000000001 17.5 0 -1 0 
1 349.27239199200324 -185 13.1 0 0 1 
1 347.13619599600162 -181.30000000000001 13.1 0 0 1 
1 349.27239199200324 -185 13.1 -0.49999999999999994 0.86602540378443871 0 
1 347.13619599600162 -188.69999999999999 13.1 0.50000000000000033 0.86602540378443849 0 
1 347.13619599600162 -181.30000000000001 13.1 -1 1.0394392899370617e-16 0 
1 342.86380400399838 -181.30000000000001 13.1 -0.50000000000000022 -0.8660254037844386 0 
1 340.72760800799676 -185 13.1 0.49999999999999978 -0.86602540378443882 0 
2 345 -185 13.1 0 0 1 1 0 -0 -0 1 0 2.25
2 345 -185 4.5 0 0 1 1 0 -0 -0 1 0 2.25
1 347.25 -185 3.5 0 0 1 
1 340.72760800799676 -185 13.1 0 0 1 
1 342.86380400399838 -181.30000000000001 13.1 0 0 1 
1 345 -181.30000000000001 8.8000000000000007 0 0 -1 
2 357.00000000000006 -11.999999999999986 4.5 0 0 -1 -4.7369515717340089e-15 1 0 1 4.7369515717340089e-15 0 6.9999999999999591
1 357 -5 4.4999000000000002 0 0 1 
1 345 -189 4.5 0 0 1 
1 344 -5 4.4999500000000001 -0 0 -1 
1 345 -189 4.5 1 0 -0 
1 362.24097288259713 -189 4.4999000000000002 0 0 -1 
1 344 -15 4.5 0 0 1 
1 344 -15 4.5 -0 1 0 
1 344 -6.9377422517014509 4.5 0 0 1 
1 344 -15 16.5 -0 1 0 
1 344 -14.528203230275498 8.8000000000000007 0 0 -1 
1 344 -15 17.5 0 -1 0 
1 344.27239199200324 -15 17.5 -0.49999999999999994 0.86602540378443871 0 
1 342.13619599600162 -11.299999999999999 17.5 -1 1.0394392899370617e-16 0 
1 337.86380400399838 -11.299999999999999 17.5 -0.50000000000000022 -0.8660254037844386 0 
1 336 -15 17.5 0 -1 0 
8 0 8
1 336 -15 17.5 1 0 0 
1 337.86380400399838 -11.299999999999999 13.1 -0.50000000000000022 -0.8660254037844386 0 
1 335.72760800799676 -15 13.1 0 0 1 
1 337.32975500499799 -12.224999999999987 16.5 0.50000000000000022 0.8660254037844386 -0 
1 336 -14.528203230275441 8.8000000000000007 0 -0 -1 
1 337.86380400399838 -11.299999999999999 13.1 0 0 1 
1 335.72760800799676 -15 13.1 0.49999999999999978 -0.86602540378443882 0 
1 337.86380400399838 -18.699999999999999 13.1 0 0 1 
1 336.26165700699721 -15.924999999999997 16.5 -0.49999999999999978 0.86602540378443882 0 
1 337.86380400399838 -18.699999999999999 13.1 1 -7.2760750295594312e-16 0 
1 342.13619599600162 -18.700000000000003 13.1 0 0 1 
1 338.93190200199922 -18.700000000000003 16.5 -1 7.2760750295594312e-16 0 
1 342.13619599600162 -18.700000000000003 13.1 0.50000000000000033 0.86602540378443849 0 
1 344.27239199200324 -15 13.1 0 0 1 
1 342.67024499500201 -17.775000000000013 16.5 -0.50000000000000033 -0.86602540378443849 0 
1 344.27239199200324 -15 13.1 -0.49999999999999994 0.86602540378443871 0 
1 342.13619599600162 -11.299999999999999 13.1 -1 1.0394392899370617e-16 0 
2 340 -15 13.1 0 0 1 1 0 -0 -0 1 0 2.25
1 342.25 -15 3.5 0 0 1 
2 340 -15 4.5 0 0 1 1 0 -0 -0 1 0 2.25
1 342.13619599600162 -11.299999999999999 13.1 0 0 1 
1 343.73834299300279 -14.075000000000003 16.5 0.49999999999999994 -0.86602540378443871 0 
8 0 5.3620773238169415
2 340 -15 16.5 0 0 -1 0.44444444444444442 0.89580641647761661 0 0.89580641647761661 -0.44444444444444442 0 9
1 336 -15 16.5 -0 1 0 
8 0 5.3620773238169495
2 340 -15 4.5 0 0 -1 0.4444444444444372 0.89580641647762027 0 0.89580641647762027 -0.4444444444444372 0 9
1 336 -6.9377422517014509 4.5 0 0 1 
1 341.97053127820487 -204.61109586005597 4.4999000000000002 0 0 1 
1 336 -15 4.5 0 0 1 
2 0 2653.0250000000387 4.5 0 -0 -1 0.11882125112818692 -0.99291566121213559 0 -0.99291566121213559 -0.11882125112818692 0 2878.0250000000397
1 109 -222.93517020837862 4.4999000000000002 0 -0 -1 
1 336 -5 4.4999500000000001 -0 0 -1 
1 336 -15 4.5 -0 1 0 
1 109 -210 4.5 0 0 1 
1 109 -220 17.5 0 -1 0 
1 109 -210.47179676972451 8.8000000000000007 0 0 1 
1 109 -220 16.5 -0 1 0 
1 109 -218.06225774829855 4.5 0 0 1 
1 109 -230 4.5 -0 1 0 
8 0 5.3620773238169486
2 105 -210 4.5 -0 0 -1 -0.44444444444444442 -0.89580641647761661 0 -0.89580641647761661 0.44444444444444442 0 9
1 101 -218.06225774829855 4.5 0 0 1 
8 0 5.3620773238169415
2 105 -210 16.5 -0 0 1 0.44444444444444442 -0.89580641647761661 0 0.89580641647761661 0.44444444444444442 0 9
1 107.67024499500201 -212.77499999999998 16.5 -0.50000000000000033 -0.86602540378443849 0 
1 108.73834299300283 -209.07499999999999 16.5 0.49999999999999994 -0.86602540378443871 0 
1 106.06809799800081 -206.30000000000001 16.5 1 -1.0394392899370617e-16 0 
1 102.32975500499799 -207.22500000000002 16.5 0.50000000000000022 0.8660254037844386 -0 
1 101.26165700699717 -210.92500000000001 16.5 -0.49999999999999978 0.86602540378443882 0 
1 101 -220 16.5 -0 1 0 
1 100.72760800799676 -210 13.1 0.49999999999999978 -0.86602540378443882 0 
1 102.86380400399838 -213.69999999999999 13.1 0 0 1 
1 100.72760800799676 -210 17.5 0.49999999999999978 -0.86602540378443882 0 
1 101 -210.47179676972451 8.8000000000000007 0 0 1 
1 100.72760800799676 -210 13.1 0 0 1 
1 107.13619599600162 -213.69999999999999 13.1 0 0 1 
1 102.86380400399838 -213.69999999999999 13.1 1 -7.2760750295594312e-16 0 
1 102.86380400399838 -213.69999999999999 17.5 1 -7.2760750295594312e-16 0 
1 109.27239199200324 -210 13.1 -0.49999999999999994 0.86602540378443871 0 
1 107.13619599600162 -213.69999999999999 13.1 0.50000000000000033 0.86602540378443849 0 
1 107.13619599600162 -206.30000000000001 13.1 -1 1.0394392899370617e-16 0 
1 102.86380400399838 -206.30000000000001 13.1 -0.50000000000000022 -0.8660254037844386 0 
2 105 -210 13.1 0 0 1 1 0 -0 -0 1 0 2.25
1 107.25 -210 3.5 0 0 1 
2 105 -210 4.5 0 0 1 1 0 -0 -0 1 0 2.25
1 102.86380400399838 -206.30000000000001 13.1 0 0 1 
1 107.13619599600162 -206.30000000000001 13.1 0 0 1 
1 109.27239199200324 -210 13.1 0 0 1 
1 107.13619599600162 -213.69999999999999 17.5 0.50000000000000033 0.86602540378443849 0 
8 0 8
1 109 -210 17.5 -1 0 0 
1 101 -220 17.5 0 -1 0 
1 104 -5 4.4999500000000001 -0 0 -1 
1 101 -210 4.5 0 0 1 
1 104 -15 4.5 0 0 1 
1 104 -15 4.5 -0 1 0 
1 104 -6.9377422517014509 4.5 0 0 1 
1 104 -15 16.5 -0 1 0 
1 104 -14.528203230275498 8.8000000000000007 0 0 -1 
1 104 -15 17.5 0 -1 0 
1 104.27239199200324 -15 17.5 -0.49999999999999994 0.86602540378443871 0 
1 102.13619599600162 -11.299999999999999 17.5 -1 1.0394392899370617e-16 0 
1 97.863804003998382 -11.299999999999999 17.5 -0.50000000000000022 -0.8660254037844386 0 
1 96 -15 17.5 0 -1 0 
8 0 8
1 96 -15 17.5 1 0 0 
1 97.863804003998382 -11.299999999999999 13.1 -0.50000000000000022 -0.8660254037844386 0 
1 95.727608007996764 -15 13.1 0 0 1 
1 97.329755004997978 -12.224999999999998 16.5 0.50000000000000022 0.8660254037844386 -0 
1 96 -14.528203230275498 8.8000000000000007 0 -0 -1 
1 97.863804003998382 -11.299999999999999 13.1 0 0 1 
1 95.727608007996764 -15 13.1 0.49999999999999978 -0.86602540378443882 0 
1 97.863804003998382 -18.699999999999999 13.1 0 0 1 
1 96.261657006997169 -15.925000000000001 16.5 -0.49999999999999978 0.86602540378443882 0 
1 97.863804003998382 -18.699999999999999 13.1 1 -7.2760750295594312e-16 0 
1 102.13619599600162 -18.700000000000003 13.1 0 0 1 
1 98.931902001999191 -18.700000000000003 16.5 -1 7.2760750295594312e-16 0 
1 102.13619599600162 -18.700000000000003 13.1 0.50000000000000033 0.86602540378443849 0 
1 104.27239199200324 -15 13.1 0 0 1 
1 102.67024499500204 -17.775000000000006 16.5 -0.50000000000000033 -0.86602540378443849 0 
1 104.27239199200324 -15 13.1 -0.49999999999999994 0.86602540378443871 0 
1 102.13619599600162 -11.299999999999999 13.1 -1 1.0394392899370617e-16 0 
2 100 -15 13.1 0 0 1 1 0 -0 -0 1 0 2.25
1 102.25 -15 3.5 0 0 1 
2 100 -15 4.5 0 0 1 1 0 -0 -0 1 0 2.25
1 102.13619599600162 -11.299999999999999 13.1 0 0 1 
1 103.73834299300283 -14.074999999999999 16.5 0.49999999999999994 -0.86602540378443871 0 
8 0 5.3620773238169415
2 100 -15 16.5 0 0 -1 0.44444444444444442 0.89580641647761661 0 0.89580641647761661 -0.44444444444444442 0 9
1 96 -15 16.5 -0 1 0 
8 0 5.3620773238169495
2 100 -15 4.5 0 0 -1 0.44444444444443731 0.89580641647762016 0 0.89580641647762016 -0.44444444444443731 0 9
1 96 -6.9377422517014509 4.5 0 0 1 
1 101 -230 4.5 -0 1 0 
1 101 -223.2272317462016 4.4999000000000002 0 -0 -1 
1 96 -15 4.5 0 0 1 
1 -101 -223.2272317462016 4.4999000000000002 0 -0 -1 
1 -101 -210 4.5 0 0 1 
1 -101 -220 17.5 0 -1 0 
1 -101 -210.47179676972448 8.8000000000000007 0 0 1 
1 -101 -220 16.5 -0 1 0 
1 -101 -218.06225774829855 4.5 0 0 1 
1 -101 -230 4.5 -0 1 0 
8 0 5.3620773238169486
2 -105 -210 4.5 -0 0 -1 -0.44444444444444442 -0.89580641647761661 0 -0.89580641647761661 0.44444444444444442 0 9
1 -109 -218.06225774829855 4.5 0 0 1 
8 0 5.3620773238169415
2 -105 -210 16.5 -0 0 1 0.44444444444444442 -0.89580641647761661 0 0.89580641647761661 0.44444444444444442 0 9
1 -102.32975500499798 -212.77499999999998 16.5 -0.50000000000000033 -0.86602540378443849 0 
1 -101.26165700699715 -209.07499999999999 16.5 0.49999999999999994 -0.86602540378443871 0 
1 -103.93190200199919 -206.30000000000001 16.5 1 -1.0394392899370617e-16 0 
1 -107.67024499500202 -207.22500000000002 16.5 0.50000000000000022 0.8660254037844386 -0 
1 -108.73834299300285 -210.92500000000001 16.5 -0.49999999999999978 0.86602540378443882 0 
1 -109 -220 16.5 -0 1 0 
1 -109.27239199200324 -210 13.1 0.49999999999999978 -0.86602540378443882 0 
1 -107.13619599600162 -213.69999999999999 13.1 0 0 1 
1 -109.27239199200324 -210 17.5 0.49999999999999978 -0.86602540378443882 0 
1 -109 -210.47179676972451 8.8000000000000007 0 0 1 
1 -109.27239199200324 -210 13.1 0 0 1 
1 -102.86380400399838 -213.69999999999999 13.1 0 0 1 
1 -107.13619599600162 -213.69999999999999 13.1 1 -7.2760750295594312e-16 0 
1 -107.13619599600162 -213.69999999999999 17.5 1 -7.2760750295594312e-16 0 
1 -100.72760800799676 -210 13.1 -0.49999999999999994 0.86602540378443871 0 
1 -102.86380400399838 -213.69999999999999 13.1 0.50000000000000033 0.86602540378443849 0 
1 -102.86380400399838 -206.30000000000001 13.1 -1 1.0394392899370617e-16 0 
1 -107.13619599600162 -206.30000000000001 13.1 -0.50000000000000022 -0.8660254037844386 0 
2 -105 -210 13.1 0 0 1 1 0 -0 -0 1 0 2.25
1 -102.75 -210 3.5 0 0 1 
2 -105 -210 4.5 0 0 1 1 0 -0 -0 1 0 2.25
1 -107.13619599600162 -206.30000000000001 13.1 0 0 1 
1 -102.86380400399838 -206.30000000000001 13.1 0 0 1 
1 -100.72760800799676 -210 13.1 0 0 1 
1 -102.86380400399838 -213.69999999999999 17.5 0.50000000000000033 0.86602540378443849 0 
8 0 8
1 -101 -210 17.5 -1 0 0 
1 -109 -220 17.5 0 -1 0 
1 -109 -210 4.5 0 0 1 
1 -109 -230 4.5 -0 1 0 
1 -109 -222.93517020837862 4.4999000000000002 0 -0 -1 
1 -96 -15 4.5 0 0 1 
8 0 8
1 -104 -15 17.5 1 0 0 
1 -104 -15 4.5 0 0 1 
1 -96 -15 17.5 0 -1 0 
1 -95.727608007996764 -15 17.5 -0.49999999999999994 0.86602540378443871 0 
1 -97.863804003998382 -11.299999999999999 17.5 -1 1.0394392899370617e-16 0 
1 -102.13619599600162 -11.299999999999999 17.5 -0.50000000000000022 -0.8660254037844386 0 
1 -104 -15 17.5 0 -1 0 
1 -102.13619599600162 -11.299999999999999 13.1 -0.50000000000000022 -0.8660254037844386 0 
1 -104.27239199200324 -15 13.1 0 0 1 
1 -102.67024499500201 -12.225000000000001 16.5 0.50000000000000022 0.8660254037844386 -0 
1 -104 -14.528203230275512 8.8000000000000007 0 -0 -1 
1 -102.13619599600162 -11.299999999999999 13.1 0 0 1 
1 -103.73834299300285 -15.925000000000004 16.5 -0.49999999999999978 0.86602540378443882 0 
1 -101.06809799800081 -18.700000000000003 16.5 -1 7.2760750295594312e-16 0 
1 -97.329755004997963 -17.775000000000006 16.5 -0.50000000000000033 -0.86602540378443849 0 
1 -96.261657006997154 -14.074999999999996 16.5 0.49999999999999994 -0.86602540378443871 0 
1 -96 -15 16.5 -0 1 0 
8 0 5.3620773238169415
2 -100 -15 16.5 0 0 -1 0.44444444444444442 0.89580641647761661 0 0.89580641647761661 -0.44444444444444442 0 9
1 -104 -15 16.5 -0 1 0 
8 0 5.3620773238169495
2 -100 -15 4.5 0 0 -1 0.44444444444443731 0.89580641647762016 0 0.89580641647762016 -0.44444444444443731 0 9
1 -96 -6.9377422517014509 4.5 0 0 1 
1 -104 -6.9377422517014509 4.5 0 0 1 
1 -97.863804003998382 -18.700000000000003 13.1 0.50000000000000033 0.86602540378443849 0 
1 -95.727608007996764 -15 13.1 0 0 1 
1 -97.863804003998382 -18.700000000000003 13.1 0 0 1 
1 -102.13619599600162 -18.699999999999999 13.1 1 -7.2760750295594312e-16 0 
1 -102.13619599600162 -18.699999999999999 13.1 0 0 1 
1 -104.27239199200324 -15 13.1 0.49999999999999978 -0.86602540378443882 0 
1 -95.727608007996764 -15 13.1 -0.49999999999999994 0.86602540378443871 0 
1 -97.863804003998382 -11.299999999999999 13.1 -1 1.0394392899370617e-16 0 
2 -100 -15 13.1 0 0 1 1 0 -0 -0 1 0 2.25
1 -97.75 -15.000000000000002 3.5 0 0 1 
2 -100 -15 4.5 0 0 1 1 0 -0 -0 1 0 2.25
1 -97.863804003998382 -11.299999999999999 13.1 0 0 1 
1 -96 -14.528203230275498 8.8000000000000007 0 0 -1 
1 -341.97053127820357 -204.6110958600575 4.4999000000000002 0 0 1 
1 -104 -5 4.4999500000000001 -0 0 -1 
1 -104 -15 4.5 -0 1 0 
2 -338.99999999999932 -179.78820432975246 4.5 -0 0 -1 -0.11882125112820867 -0.99291566121213304 0 -0.99291566121213304 0.11882125112820867 0 25.000000000000679
1 -362.24097288259702 -189 4.4999000000000002 -0 0 -1 
1 -336 -5 4.4999500000000001 -0 0 -1 
1 -367 -189 4.5 1 0 -0 
1 -353.06225774829852 -189 4.5 0 0 1 
1 -356 -189 16.5 -1 -0 0 
1 -345 -189 4.5 0 0 1 
1 -345 -187 16.5 -0 1 0 
1 -346.06809799800078 -188.69999999999999 16.5 -1 7.2760750295594312e-16 0 
1 -342.32975500499799 -187.77500000000001 16.5 -0.50000000000000033 -0.86602540378443849 0 
1 -341.26165700699721 -184.07499999999999 16.5 0.49999999999999994 -0.86602540378443871 0 
1 -343.93190200199922 -181.30000000000001 16.5 1 -1.0394392899370617e-16 0 
1 -356 -181 16.5 -1 -0 0 
8 0 5.3620773238169415
2 -345 -185 16.5 0 0 -1 -0.89580641647761605 0.44444444444444575 0 0.44444444444444575 0.89580641647761605 0 9
1 -342.86380400399838 -181.30000000000001 13.1 -1 1.0394392899370617e-16 0 
1 -347.13619599600162 -181.30000000000001 13.1 0 0 1 
1 -342.86380400399838 -181.30000000000001 17.5 -1 1.0394392899370617e-16 0 
1 -345 -181.30000000000001 8.8000000000000007 0 0 -1 
1 -342.86380400399838 -181.30000000000001 13.1 0 0 1 
1 -347.13619599600162 -181.30000000000001 17.5 -0.50000000000000022 -0.8660254037844386 0 
1 -349.27239199200324 -185 17.5 0.49999999999999978 -0.86602540378443882 0 
1 -347.13619599600162 -188.69999999999999 17.5 1 -7.2760750295594312e-16 0 
8 0 7.3999999999999773
1 -345 -188.69999999999999 17.5 0 1 0 
1 -349.27239199200324 -185 13.1 0 0 1 
1 -347.13619599600162 -188.69999999999999 13.1 0 0 1 
1 -349.27239199200324 -185 13.1 0.49999999999999978 -0.86602540378443882 0 
1 -347.13619599600162 -181.30000000000001 13.1 -0.50000000000000022 -0.8660254037844386 0 
1 -340.72760800799676 -185 13.1 -0.49999999999999994 0.86602540378443871 0 
1 -342.86380400399838 -188.69999999999999 13.1 0.50000000000000033 0.86602540378443849 0 
1 -347.13619599600162 -188.69999999999999 13.1 1 -7.2760750295594312e-16 0 
2 -345 -185 13.1 0 0 1 1 0 -0 -0 1 0 2.25
1 -342.75 -185 3.5 0 0 1 
2 -345 -185 4.5 0 0 1 1 0 -0 -0 1 0 2.25
1 -340.72760800799676 -185 13.1 0 0 1 
1 -342.86380400399838 -188.69999999999999 13.1 0 0 1 
1 -345 -188.69999999999999 8.8000000000000007 0 0 1 
8 0 5.3620773238170347
2 -345 -185 4.5 0 0 -1 -0.89580641647763737 0.44444444444440279 0 0.44444444444440279 0.89580641647763737 0 9
1 -353.06225774829852 -181 4.5 0 0 1 
1 -336 -15 4.5 0 0 1 
1 -336 -15 4.5 -0 1 0 
1 -336 -6.9377422517014509 4.5 0 0 1 
1 -336 -15 16.5 -0 1 0 
1 -336 -14.528203230275498 8.8000000000000007 0 0 -1 
1 -336 -15 17.5 0 -1 0 
1 -335.72760800799676 -15 17.5 -0.49999999999999994 0.86602540378443871 0 
1 -337.86380400399838 -11.299999999999999 17.5 -1 1.0394392899370617e-16 0 
1 -342.13619599600162 -11.299999999999999 17.5 -0.50000000000000022 -0.8660254037844386 0 
1 -344 -15 17.5 0 -1 0 
8 0 8
1 -344 -15 17.5 1 0 0 
1 -342.13619599600162 -11.299999999999999 13.1 -0.50000000000000022 -0.8660254037844386 0 
1 -344.27239199200324 -15 13.1 0 0 1 
1 -342.67024499500201 -12.224999999999987 16.5 0.50000000000000022 0.8660254037844386 -0 
1 -344 -14.528203230275441 8.8000000000000007 0 -0 -1 
1 -342.13619599600162 -11.299999999999999 13.1 0 0 1 
1 -344.27239199200324 -15 13.1 0.49999999999999978 -0.86602540378443882 0 
1 -342.13619599600162 -18.699999999999999 13.1 0 0 1 
1 -343.73834299300285 -15.925000000000011 16.5 -0.49999999999999978 0.86602540378443882 0 
1 -342.13619599600162 -18.699999999999999 13.1 1 -7.2760750295594312e-16 0 
1 -337.86380400399838 -18.700000000000003 13.1 0 0 1 
1 -341.06809799800078 -18.700000000000003 16.5 -1 7.2760750295594312e-16 0 
1 -337.86380400399838 -18.700000000000003 13.1 0.50000000000000033 0.86602540378443849 0 
1 -335.72760800799676 -15 13.1 0 0 1 
1 -337.32975500499799 -17.774999999999999 16.5 -0.50000000000000033 -0.86602540378443849 0 
1 -335.72760800799676 -15 13.1 -0.49999999999999994 0.86602540378443871 0 
1 -337.86380400399838 -11.299999999999999 13.1 -1 1.0394392899370617e-16 0 
2 -340 -15 13.1 0 0 1 1 0 -0 -0 1 0 2.25
1 -337.75 -15 3.5 0 0 1 
2 -340 -15 4.5 0 0 1 1 0 -0 -0 1 0 2.25
1 -337.86380400399838 -11.299999999999999 13.1 0 0 1 
1 -336.26165700699715 -14.074999999999989 16.5 0.49999999999999994 -0.86602540378443871 0 
8 0 5.3620773238169415
2 -340 -15 16.5 0 0 -1 0.44444444444444442 0.89580641647761661 0 0.89580641647761661 -0.44444444444444442 0 9
1 -344 -15 16.5 -0 1 0 
8 0 5.3620773238169495
2 -340 -15 4.5 0 0 -1 0.4444444444444372 0.89580641647762027 0 0.89580641647762027 -0.4444444444444372 0 9
1 -344 -6.9377422517014509 4.5 0 0 1 
1 -345 -181 4.5 0 0 1 
1 -344 -15 4.5 0 0 1 
1 -367 -181 4.5 1 0 -0 
1 -363.97061375404235 -181 4.4999000000000002 -0 0 -1 
1 -344 -5 4.4999500000000001 -0 0 -1 
1 -344 -15 4.5 -0 1 0 
1 -364 -179.78820432975246 4.4999000000000002 0 0 1 
1 -357.00000000000006 -5 4.4999000000000002 0 0 1 
1 -364 -144.12837508906037 4.5 0 1 -0 
1 -364 -12 4.4999000000000002 0 0 1 
2 -357.00000000000006 -11.999999999999986 4.5 -0 0 -1 -1 -1.6283271027835706e-15 0 -1.6283271027835706e-15 1 0 6.9999999999999432
1 96 -15 4.5 -0 1 0 
1 -96 -15 4.5 -0 1 0 
Polygon3D 0
PolygonOnTriangulations 0
Surfaces 382
1 -357 0 0 0 1 -0 1 -0 0 0 -0 -1 
2 -357.00000000000006 -11.99999999999998 0 0 0 -1 -1 -1.6283271027835706e-15 -0 -1.6283271027835706e-15 1 0 11.999999999999959
2 -357 -1.4999999999999998 1.4999999999999998 1 -0 -0 0 1 0 -0 0 -1 1.5
2 -357 -5.9999999999999991 64 1 -0 -0 0 1 0 0 -0 1 6
2 357.00000000000006 -11.99999999999998 0 -0 0 -1 -4.7369515717340089e-15 1 0 1 4.7369515717340089e-15 -0 11.999999999999959
2 0 2 22 0 -1 0 0 -0 -1 1 0 0 5
1 -357.00000000000006 -5 4.4999000000000002 -0 1 0 1 0 -0 -0 0 -1 
1 1.7976086125850838e-13 -108.46854584836827 4.5 -0 -0 -1 -1 0 0 0 1 -0 
1 1.7976086125850838e-13 -108.46854584836827 4.5 -0 -0 -1 -1 0 0 0 1 -0 
1 2.0142448210393491e-13 -108.48633513032937 4.5 -0 -0 -1 -1 0 0 0 1 -0 
1 -96 -15 4.5 1 0 -0 0 0 1 0 -1 0 
1 96 -15 4.5 1 0 -0 0 0 1 0 -1 0 
1 2.0000834886915172e-13 -108.51322238604165 60 -0 -0 -1 -1 0 0 0 1 -0 
2 -357.00000000000006 -11.999999999999986 4.4999000000000002 -0 0 -1 -1 -1.6283271027835706e-15 0 -1.6283271027835706e-15 1 0 6.9999999999999432
1 -364 -179.78820432975246 4.4999000000000002 -1 0 0 0 1 0 0 0 -1 
2 -338.99999999999932 -179.78820432975246 4.4999000000000002 -0 0 -1 -0.11882125112820867 -0.99291566121213304 0 -0.99291566121213304 0.11882125112820867 0 25.000000000000679
1 -344 -15 4.5 1 0 -0 0 0 1 0 -1 0 
1 -344 -15 60 0 0 1 1 0 -0 -0 1 0 
1 -367 -181 4.5 -0 1 0 0 0 1 1 0 -0 
1 -367 -189 60 0 0 1 1 0 -0 -0 1 0 
1 -344 -15 4.5 -0 1 0 0 0 1 1 0 -0 
1 -345 -189 4.5 1 0 -0 0 0 1 0 -1 0 
1 -336 -15 4.5 1 0 -0 0 0 1 0 -1 0 
1 -367 -189 4.5 -0 1 0 0 0 1 1 0 -0 
1 -104 -15 4.5 1 0 -0 0 0 1 0 -1 0 
1 -104 -15 60 0 0 1 1 0 -0 -0 1 0 
2 0 2653.0250000000387 4.4999000000000002 0 -0 -1 0.11882125112818692 -0.99291566121213559 0 -0.99291566121213559 -0.11882125112818692 0 2878.0250000000397
1 -104 -15 4.5 -0 1 0 0 0 1 1 0 -0 
1 -109 -230 4.5 1 0 -0 0 0 1 0 -1 0 
1 -109 -230 60 0 0 1 1 0 -0 -0 1 0 
1 -109 -210 4.5 -0 1 0 0 0 1 1 0 -0 
1 -101 -230 4.5 1 0 -0 0 0 1 0 -1 0 
1 96 -15 60 0 0 1 1 0 -0 -0 1 0 
1 96 -15 4.5 -0 1 0 0 0 1 1 0 -0 
1 101 -230 4.5 1 0 -0 0 0 1 0 -1 0 
1 101 -230 60 0 0 1 1 0 -0 -0 1 0 
1 104 -15 4.5 1 0 -0 0 0 1 0 -1 0 
1 101 -210 4.5 -0 1 0 0 0 1 1 0 -0 
1 109 -230 4.5 1 0 -0 0 0 1 0 -1 0 
1 336 -15 4.5 1 0 -0 0 0 1 0 -1 0 
1 336 -15 60 0 0 1 1 0 -0 -0 1 0 
1 336 -15 4.5 -0 1 0 0 0 1 1 0 -0 
2 339.00000000000023 -179.7882043297528 4.4999000000000002 0 0 -1 1 2.8421709430404222e-15 0 2.8421709430404222e-15 -1 0 24.999999999999773
1 344 -15 4.5 1 0 -0 0 0 1 0 -1 0 
1 345 -189 4.5 -0 1 0 0 0 1 1 0 -0 
1 345 -189 60 0 0 1 1 0 -0 -0 1 0 
1 345 -189 4.5 1 0 -0 0 0 1 0 -1 0 
2 357.00000000000006 -11.999999999999986 4.4999000000000002 0 0 -1 -4.7369515717340089e-15 1 0 1 4.7369515717340089e-15 0 6.9999999999999591
1 345 -181 4.5 -0 1 0 0 0 1 1 0 -0 
1 364 -11.999999999999986 4.4999000000000002 1 -0 0 -0 -1 0 0 -0 -1 
1 -174.75238184857076 -189.80000000000001 -1 -0.098804932586342362 -0.99510682104817694 0 -0.99510682104817694 0.098804932586342362 0 -0 0 -1 
1 1.1925954494267469e-13 -127.09515178761339 60.000000000000007 -0 -0 -1 -1 0 0 0 1 -0 
1 -195.41200000000035 -209.5 50 1 0 -0 0 0 1 0 -1 0 
1 -199.41200000000035 -209.5 50 -0 1 0 0 0 1 1 0 -0 
1 -199.41200000000035 -209.5 50 1 0 -0 0 0 1 0 -1 0 
1 -285.71200000000033 -182.25600000000003 4.5 -0 1 0 0 0 1 1 0 -0 
1 -285.71200000000033 -182.25600000000003 4.5 1 0 -0 0 0 1 0 -1 0 
2 -286.00000000000011 -153.63120620765932 -1 -0 0 -1 1 0 0 -0 1 0 25
1 -291.41200000000038 -209.5 50 1 0 -0 0 0 1 0 -1 0 
1 -295.41200000000038 -209.5 50 -0 1 0 0 0 1 1 0 -0 
1 -295.41200000000038 -209.5 50 1 0 -0 0 0 1 0 -1 0 
2 -309.99999999999983 -156.80000000000024 52 0 0 1 1 0 -0 -0 1 0 9
1 -310.99999999999989 -70.80000000000031 -1 1 -2.7441348545638185e-15 0 -2.7441348545638185e-15 -1 0 0 -0 -1 
2 -309.99999999999989 -71.800000000000253 52 0 0 1 1 0 -0 -0 1 0 9
1 -310.99999999999989 -70.80000000000021 -1 -3.1985846625856601e-16 1 0 1 3.1985846625856601e-16 -0 -0 0 -1 
1 -295.41200000000038 -54.5 50 -0 1 0 0 0 1 1 0 -0 
1 -199.41200000000035 -54.5 50 -0 1 0 0 0 1 1 0 -0 
2 -146.41200000000035 -88.456000000000017 4.5 0 0 1 1 0 -0 -0 1 0 20.300000000000001
2 8.5447349678948962e-14 -71.800000000000267 52 0 0 1 1 0 -0 -0 1 0 9
1 63.976999999999634 -209.5 50 1 0 -0 0 0 1 0 -1 0 
1 63.976999999999634 -54.5 50 -0 1 0 0 0 1 1 0 -0 
1 67.976999999999634 -209.5 50 1 0 -0 0 0 1 0 -1 0 
1 159.97699999999963 -209.5 50 1 0 -0 0 0 1 0 -1 0 
1 159.97699999999963 -54.5 50 -0 1 0 0 0 1 1 0 -0 
1 163.97699999999963 -209.5 50 1 0 -0 0 0 1 0 -1 0 
2 207.47699999999963 -87.956000000000017 4.5 0 0 1 1 0 -0 -0 1 0 20.300000000000001
2 243.47699999999963 -87.956000000000017 4.5 0 0 1 1 0 -0 -0 1 0 20.300000000000001
2 310.00000000000011 -71.800000000000253 52 0 0 1 1 0 -0 -0 1 0 9
1 311.00000000000011 -70.800000000000011 -1 1 -0 0 -0 -1 0 0 -0 -1 
2 310.00000000000006 -156.80000000000024 52 0 0 1 1 0 -0 -0 1 0 9
2 286.00000000000011 -153.63120620765932 -1 -0 0 -1 1 0 0 -0 1 0 25
1 174.75238184857088 -189.80000000000001 -1 -0.098804932586342362 0.99510682104817694 0 0.99510682104817694 0.098804932586342362 -0 -0 0 -1 
1 -174.75238184857076 -189.80000000000001 -1 -0 1 0 1 0 -0 -0 0 -1 
1 159.97699999999963 -209.5 50 -0 1 0 0 0 1 1 0 -0 
1 63.976999999999634 -209.5 50 -0 1 0 0 0 1 1 0 -0 
2 8.5254267413796633e-14 -188.50000000000006 52 0 0 1 1 0 -0 -0 1 0 9
1 9.913093567168182e-14 -127.26802322548639 67.999999999999972 -0 -0 -1 -1 0 0 0 1 -0 
1 9.913093567168182e-14 -127.26802322548639 67.999999999999972 -0 -0 -1 -1 0 0 0 1 -0 
1 9.913093567168182e-14 -127.26802322548639 67.999999999999972 -0 -0 -1 -1 0 0 0 1 -0 
1 3.3200974679245427e-13 -127.29178831194997 68 -0 -0 -1 -1 0 0 0 1 -0 
1 175.07904394606913 -195.59608545683855 68 -0.098804932586342362 0.99510682104817694 0 0.99510682104817694 0.098804932586342362 -0 -0 0 -1 
1 175.07904394606913 -195.59608545683855 68 -0.098804932586342362 0.99510682104817694 0 0.99510682104817694 0.098804932586342362 -0 -0 0 -1 
2 175.00000000000006 -194.80000000000001 68 -0 -0 -1 -1 0 0 0 -1 0 0.80000000000000004
2 175.00000000000006 -194.80000000000001 68 -0 -0 -1 -1 0 0 0 -1 0 0.80000000000000004
2 286.00000000000011 -153.63120620765932 68 -0 0 -1 1 0 0 -0 1 0 30.800000000000001
2 286.00000000000011 -153.63120620765932 68 -0 0 -1 1 0 0 -0 1 0 30.800000000000001
1 -174.99999999999835 -195.60000000000002 68 -0 1 0 1 0 -0 -0 0 -1 
1 -174.99999999999835 -195.60000000000002 68 -0 1 0 1 0 -0 -0 0 -1 
1 316.80000000000013 -70.800000000000011 68 1 -0 0 -0 -1 0 0 -0 -1 
1 316.80000000000013 -70.800000000000011 68 1 -0 0 -0 -1 0 0 -0 -1 
2 -174.99999999999994 -194.80000000000001 68 -0 -0 -1 -0.99510682104817694 0.098804932586342362 0 -0.098804932586342362 -0.99510682104817694 0 0.80000000000000004
2 -174.99999999999994 -194.80000000000001 68 -0 -0 -1 -0.99510682104817694 0.098804932586342362 0 -0.098804932586342362 -0.99510682104817694 0 0.80000000000000004
2 311.00000000000011 -70.800000000000011 68 -0 0 -1 1 0 0 -0 1 0 5.7999999999999998
1 310.00000000000011 -71.800000000000253 68 0 0 1 1 0 -0 -0 1 0 
2 311.00000000000011 -70.800000000000011 68 -0 0 -1 1 0 0 -0 1 0 5.7999999999999998
1 -175.07904394606743 -195.59608545683872 68 -0.098804932586342362 -0.99510682104817694 0 -0.99510682104817694 0.098804932586342362 0 -0 0 -1 
1 -175.07904394606743 -195.59608545683872 68 -0.098804932586342362 -0.99510682104817694 0 -0.99510682104817694 0.098804932586342362 0 -0 0 -1 
1 -310.99999999999989 -65.000000000000213 68 -3.1985846625856601e-16 1 0 1 3.1985846625856601e-16 -0 -0 0 -1 
1 -310.99999999999989 -65.000000000000213 68 -3.1985846625856601e-16 1 0 1 3.1985846625856601e-16 -0 -0 0 -1 
2 -286.00000000000011 -153.63120620765932 68 -0 0 -1 1 0 0 -0 1 0 30.800000000000001
2 -286.00000000000011 -153.63120620765932 68 -0 0 -1 1 0 0 -0 1 0 30.800000000000001
2 -310.99999999999989 -70.80000000000031 68 -0 0 -1 1 0 0 -0 1 0 5.7999999999999998
1 -309.99999999999989 -71.800000000000253 68 0 0 1 1 0 -0 -0 1 0 
2 -310.99999999999989 -70.80000000000031 68 -0 0 -1 1 0 0 -0 1 0 5.7999999999999998
1 -316.7999999999999 -70.800000000000296 68 1 -2.7441348545638185e-15 0 -2.7441348545638185e-15 -1 0 0 -0 -1 
1 -316.7999999999999 -70.800000000000296 68 1 -2.7441348545638185e-15 0 -2.7441348545638185e-15 -1 0 0 -0 -1 
1 307.50000000000006 -154.30000000000024 66 -0 1 0 0 0 1 1 0 -0 
1 307.50000000000006 -159.30000000000024 66 1 0 -0 0 0 1 0 -1 0 
1 312.50000000000006 -159.30000000000024 66 1 0 -0 0 0 1 0 -1 0 
1 307.50000000000006 -159.30000000000024 66 -0 1 0 0 0 1 1 0 -0 
1 -2.4999999999999147 -186.00000000000006 66 -0 1 0 0 0 1 1 0 -0 
1 2.5000000000000853 -191.00000000000006 66 1 0 -0 0 0 1 0 -1 0 
1 -2.4999999999999147 -191.00000000000006 66 -0 1 0 0 0 1 1 0 -0 
1 -2.4999999999999147 -191.00000000000006 66 1 0 -0 0 0 1 0 -1 0 
1 -312.49999999999983 -154.30000000000024 66 -0 1 0 0 0 1 1 0 -0 
1 -312.49999999999983 -159.30000000000024 66 1 0 -0 0 0 1 0 -1 0 
1 -307.49999999999983 -159.30000000000024 66 1 0 -0 0 0 1 0 -1 0 
1 -312.49999999999983 -159.30000000000024 66 -0 1 0 0 0 1 1 0 -0 
1 307.50000000000011 -69.300000000000253 66 -0 1 0 0 0 1 1 0 -0 
1 307.50000000000011 -74.300000000000253 66 1 0 -0 0 0 1 0 -1 0 
1 312.50000000000011 -74.300000000000253 66 1 0 -0 0 0 1 0 -1 0 
1 307.50000000000011 -74.300000000000253 66 -0 1 0 0 0 1 1 0 -0 
1 310.00000000000006 -156.80000000000024 68 0 0 1 1 0 -0 -0 1 0 
1 8.5254267413796633e-14 -188.50000000000006 68 0 0 1 1 0 -0 -0 1 0 
1 243.47699999999963 -87.956000000000017 68 0 0 1 1 0 -0 -0 1 0 
1 176.97699999999963 -107.95600000000002 68 0 0 1 1 0 -0 -0 1 0 
1 207.47699999999963 -87.956000000000017 68 0 0 1 1 0 -0 -0 1 0 
1 -285.71200000000033 -182.25600000000003 68 0 0 1 1 0 -0 -0 1 0 
1 -153.41200000000035 -126.95600000000002 68 0 0 1 1 0 -0 -0 1 0 
1 8.5447349678948962e-14 -71.800000000000267 68 0 0 1 1 0 -0 -0 1 0 
1 -309.99999999999983 -156.80000000000024 68 0 0 1 1 0 -0 -0 1 0 
1 -146.41200000000035 -88.456000000000017 68 0 0 1 1 0 -0 -0 1 0 
1 -2.4999999999999147 -69.300000000000267 66 -0 1 0 0 0 1 1 0 -0 
1 -2.4999999999999147 -74.300000000000267 66 1 0 -0 0 0 1 0 -1 0 
1 2.5000000000000853 -74.300000000000267 66 1 0 -0 0 0 1 0 -1 0 
1 -2.4999999999999147 -74.300000000000267 66 -0 1 0 0 0 1 1 0 -0 
1 -312.49999999999989 -69.300000000000253 66 -0 1 0 0 0 1 1 0 -0 
1 -312.49999999999989 -74.300000000000253 66 1 0 -0 0 0 1 0 -1 0 
1 -307.49999999999989 -74.300000000000253 66 1 0 -0 0 0 1 0 -1 0 
1 -312.49999999999989 -74.300000000000253 66 -0 1 0 0 0 1 1 0 -0 
1 -312.49999999999989 -74.300000000000253 66 0 0 1 1 0 -0 -0 1 0 
2 -309.99999999999989 -71.800000000000253 51 0 0 1 1 0 -0 -0 1 0 2.25
1 -309.99999999999983 -71.800000000000239 55.399999999999999 0 0 1 1 0 -0 -0 1 0 
1 -305.72760800799665 -71.800000000000253 51 -0.86602540378443871 -0.49999999999999994 0 -0.49999999999999994 0.86602540378443871 0 -0 0 -1 
1 -307.86380400399827 -75.500000000000256 51 -0.86602540378443849 0.50000000000000033 0 0.50000000000000033 0.86602540378443849 0 0 0 -1 
1 -307.86380400399827 -68.10000000000025 51 -1.0394392899370617e-16 -1 0 -1 1.0394392899370617e-16 0 -0 0 -1 
1 -312.1361959960015 -75.500000000000256 51 7.2760750295594312e-16 1 -0 1 -7.2760750295594312e-16 0 0 -0 -1 
1 -312.1361959960015 -68.10000000000025 51 0.8660254037844386 -0.50000000000000022 0 -0.50000000000000022 -0.8660254037844386 0 0 -0 -1 
1 -314.27239199200312 -71.800000000000253 51 0.86602540378443882 0.49999999999999978 -0 0.49999999999999978 -0.86602540378443882 0 0 -0 -1 
1 -309.99999999999989 -71.800000000000253 52 0 0 1 1 0 -0 -0 1 0 
1 -2.4999999999999147 -74.300000000000267 66 0 0 1 1 0 -0 -0 1 0 
2 8.5447349678948962e-14 -71.800000000000267 51 0 0 1 1 0 -0 -0 1 0 2.25
1 8.4818246058864181e-14 -71.800000000000253 55.399999999999999 0 0 1 1 0 -0 -0 1 0 
1 4.2723919920033167 -71.800000000000267 51 -0.86602540378443871 -0.49999999999999994 0 -0.49999999999999994 0.86602540378443871 0 -0 0 -1 
1 2.1361959960016983 -75.50000000000027 51 -0.86602540378443849 0.50000000000000033 0 0.50000000000000033 0.86602540378443849 0 0 0 -1 
1 2.1361959960017014 -68.100000000000264 51 -1.0394392899370617e-16 -1 0 -1 1.0394392899370617e-16 0 -0 0 -1 
1 -2.1361959960015322 -75.50000000000027 51 7.2760750295594312e-16 1 -0 1 -7.2760750295594312e-16 0 0 -0 -1 
1 -2.1361959960015295 -68.100000000000264 51 0.8660254037844386 -0.50000000000000022 0 -0.50000000000000022 -0.8660254037844386 0 0 -0 -1 
1 -4.2723919920031461 -71.800000000000267 51 0.86602540378443882 0.49999999999999978 -0 0.49999999999999978 -0.86602540378443882 0 0 -0 -1 
1 8.5447349678948962e-14 -71.800000000000267 52 0 0 1 1 0 -0 -0 1 0 
1 307.50000000000011 -74.300000000000253 66 0 0 1 1 0 -0 -0 1 0 
2 310.00000000000011 -71.800000000000253 51 0 0 1 1 0 -0 -0 1 0 2.25
1 310.00000000000011 -71.800000000000239 55.399999999999999 0 0 1 1 0 -0 -0 1 0 
1 314.27239199200335 -71.800000000000253 51 -0.86602540378443871 -0.49999999999999994 0 -0.49999999999999994 0.86602540378443871 0 -0 0 -1 
1 312.13619599600173 -75.500000000000256 51 -0.86602540378443849 0.50000000000000033 0 0.50000000000000033 0.86602540378443849 0 0 0 -1 
1 312.13619599600173 -68.10000000000025 51 -1.0394392899370617e-16 -1 0 -1 1.0394392899370617e-16 0 -0 0 -1 
1 307.8638040039985 -75.500000000000256 51 7.2760750295594312e-16 1 -0 1 -7.2760750295594312e-16 0 0 -0 -1 
1 307.8638040039985 -68.10000000000025 51 0.8660254037844386 -0.50000000000000022 0 -0.50000000000000022 -0.8660254037844386 0 0 -0 -1 
1 305.72760800799688 -71.800000000000253 51 0.86602540378443882 0.49999999999999978 -0 0.49999999999999978 -0.86602540378443882 0 0 -0 -1 
1 310.00000000000011 -71.800000000000253 52 0 0 1 1 0 -0 -0 1 0 
1 -312.49999999999983 -159.30000000000024 66 0 0 1 1 0 -0 -0 1 0 
2 -309.99999999999983 -156.80000000000024 51 0 0 1 1 0 -0 -0 1 0 2.25
1 -309.99999999999977 -156.80000000000024 55.399999999999999 0 0 1 1 0 -0 -0 1 0 
1 -305.72760800799659 -156.80000000000024 51 -0.86602540378443871 -0.49999999999999994 0 -0.49999999999999994 0.86602540378443871 0 -0 0 -1 
1 -307.86380400399821 -160.50000000000023 51 -0.86602540378443849 0.50000000000000033 0 0.50000000000000033 0.86602540378443849 0 0 0 -1 
1 -307.86380400399821 -153.10000000000025 51 -1.0394392899370617e-16 -1 0 -1 1.0394392899370617e-16 0 -0 0 -1 
1 -312.13619599600145 -160.50000000000023 51 7.2760750295594312e-16 1 -0 1 -7.2760750295594312e-16 0 0 -0 -1 
1 -312.13619599600145 -153.10000000000025 51 0.8660254037844386 -0.50000000000000022 0 -0.50000000000000022 -0.8660254037844386 0 0 -0 -1 
1 -314.27239199200307 -156.80000000000024 51 0.86602540378443882 0.49999999999999978 -0 0.49999999999999978 -0.86602540378443882 0 0 -0 -1 
1 -309.99999999999983 -156.80000000000024 52 0 0 1 1 0 -0 -0 1 0 
1 -2.4999999999999147 -191.00000000000006 66 0 0 1 1 0 -0 -0 1 0 
2 8.5254267413796633e-14 -188.50000000000006 51 0 0 1 1 0 -0 -0 1 0 2.25
1 8.4956837964189299e-14 -188.50000000000011 55.399999999999999 0 0 1 1 0 -0 -0 1 0 
1 4.2723919920033167 -188.50000000000006 51 -0.86602540378443871 -0.49999999999999994 0 -0.49999999999999994 0.86602540378443871 0 -0 0 -1 
1 2.1361959960016983 -192.20000000000005 51 -0.86602540378443849 0.50000000000000033 0 0.50000000000000033 0.86602540378443849 0 0 0 -1 
1 2.1361959960017014 -184.80000000000007 51 -1.0394392899370617e-16 -1 0 -1 1.0394392899370617e-16 0 -0 0 -1 
1 -2.1361959960015322 -192.20000000000005 51 7.2760750295594312e-16 1 -0 1 -7.2760750295594312e-16 0 0 -0 -1 
1 -2.1361959960015295 -184.80000000000007 51 0.8660254037844386 -0.50000000000000022 0 -0.50000000000000022 -0.8660254037844386 0 0 -0 -1 
1 -4.2723919920031461 -188.50000000000006 51 0.86602540378443882 0.49999999999999978 -0 0.49999999999999978 -0.86602540378443882 0 0 -0 -1 
1 8.5254267413796633e-14 -188.50000000000006 52 0 0 1 1 0 -0 -0 1 0 
1 307.50000000000006 -159.30000000000024 66 0 0 1 1 0 -0 -0 1 0 
2 310.00000000000006 -156.80000000000024 51 0 0 1 1 0 -0 -0 1 0 2.25
1 310.00000000000006 -156.80000000000024 55.399999999999999 0 0 1 1 0 -0 -0 1 0 
1 314.27239199200329 -156.80000000000024 51 -0.86602540378443871 -0.49999999999999994 0 -0.49999999999999994 0.86602540378443871 0 -0 0 -1 
1 312.13619599600167 -160.50000000000023 51 -0.86602540378443849 0.50000000000000033 0 0.50000000000000033 0.86602540378443849 0 0 0 -1 
1 312.13619599600167 -153.10000000000025 51 -1.0394392899370617e-16 -1 0 -1 1.0394392899370617e-16 0 -0 0 -1 
1 307.86380400399844 -160.50000000000023 51 7.2760750295594312e-16 1 -0 1 -7.2760750295594312e-16 0 0 -0 -1 
1 307.86380400399844 -153.10000000000025 51 0.8660254037844386 -0.50000000000000022 0 -0.50000000000000022 -0.8660254037844386 0 0 -0 -1 
1 305.72760800799682 -156.80000000000024 51 0.86602540378443882 0.49999999999999978 -0 0.49999999999999978 -0.86602540378443882 0 0 -0 -1 
1 310.00000000000006 -156.80000000000024 52 0 0 1 1 0 -0 -0 1 0 
1 -1.8951147966007292e-14 -108.40278572202216 70 -0 -0 -1 -1 0 0 0 1 -0 
1 1.1925954494267469e-13 -127.09515178761339 70 -0 -0 -1 -1 0 0 0 1 -0 
5 -357.00000000000006 -11.999999999999986 64 0 -0 1 -1 -1.1842378929335058e-15 0 -1.1842378929335058e-15 1 0 5.9999999999999591 6
5 357.00000000000006 -11.999999999999986 64 0 -0 1 -4.7369515717340152e-15 1 0 1 4.7369515717340152e-15 -0 5.9999999999999591 6
2 -363 -179.78820432975272 64 -0 1 -0 -1 0 0 0 0 1 6
2 363 -12 64 -0 -1 -0 1 -0 0 -0 0 1 6
5 -338.99999999999932 -179.78820432975246 64 0 -0 1 -0.11882125112820856 -0.99291566121213304 0 -0.99291566121213304 0.11882125112820856 0 24.000000000000668 6
5 339.00000000000023 -179.7882043297528 64 0 -0 1 1 2.8421709430404222e-15 0 2.8421709430404222e-15 -1 -0 23.999999999999762 6
5 0 2653.0250000000387 64 0 -0 1 0.11882125112818691 -0.99291566121213559 -0 -0.99291566121213559 -0.11882125112818691 -0 2877.0250000000392 6
2 -222 -47 69 0 0 1 0 -1 0 -1 -0 0 3
1 -225 -8 69 1 0 -0 0 -1 0 0 -0 -1 
1 -225 -50 69 0 1 0 1 0 0 0 0 -1 
2 -222 -11 69 0 0 1 -0 1 0 -1 -0 0 3
2 322 -47 69 0 0 1 0 -1 0 1 0 -0 3
1 325 -8 69 0 -1 0 -1 0 0 -0 -0 -1 
1 325 -50 69 -1 0 0 0 1 0 0 0 -1 
2 322 -11 69 0 0 1 1 0 -0 -0 1 0 3
2 -331 -47.5 69 0 0 1 0 -1 0 -1 -0 0 3
1 -334 -15.5 69 1 0 -0 0 -1 0 0 -0 -1 
2 -331 -18.5 69 0 0 1 -0 1 0 -1 -0 0 3
1 -234 -15.5 69 0 -1 0 -1 0 0 -0 -0 -1 
2 -237 -18.5 69 0 0 1 1 0 -0 -0 1 0 3
1 -234 -50.5 69 -1 0 0 0 1 0 0 0 -1 
2 -237 -47.5 69 0 0 1 0 -1 0 1 0 -0 3
1 -334 -50.5 69 0 1 0 1 0 0 0 0 -1 
1 -284 -33 69 0 0 1 1 0 -0 -0 1 0 
1 50 -29 69 0 0 1 1 0 -0 -0 1 0 
2 0 2653.0250000000387 0 0 0 -1 0.11882125112818692 -0.99291566121213559 -0 -0.99291566121213559 -0.11882125112818692 -0 2883.0250000000392
2 339.00000000000023 -179.7882043297528 0 -0 0 -1 1 2.8421709430404222e-15 -0 2.8421709430404222e-15 -1 -0 29.999999999999762
2 -338.99999999999932 -179.78820432975246 0 0 0 -1 -0.11882125112820867 -0.99291566121213304 -0 -0.99291566121213304 0.11882125112820867 0 30.000000000000668
5 0 2653.0250000000387 1.5 -0 0 -1 0.11882125112818694 -0.99291566121213559 -0 -0.99291566121213559 -0.11882125112818694 0 2881.5250000000392 1.5
5 339.00000000000023 -179.7882043297528 1.5 -0 0 -1 1 2.8421709430404222e-15 0 2.8421709430404222e-15 -1 -0 28.499999999999762 1.5
1 -1.8951147966007292e-14 -108.40278572202216 0 -0 -0 -1 -1 0 0 0 1 -0 
5 -338.99999999999932 -179.78820432975246 1.5 -0 0 -1 -0.11882125112820854 -0.99291566121213304 0 -0.99291566121213304 0.11882125112820854 0 28.500000000000668 1.5
2 -367.5 -179.78820432975272 1.4999999999999998 -0 1 -0 -1 0 0 -0 -0 -1 1.5
1 -369 -179.78820432975272 0 -1 0 0 0 1 -0 -0 0 -1 
5 -357.00000000000006 -11.999999999999986 1.5 -0 0 -1 -1 -1.184237892933506e-15 0 -1.184237892933506e-15 1 0 10.499999999999959 1.5
5 357.00000000000006 -11.999999999999986 1.5 -0 0 -1 -4.7369515717340152e-15 1 0 1 4.7369515717340152e-15 0 10.499999999999959 1.5
2 367.5 -12 1.4999999999999998 -0 -1 -0 1 -0 0 0 -0 -1 1.5
1 -357.00000000000006 -3 -1 -0 1 0 1 0 -0 -0 0 -1 
2 357.00000000000006 -11.999999999999986 -1 0 0 -1 -4.7369515717340089e-15 1 0 1 4.7369515717340089e-15 0 8.9999999999999591
1 366 -11.999999999999986 -1 1 -0 0 -0 -1 0 0 -0 -1 
2 339.00000000000023 -179.7882043297528 -1 0 0 -1 1 2.8421709430404222e-15 0 2.8421709430404222e-15 -1 0 26.999999999999773
2 0 2653.0250000000387 -1 0 -0 -1 0.11882125112818692 -0.99291566121213559 0 -0.99291566121213559 -0.11882125112818692 0 2880.0250000000397
2 -338.99999999999932 -179.78820432975246 -1 -0 0 -1 -0.11882125112820867 -0.99291566121213304 0 -0.99291566121213304 0.11882125112820867 0 27.000000000000679
1 -366 -179.78820432975246 -1 -1 0 0 0 1 0 0 0 -1 
2 -357.00000000000006 -11.999999999999986 -1 -0 0 -1 -1 -1.6283271027835706e-15 0 -1.6283271027835706e-15 1 0 8.9999999999999432
1 369 -12 0 1 0 0 0 -1 0 0 0 -1 
1 63.976999999999634 -209.5 50 0 0 1 1 0 -0 -0 1 0 
1 159.97699999999963 -209.5 61 0 0 1 1 0 -0 -0 1 0 
10 0.9890244111683173 7.272209718347904 -2e+100 2e+100
2 176.97699999999963 -146.95600000000002 4.5 0 0 1 1 0 -0 -0 1 0 20.300000000000001
1 159.97699999999963 -209.5 50 0 0 1 1 0 -0 -0 1 0 
1 63.976999999999634 -209.5 61 0 0 1 1 0 -0 -0 1 0 
2 176.97699999999963 -107.95600000000002 4.5 0 0 1 1 0 -0 -0 1 0 20.300000000000001
2 -179.41200000000035 -102.45600000000002 4.5 0 0 1 1 0 -0 -0 1 0 20.300000000000001
1 -199.41200000000035 -209.5 61 0 0 1 1 0 -0 -0 1 0 
1 -199.41200000000035 -209.5 50 0 0 1 1 0 -0 -0 1 0 
1 -295.41200000000038 -209.5 50 0 0 1 1 0 -0 -0 1 0 
1 -295.41200000000038 -209.5 61 0 0 1 1 0 -0 -0 1 0 
2 -186.41200000000035 -140.95600000000002 4.5 0 0 1 1 0 -0 -0 1 0 20.300000000000001
1 345 -189 4.5 0 0 1 1 0 -0 -0 1 0 
1 345 -185 16.5 0 0 1 1 0 -0 -0 1 0 
2 345 -185 4.5 0 0 1 1 0 -0 -0 1 0 9
1 345 -185 4.5 0 0 1 1 0 -0 -0 1 0 
1 347.13619599600162 -181.30000000000001 13.1 -1.0394392899370617e-16 -1 0 -1 1.0394392899370617e-16 0 -0 0 -1 
1 342.86380400399838 -181.30000000000001 13.1 0.8660254037844386 -0.50000000000000022 0 -0.50000000000000022 -0.8660254037844386 0 0 -0 -1 
1 340.72760800799676 -185 13.1 0.86602540378443882 0.49999999999999978 -0 0.49999999999999978 -0.86602540378443882 0 0 -0 -1 
1 342.86380400399838 -188.69999999999999 13.1 7.2760750295594312e-16 1 -0 1 -7.2760750295594312e-16 0 0 -0 -1 
1 345 -185 13.1 0 0 1 1 0 -0 -0 1 0 
1 347.13619599600162 -188.69999999999999 13.1 -0.86602540378443849 0.50000000000000033 0 0.50000000000000033 0.86602540378443849 0 0 0 -1 
1 345 -185 17.5 0 0 1 1 0 -0 -0 1 0 
1 345 -185 17.5 0 0 1 1 0 -0 -0 1 0 
1 349.27239199200324 -185 13.1 -0.86602540378443871 -0.49999999999999994 0 -0.49999999999999994 0.86602540378443871 0 -0 0 -1 
2 345 -185 3.5 0 0 1 1 0 -0 -0 1 0 2.25
1 336 -15 4.5 0 0 1 1 0 -0 -0 1 0 
2 340 -15 4.5 0 0 1 1 0 -0 -0 1 0 9
10 1.5707963267949006 7.8539816339744863 -2e+100 2e+100
2 340 -15 4.5 0 0 1 1 0 -0 -0 1 0 9
1 340 -15 16.5 0 0 1 1 0 -0 -0 1 0 
1 344.27239199200324 -15 13.1 -0.86602540378443871 -0.49999999999999994 0 -0.49999999999999994 0.86602540378443871 0 -0 0 -1 
1 340.00000000000006 -15 17.5 0 0 1 1 0 -0 -0 1 0 
1 340.00000000000006 -15 17.5 0 0 1 1 0 -0 -0 1 0 
1 342.13619599600162 -11.299999999999999 13.1 -1.0394392899370617e-16 -1 0 -1 1.0394392899370617e-16 0 -0 0 -1 
1 337.86380400399838 -11.299999999999999 13.1 0.8660254037844386 -0.50000000000000022 0 -0.50000000000000022 -0.8660254037844386 0 0 -0 -1 
1 340.00000000000006 -15 13.1 0 0 1 1 0 -0 -0 1 0 
1 335.72760800799676 -15 13.1 0.86602540378443882 0.49999999999999978 -0 0.49999999999999978 -0.86602540378443882 0 0 -0 -1 
1 337.86380400399838 -18.699999999999999 13.1 7.2760750295594312e-16 1 -0 1 -7.2760750295594312e-16 0 0 -0 -1 
1 342.13619599600162 -18.700000000000003 13.1 -0.86602540378443849 0.50000000000000033 0 0.50000000000000033 0.86602540378443849 0 0 0 -1 
2 340 -15 3.5 0 0 1 1 0 -0 -0 1 0 2.25
1 105.00000000000001 -210 17.5 0 0 1 1 0 -0 -0 1 0 
1 107.13619599600162 -213.69999999999999 13.1 -0.86602540378443849 0.50000000000000033 0 0.50000000000000033 0.86602540378443849 0 0 0 -1 
1 105 -210 16.5 0 0 1 1 0 -0 -0 1 0 
2 105 -210 4.5 0 0 1 1 0 -0 -0 1 0 9
10 4.7123889803846861 10.995574287564272 -2e+100 2e+100
2 105 -210 4.5 0 0 1 1 0 -0 -0 1 0 9
1 101 -230 4.5 0 0 1 1 0 -0 -0 1 0 
1 109.27239199200324 -210 13.1 -0.86602540378443871 -0.49999999999999994 0 -0.49999999999999994 0.86602540378443871 0 -0 0 -1 
1 107.13619599600162 -206.30000000000001 13.1 -1.0394392899370617e-16 -1 0 -1 1.0394392899370617e-16 0 -0 0 -1 
1 102.86380400399838 -206.30000000000001 13.1 0.8660254037844386 -0.50000000000000022 0 -0.50000000000000022 -0.8660254037844386 0 0 -0 -1 
1 100.72760800799676 -210 13.1 0.86602540378443882 0.49999999999999978 -0 0.49999999999999978 -0.86602540378443882 0 0 -0 -1 
1 105.00000000000001 -210 13.1 0 0 1 1 0 -0 -0 1 0 
1 102.86380400399838 -213.69999999999999 13.1 7.2760750295594312e-16 1 -0 1 -7.2760750295594312e-16 0 0 -0 -1 
2 105 -210 3.5 0 0 1 1 0 -0 -0 1 0 2.25
1 105.00000000000001 -210 17.5 0 0 1 1 0 -0 -0 1 0 
1 96 -15 4.5 0 0 1 1 0 -0 -0 1 0 
2 100 -15 4.5 0 0 1 1 0 -0 -0 1 0 9
10 1.5707963267949006 7.8539816339744863 -2e+100 2e+100
2 100 -15 4.5 0 0 1 1 0 -0 -0 1 0 9
1 100 -15 16.5 0 0 1 1 0 -0 -0 1 0 
1 104.27239199200324 -15 13.1 -0.86602540378443871 -0.49999999999999994 0 -0.49999999999999994 0.86602540378443871 0 -0 0 -1 
1 100.00000000000003 -15 17.5 0 0 1 1 0 -0 -0 1 0 
1 100.00000000000003 -15 17.5 0 0 1 1 0 -0 -0 1 0 
1 102.13619599600162 -11.299999999999999 13.1 -1.0394392899370617e-16 -1 0 -1 1.0394392899370617e-16 0 -0 0 -1 
1 97.863804003998382 -11.299999999999999 13.1 0.8660254037844386 -0.50000000000000022 0 -0.50000000000000022 -0.8660254037844386 0 0 -0 -1 
1 100.00000000000003 -15 13.1 0 0 1 1 0 -0 -0 1 0 
1 95.727608007996764 -15 13.1 0.86602540378443882 0.49999999999999978 -0 0.49999999999999978 -0.86602540378443882 0 0 -0 -1 
1 97.863804003998382 -18.699999999999999 13.1 7.2760750295594312e-16 1 -0 1 -7.2760750295594312e-16 0 0 -0 -1 
1 102.13619599600162 -18.700000000000003 13.1 -0.86602540378443849 0.50000000000000033 0 0.50000000000000033 0.86602540378443849 0 0 0 -1 
2 100 -15 3.5 0 0 1 1 0 -0 -0 1 0 2.25
1 -105 -210 17.5 0 0 1 1 0 -0 -0 1 0 
1 -102.86380400399838 -213.69999999999999 13.1 -0.86602540378443849 0.50000000000000033 0 0.50000000000000033 0.86602540378443849 0 0 0 -1 
1 -105 -210 16.5 0 0 1 1 0 -0 -0 1 0 
2 -105 -210 4.5 0 0 1 1 0 -0 -0 1 0 9
10 4.7123889803846861 10.995574287564272 -2e+100 2e+100
2 -105 -210 4.5 0 0 1 1 0 -0 -0 1 0 9
1 -109 -230 4.5 0 0 1 1 0 -0 -0 1 0 
1 -100.72760800799676 -210 13.1 -0.86602540378443871 -0.49999999999999994 0 -0.49999999999999994 0.86602540378443871 0 -0 0 -1 
1 -102.86380400399838 -206.30000000000001 13.1 -1.0394392899370617e-16 -1 0 -1 1.0394392899370617e-16 0 -0 0 -1 
1 -107.13619599600162 -206.30000000000001 13.1 0.8660254037844386 -0.50000000000000022 0 -0.50000000000000022 -0.8660254037844386 0 0 -0 -1 
1 -109.27239199200324 -210 13.1 0.86602540378443882 0.49999999999999978 -0 0.49999999999999978 -0.86602540378443882 0 0 -0 -1 
1 -105 -210 13.1 0 0 1 1 0 -0 -0 1 0 
1 -107.13619599600162 -213.69999999999999 13.1 7.2760750295594312e-16 1 -0 1 -7.2760750295594312e-16 0 0 -0 -1 
2 -105 -210 3.5 0 0 1 1 0 -0 -0 1 0 2.25
1 -105 -210 17.5 0 0 1 1 0 -0 -0 1 0 
1 -100 -15 17.5 0 0 1 1 0 -0 -0 1 0 
1 -100 -15 17.5 0 0 1 1 0 -0 -0 1 0 
1 -95.727608007996764 -15 13.1 -0.86602540378443871 -0.49999999999999994 0 -0.49999999999999994 0.86602540378443871 0 -0 0 -1 
1 -97.863804003998382 -11.299999999999999 13.1 -1.0394392899370617e-16 -1 0 -1 1.0394392899370617e-16 0 -0 0 -1 
1 -102.13619599600162 -11.299999999999999 13.1 0.8660254037844386 -0.50000000000000022 0 -0.50000000000000022 -0.8660254037844386 0 0 -0 -1 
1 -100 -15 13.1 0 0 1 1 0 -0 -0 1 0 
1 -104.27239199200324 -15 13.1 0.86602540378443882 0.49999999999999978 -0 0.49999999999999978 -0.86602540378443882 0 0 -0 -1 
1 -100 -15 16.5 0 0 1 1 0 -0 -0 1 0 
1 -102.13619599600162 -18.699999999999999 13.1 7.2760750295594312e-16 1 -0 1 -7.2760750295594312e-16 0 0 -0 -1 
1 -97.863804003998382 -18.700000000000003 13.1 -0.86602540378443849 0.50000000000000033 0 0.50000000000000033 0.86602540378443849 0 0 0 -1 
10 1.5707963267949006 7.8539816339744863 -2e+100 2e+100
2 -100 -15 4.5 0 0 1 1 0 -0 -0 1 0 9
2 -100 -15 4.5 0 0 1 1 0 -0 -0 1 0 9
2 -100 -15 3.5 0 0 1 1 0 -0 -0 1 0 2.25
1 -104 -15 4.5 0 0 1 1 0 -0 -0 1 0 
1 -367 -189 4.5 0 0 1 1 0 -0 -0 1 0 
2 -345 -185 4.5 0 0 1 1 0 -0 -0 1 0 9
10 3.1415926535897927 9.4247779607693793 -2e+100 2e+100
2 -345 -185 4.5 0 0 1 1 0 -0 -0 1 0 9
1 -345 -185 16.5 0 0 1 1 0 -0 -0 1 0 
1 -347.13619599600162 -188.69999999999999 13.1 7.2760750295594312e-16 1 -0 1 -7.2760750295594312e-16 0 0 -0 -1 
1 -342.86380400399838 -188.69999999999999 13.1 -0.86602540378443849 0.50000000000000033 0 0.50000000000000033 0.86602540378443849 0 0 0 -1 
1 -340.72760800799676 -185 13.1 -0.86602540378443871 -0.49999999999999994 0 -0.49999999999999994 0.86602540378443871 0 -0 0 -1 
1 -342.86380400399838 -181.30000000000001 13.1 -1.0394392899370617e-16 -1 0 -1 1.0394392899370617e-16 0 -0 0 -1 
1 -345 -185 13.1 0 0 1 1 0 -0 -0 1 0 
1 -347.13619599600162 -181.30000000000001 13.1 0.8660254037844386 -0.50000000000000022 0 -0.50000000000000022 -0.8660254037844386 0 0 -0 -1 
1 -345 -185 17.5 0 0 1 1 0 -0 -0 1 0 
1 -345 -185 17.5 0 0 1 1 0 -0 -0 1 0 
1 -349.27239199200324 -185 13.1 0.86602540378443882 0.49999999999999978 -0 0.49999999999999978 -0.86602540378443882 0 0 -0 -1 
2 -345 -185 3.5 0 0 1 1 0 -0 -0 1 0 2.25
1 -344 -15 4.5 0 0 1 1 0 -0 -0 1 0 
2 -340 -15 4.5 0 0 1 1 0 -0 -0 1 0 9
10 1.5707963267949006 7.8539816339744863 -2e+100 2e+100
2 -340 -15 4.5 0 0 1 1 0 -0 -0 1 0 9
1 -340 -15 16.5 0 0 1 1 0 -0 -0 1 0 
1 -335.72760800799676 -15 13.1 -0.86602540378443871 -0.49999999999999994 0 -0.49999999999999994 0.86602540378443871 0 -0 0 -1 
1 -339.99999999999994 -15 17.5 0 0 1 1 0 -0 -0 1 0 
1 -339.99999999999994 -15 17.5 0 0 1 1 0 -0 -0 1 0 
1 -337.86380400399838 -11.299999999999999 13.1 -1.0394392899370617e-16 -1 0 -1 1.0394392899370617e-16 0 -0 0 -1 
1 -342.13619599600162 -11.299999999999999 13.1 0.8660254037844386 -0.50000000000000022 0 -0.50000000000000022 -0.8660254037844386 0 0 -0 -1 
1 -339.99999999999994 -15 13.1 0 0 1 1 0 -0 -0 1 0 
1 -344.27239199200324 -15 13.1 0.86602540378443882 0.49999999999999978 -0 0.49999999999999978 -0.86602540378443882 0 0 -0 -1 
1 -342.13619599600162 -18.699999999999999 13.1 7.2760750295594312e-16 1 -0 1 -7.2760750295594312e-16 0 0 -0 -1 
1 -337.86380400399838 -18.700000000000003 13.1 -0.86602540378443849 0.50000000000000033 0 0.50000000000000033 0.86602540378443849 0 0 0 -1 
2 -340 -15 3.5 0 0 1 1 0 -0 -0 1 0 2.25
Triangulations 0

TShapes 2332
Ve
1.00000010658141e-07
-357 2.22044604925031e-16 1.5
0 0

0101101
*
Ve
1.00000010658141e-07
-357 8.88178419700125e-16 64
0 0

0101101
*
Ed
 1.00000010658141e-07 1 1 0
1  1 0 1.5 64
2  1 2 0 1.5 64
4 G1 1 0 2 0
2  2 1 0 1.5 64
0

0101000
+2332 0 -2331 0 *
Ve
1.00000010658141e-07
357 2.22044604925031e-16 1.5
0 0

0101101
*
Ed
 1e-07 1 1 0
1  2 0 0 714
2  3 3 0 0 714
2  4 1 0 0 714
4 G1 3 0 1 0
0

0101000
+2332 0 -2329 0 *
Ve
1.00000010658141e-07
357 8.88178419700125e-16 64
0 0

0101101
*
Ed
 1e-07 1 1 0
1  3 0 0 714
2  5 4 0 0 714
2  6 1 0 0 714
4 G1 4 0 1 0
0

0101000
+2331 0 -2327 0 *
Ed
 1.00000010658141e-07 1 1 0
1  4 0 1.5 64
2  7 5 0 1.5 64
4 G1 1 0 5 0
2  8 1 0 1.5 64
0

0101000
+2329 0 -2327 0 *
Wi

0101100
+2330 0 -2328 0 +2326 0 -2325 0 *
Ve
1.00000001224647e-07
-1.22464679914735e-15 0 17
0 0

0101101
*
Ed
 1e-07 1 1 0
1  5 0 0 6.28318530717959
2  9 1 0 0 6.28318530717959
2  10 6 0 0 6.28318530717959
0

0101100
+2323 0 -2323 0 *
Wi

0101100
+2322 0 *
Fa
0  1e-07 1 0

0101000
+2324 0 +2321 0 *
Ve
1.00000001224647e-07
-1.22464679914735e-15 -5 17
0 0

0101101
*
Ed
 1e-07 1 1 0
1  6 0 0 6.28318530717959
2  11 7 0 0 6.28318530717959
2  12 6 0 0 6.28318530717959
0

0101100
+2319 0 -2319 0 *
Ed
 1e-07 1 1 0
1  7 0 2 7
3  13 14CN 6 0 2 7
0

0101000
+2323 0 -2319 0 *
Wi

0101100
-2318 0 +2317 0 +2322 0 -2317 0 *
Fa
0  1e-07 6 0

0101000
+2316 0 *
Ve
1.5e-07
-96 -5 4.5
0 0

0101101
*
Ve
1.5e-07
96 -5 4.5
0 0

0101101
*
Ed
 1.5e-07 1 1 0
1  8 0 82.4999999999999 274.5
2  15 8 0 82.4999999999999 274.5
2  16 7 0 82.4999999999999 274.5
2  17 9 0 82.4999999999999 274.5
2  18 10 0 82.4999999999999 274.5
0

0101000
+2314 0 -2313 0 *
Ve
1.5e-07
-96 -5 60
0 0

0101101
*
Ed
 1.5e-07 1 1 0
1  9 0 -55.50005 -4.99999999998835e-05
2  19 7 0 -55.50005 -4.99999999998835e-05
2  20 11 0 -55.50005 -4.99999999998835e-05
0

0101000
+2311 0 -2314 0 *
Ve
1.5e-07
96 -5 60
0 0

0101101
*
Ed
 1.5e-07 1 1 0
1  10 0 -55.50005 -4.99999999998835e-05
2  21 7 0 -55.50005 -4.99999999998835e-05
2  22 12 0 -55.50005 -4.99999999998835e-05
0

0101000
+2309 0 -2313 0 *
Ed
 1e-07 1 1 0
1  11 0 261 453
2  23 13 0 261 453
2  24 7 0 261 453
0

0101000
+2311 0 -2309 0 *
Wi

0101100
-2312 0 -2310 0 +2308 0 +2307 0 *
Wi

0101100
+2318 0 *
Fa
0  1e-07 7 0

0101000
+2306 0 +2305 0 *
Ve
1e-07
-364 -12 60
0 0

0101101
*
Ve
1e-07
-357 -5 60
0 0

0101101
*
Ed
 1e-07 1 1 0
1  12 0 6.28318530717959 7.85398163397448
2  25 14 0 6.28318530717959 7.85398163397448
2  26 13 0 6.28318530717959 7.85398163397448
0

0101000
+2303 0 -2302 0 *
Ve
1e-07
-364 -179.788204329752 60
0 0

0101101
*
Ed
 1e-07 1 1 0
1  13 0 2.55795384873636e-13 167.788204329753
2  27 13 0 2.55795384873636e-13 167.788204329753
2  28 15 0 2.55795384873636e-13 167.788204329753
0

0101000
+2300 0 -2303 0 *
Ve
1.5e-07
-344 -5 60
0 0

0101101
*
Ed
 1e-07 1 1 0
1  11 0 -5.6843418860808e-14 13
2  23 13 0 -5.6843418860808e-14 13
2  24 7 0 -5.6843418860808e-14 13
0

0101000
+2302 0 -2298 0 *
Ve
1.00000284217094e-07
-363.970613754042 -181 60
0 0

0101101
*
Ed
 1e-07 1 1 0
1  14 0 7.68638816749622 7.73487899530731
2  29 16 0 7.68638816749622 7.73487899530731
2  30 13 0 7.68638816749622 7.73487899530731
0

0101000
+2296 0 -2300 0 *
Ve
1e-07
-344 -15 60
0 0

0101101
*
Ed
 1e-07 1 1 0
1  15 0 0 10
2  31 17 0 0 10
2  32 18 0 0 10
2  33 13 0 0 10
0

0101000
+2294 0 -2298 0 *
Ve
1e-07
-345 -181 60
0 0

0101101
*
Ed
 1e-07 1 1 0
1  16 0 3.02938624595765 22
2  34 19 0 3.02938624595765 22
2  35 20 0 3.02938624595765 22
2  36 13 0 3.02938624595765 22
0

0101000
+2296 0 -2292 0 *
Ve
1e-07
-336 -15 60
0 0

0101101
*
Ed
 1e-07 1 1 0
1  17 0 0 8
2  37 21 0 0 8
2  38 18 0 0 8
2  39 13 0 0 8
0

0101000
-2290 0 +2294 0 *
Ve
1e-07
-345 -189 60
0 0

0101101
*
Ed
 1e-07 1 1 0
1  18 0 0 8
2  40 22 0 0 8
2  41 20 0 0 8
2  42 13 0 0 8
0

0101000
-2292 0 +2288 0 *
Ve
1.5e-07
-336 -5 60
0 0

0101101
*
Ed
 1e-07 1 1 0
1  19 0 0 10
2  43 23 0 0 10
2  44 18 0 0 10
2  45 13 0 0 10
0

0101000
+2290 0 -2286 0 *
Ve
1.00000684485404e-07
-362.240972882597 -188.999999999999 60
0 0

0101101
*
Ed
 1e-07 1 1 0
1  20 0 4.75902711740252 22
2  46 24 0 4.75902711740252 22
2  47 20 0 4.75902711740252 22
2  48 13 0 4.75902711740252 22
0

0101000
+2284 0 -2288 0 *
Ve
1.5e-07
-104 -5 60
0 0

0101101
*
Ed
 1e-07 1 1 0
1  11 0 21 253
2  23 13 0 21 253
2  24 7 0 21 253
0

0101000
+2286 0 -2282 0 *
Ve
1e-07
-341.970531278204 -204.611095860058 60
0 0

0101101
*
Ed
 1e-07 1 1 0
1  14 0 6.28318530717956 7.35751434644226
2  29 16 0 6.28318530717956 7.35751434644226
2  30 13 0 6.28318530717956 7.35751434644226
0

0101000
+2280 0 -2284 0 *
Ve
1e-07
-104 -15 60
0 0

0101101
*
Ed
 1e-07 1 1 0
1  21 0 0 10
2  49 25 0 0 10
2  50 26 0 0 10
2  51 13 0 0 10
0

0101000
+2278 0 -2282 0 *
Ve
1.00055091398463e-07
-108.999999999945 -222.935170208383 60
0 0

0101101
*
Ed
 1e-07 1 1 0
1  22 0 6.44017020007186 6.52139058451388
2  52 27 0 6.44017020007186 6.52139058451388
2  53 13 0 6.44017020007186 6.52139058451388
0

0101000
+2276 0 -2280 0 *
Ve
1e-07
-96 -15 60
0 0

0101101
*
Ed
 1e-07 1 1 0
1  23 0 0 8
2  54 28 0 0 8
2  55 26 0 0 8
2  56 13 0 0 8
0

0101000
-2274 0 +2278 0 *
Ve
1e-07
-109 -210 60
0 0

0101101
*
Ed
 1e-07 1 1 0
1  24 0 7.06482979161729 20
2  57 29 0 7.06482979161729 20
2  58 30 0 7.06482979161729 20
2  59 13 0 7.06482979161729 20
0

0101000
+2276 0 -2272 0 *
Ed
 1e-07 1 1 0
1  25 0 0 10
2  60 11 0 0 10
2  61 26 0 0 10
2  62 13 0 0 10
0

0101000
+2274 0 -2311 0 *
Ve
1e-07
-101 -210 60
0 0

0101101
*
Ed
 1e-07 1 1 0
1  26 0 0 8
2  63 31 0 0 8
2  64 30 0 0 8
2  65 13 0 0 8
0

0101000
-2269 0 +2272 0 *
Ve
1.00044535213466e-07
-101.000000000044 -223.227231746199 60
0 0

0101101
*
Ed
 1e-07 1 1 0
1  27 0 6.77276825380113 20
2  66 32 0 6.77276825380113 20
2  67 30 0 6.77276825380113 20
2  68 13 0 6.77276825380113 20
0

0101000
+2267 0 -2269 0 *
Ve
1e-07
96 -15 60
0 0

0101101
*
Ed
 1e-07 1 1 0
1  28 0 0 10
2  69 12 0 0 10
2  70 33 0 0 10
2  71 13 0 0 10
0

0101000
+2265 0 -2309 0 *
Ve
1.00044237349895e-07
101.000000000044 -223.227231746199 60
0 0

0101101
*
Ed
 1e-07 1 1 0
1  22 0 6.36718722828364 6.43738866340983
2  52 27 0 6.36718722828364 6.43738866340983
2  53 13 0 6.36718722828364 6.43738866340983
0

0101000
+2263 0 -2267 0 *
Ve
1e-07
104 -15 60
0 0

0101101
*
Ed
 1e-07 1 1 0
1  29 0 0 8
2  72 34 0 0 8
2  73 33 0 0 8
2  74 13 0 0 8
0

0101000
-2261 0 +2265 0 *
Ve
1e-07
101 -210 60
0 0

0101101
*
Ed
 1e-07 1 1 0
1  30 0 6.77276825380113 20
2  75 35 0 6.77276825380113 20
2  76 36 0 6.77276825380113 20
2  77 13 0 6.77276825380113 20
0

0101000
+2263 0 -2259 0 *
Ve
1.5e-07
104 -5 60
0 0

0101101
*
Ed
 1e-07 1 1 0
1  31 0 0 10
2  78 37 0 0 10
2  79 33 0 0 10
2  80 13 0 0 10
0

0101000
+2261 0 -2257 0 *
Ve
1e-07
109 -210 60
0 0

0101101
*
Ed
 1e-07 1 1 0
1  32 0 0 8
2  81 38 0 0 8
2  82 36 0 0 8
2  83 13 0 0 8
0

0101000
-2255 0 +2259 0 *
Ve
1.5e-07
336 -5 60
0 0

0101101
*
Ed
 1e-07 1 1 0
1  11 0 461 693
2  23 13 0 461 693
2  24 7 0 461 693
0

0101000
+2257 0 -2253 0 *
Ve
1.00054127778232e-07
108.999999999946 -222.935170208383 60
0 0

0101101
*
Ed
 1e-07 1 1 0
1  33 0 7.06482979161729 20
2  84 39 0 7.06482979161729 20
2  85 36 0 7.06482979161729 20
2  86 13 0 7.06482979161729 20
0

0101000
+2251 0 -2255 0 *
Ve
1e-07
336 -15 60
0 0

0101101
*
Ed
 1e-07 1 1 0
1  34 0 0 10
2  87 40 0 0 10
2  88 41 0 0 10
2  89 13 0 0 10
0

0101000
+2249 0 -2253 0 *
Ve
1e-07
341.970531278205 -204.611095860056 60
0 0

0101101
*
Ed
 1e-07 1 1 0
1  22 0 6.28318530717959 6.36440569162161
2  52 27 0 6.28318530717959 6.36440569162161
2  53 13 0 6.28318530717959 6.36440569162161
0

0101000
+2247 0 -2251 0 *
Ve
1e-07
344 -15 60
0 0

0101101
*
Ed
 1e-07 1 1 0
1  35 0 0 8
2  90 42 0 0 8
2  91 41 0 0 8
2  92 13 0 0 8
0

0101000
-2245 0 +2249 0 *
Ve
1.00000648114693e-07
362.240972882598 -188.999999999999 60
0 0

0101101
*
Ed
 1e-07 1 1 0
1  36 0 6.66054995604464 7.73487899530734
2  93 43 0 6.66054995604464 7.73487899530734
2  94 13 0 6.66054995604464 7.73487899530734
0

0101000
+2243 0 -2247 0 *
Ve
1.5e-07
344 -5 60
0 0

0101101
*
Ed
 1e-07 1 1 0
1  37 0 0 10
2  95 44 0 0 10
2  96 41 0 0 10
2  97 13 0 0 10
0

0101000
+2245 0 -2241 0 *
Ve
1e-07
345 -189 60
0 0

0101101
*
Ed
 1e-07 1 1 0
1  38 0 0 17.2409728825975
2  98 45 0 0 17.2409728825975
2  99 46 0 0 17.2409728825975
2  100 13 0 0 17.2409728825975
0

0101000
+2239 0 -2243 0 *
Ve
1e-07
357 -5 60
0 0

0101101
*
Ed
 1e-07 1 1 0
1  11 0 701 714
2  23 13 0 701 714
2  24 7 0 701 714
0

0101000
+2241 0 -2237 0 *
Ve
1e-07
345 -181 60
0 0

0101101
*
Ed
 1e-07 1 1 0
1  39 0 0 8
2  101 47 0 0 8
2  102 46 0 0 8
2  103 13 0 0 8
0

0101000
-2235 0 +2239 0 *
Ve
1e-07
364 -12 60
0 0

0101101
*
Ed
 1e-07 1 1 0
1  40 0 6.28318530717959 7.85398163397449
2  104 48 0 6.28318530717959 7.85398163397449
2  105 13 0 6.28318530717959 7.85398163397449
0

0101000
+2237 0 -2233 0 *
Ve
1.00000284217094e-07
363.970613754042 -181 60
0 0

0101101
*
Ed
 1e-07 1 1 0
1  41 0 0 18.9706137540423
2  106 49 0 0 18.9706137540423
2  107 46 0 0 18.9706137540423
2  108 13 0 0 18.9706137540423
0

0101000
+2235 0 -2231 0 *
Ve
1e-07
364 -179.788204329753 60
0 0

0101101
*
Ed
 1e-07 1 1 0
1  42 0 -1.4210854715202e-14 167.788204329753
2  109 13 0 -1.4210854715202e-14 167.788204329753
2  110 50 0 -1.4210854715202e-14 167.788204329753
0

0101000
+2233 0 -2229 0 *
Ed
 1e-07 1 1 0
1  36 0 6.28318530717959 6.33167613499067
2  93 43 0 6.28318530717959 6.33167613499067
2  94 13 0 6.28318530717959 6.33167613499067
0

0101000
+2229 0 -2231 0 *
Wi

0101100
+2301 0 +2299 0 +2297 0 +2295 0 -2293 0 -2291 0 +2289 0 +2287 0 +2285 0 +2283 0 
+2281 0 +2279 0 -2277 0 +2275 0 +2273 0 -2271 0 +2270 0 -2268 0 +2307 0 +2266 0 
-2264 0 +2262 0 +2260 0 -2258 0 +2256 0 -2254 0 +2252 0 +2250 0 -2248 0 +2246 0 
+2244 0 +2242 0 +2240 0 +2238 0 +2236 0 -2234 0 +2232 0 -2230 0 +2228 0 +2227 0 
*
Ve
1.50000028421709e-07
-174.752381848571 -189.8 60
0 0

0101101
*
Ve
1.50000028421709e-07
-195.412 -187.748690396312 60
0 0

0101101
*
Ed
 1.5e-07 1 1 0
1  43 0 82.9328762948102 103.694082744655
2  111 13 0 82.9328762948102 103.694082744655
2  112 51 0 82.9328762948102 103.694082744655
2  113 52 0 82.9328762948102 103.694082744655
0

0101000
+2225 0 -2224 0 *
Ve
1.5e-07
-195.412 -209.5 60
0 0

0101101
*
Ed
 1.5e-07 1 1 0
1  44 0 28.7420792032912 50.4933888069792
2  114 13 0 28.7420792032912 50.4933888069792
2  115 53 0 28.7420792032912 50.4933888069792
0

0101000
+2224 0 -2222 0 *
Ve
1.5e-07
-199.412 -209.5 60
0 0

0101101
*
Ed
 1.5e-07 1 1 0
1  45 0 -99.7060000000003 -95.7060000000003
2  116 13 0 -99.7060000000003 -95.7060000000003
2  117 54 0 -99.7060000000003 -95.7060000000003
0

0101000
+2220 0 -2222 0 *
Ve
1.50000028421709e-07
-199.412 -187.351527275745 60
0 0

0101101
*
Ed
 1.5e-07 1 1 0
1  46 0 28.3449160827238 50.4933888069792
2  118 13 0 28.3449160827238 50.4933888069792
2  119 55 0 28.3449160827238 50.4933888069792
0

0101000
+2218 0 -2220 0 *
Ve
1.50000080388734e-07
-250.731238991429 -182.256 60
0 0

0101101
*
Ed
 1.5e-07 1 1 0
1  43 0 107.713751704201 159.285339704545
2  111 13 0 107.713751704201 159.285339704545
2  112 51 0 107.713751704201 159.285339704545
2  120 52 0 107.713751704201 159.285339704545
0

0101000
+2218 0 -2216 0 *
Ve
1.5e-07
-285.712 -182.256 60
0 0

0101101
*
Ed
 1.5e-07 1 1 0
1  47 0 -142.856 -107.875238991429
2  121 13 0 -142.856 -107.875238991429
2  122 56 0 -142.856 -107.875238991429
2  123 52 0 -142.856 -107.875238991429
0

0101000
+2214 0 -2216 0 *
Ve
1.50000056843419e-07
-285.712 -178.782732949504 60
0 0

0101101
*
Ed
 1.5e-07 1 1 0
1  48 0 33.3981217564828 36.8713888069792
2  124 13 0 33.3981217564828 36.8713888069792
2  125 57 0 33.3981217564828 36.8713888069792
2  126 52 0 33.3981217564828 36.8713888069792
0

0101000
+2212 0 -2214 0 *
Ve
1.50000085265128e-07
-288.470123314659 -178.508876733864 60
0 0

0101101
*
Ed
 1.5e-07 1 1 0
1  43 0 194.438109506409 197.209795175042
2  111 13 0 194.438109506409 197.209795175042
2  112 51 0 194.438109506409 197.209795175042
2  127 52 0 194.438109506409 197.209795175042
0

0101000
+2212 0 -2210 0 *
Ve
1.50000007105427e-07
-291.412 -178.038382529389 60
0 0

0101101
*
Ed
 1.00000007105427e-07 1 1 0
1  49 0 1.66976273221048 1.78900385009976
2  128 13 0 1.66976273221048 1.78900385009976
2  129 58 0 1.66976273221048 1.78900385009976
2  130 52 0 1.66976273221048 1.78900385009976
0

0101000
+2210 0 -2208 0 *
Ve
1.5e-07
-291.412 -209.5 60
0 0

0101101
*
Ed
 1.5e-07 1 1 0
1  50 0 19.0317713363681 50.4933888069792
2  131 13 0 19.0317713363681 50.4933888069792
2  132 59 0 19.0317713363681 50.4933888069792
0

0101000
+2208 0 -2206 0 *
Ve
1.5e-07
-295.412 -209.5 60
0 0

0101101
*
Ed
 1.5e-07 1 1 0
1  51 0 -147.706 -143.706
2  133 13 0 -147.706 -143.706
2  134 60 0 -147.706 -143.706
0

0101000
+2204 0 -2206 0 *
Ve
1.50000007105427e-07
-295.412 -176.791824852246 60
0 0

0101101
*
Ed
 1.5e-07 1 1 0
1  52 0 17.7852136592256 50.4933888069792
2  135 13 0 17.7852136592256 50.4933888069792
2  136 61 0 17.7852136592256 50.4933888069792
0

0101000
+2202 0 -2204 0 *
Ve
1.00000994353723e-07
-307.966569880591 -165.567277909903 60
0 0

0101101
*
Ed
 1.00000007105427e-07 1 1 0
1  49 0 1.95679012310332 2.64385050402526
2  128 13 0 1.95679012310332 2.64385050402526
2  129 58 0 1.95679012310332 2.64385050402526
2  137 52 0 1.95679012310332 2.64385050402526
0

0101000
+2202 0 -2200 0 *
Ve
1.50001e-07
-311 -147.855728090001 60
0 0

0101101
*
Ed
 1.00000007105427e-07 1 1 0
1  53 0 1.68213734113589 4.94029345305274
2  138 13 0 1.68213734113589 4.94029345305274
2  139 62 0 1.68213734113589 4.94029345305274
2  140 52 0 1.68213734113589 4.94029345305274
0

0101000
+2198 0 -2200 0 *
Ve
1.50001e-07
-311 -80.7442719099988 60
0 0

0101101
*
Ed
 1.5e-07 1 1 0
1  54 0 -8.91233928302175 58.19911689698
2  141 13 0 -8.91233928302175 58.19911689698
2  142 63 0 -8.91233928302175 58.19911689698
2  143 52 0 -8.91233928302175 58.19911689698
0

0101000
+2196 0 -2198 0 *
Ve
1.50001e-07
-301.05572809 -70.8000000000002 60
0 0

0101101
*
Ed
 1.00000007105427e-07 1 1 0
1  55 0 0.111341014340965 4.60104796604371
2  144 13 0 0.111341014340965 4.60104796604371
2  145 64 0 0.111341014340965 4.60104796604371
2  146 52 0 0.111341014340965 4.60104796604371
0

0101000
+2194 0 -2196 0 *
Ve
1.50000007105427e-07
-295.412 -70.8000000000002 60
0 0

0101101
*
Ed
 1.5e-07 1 1 0
1  56 0 -145.55572809 -139.912000000001
2  147 13 0 -145.55572809 -139.912000000001
2  148 65 0 -145.55572809 -139.912000000001
2  149 52 0 -145.55572809 -139.912000000001
0

0101000
+2194 0 -2192 0 *
Ve
1.5e-07
-295.412 -54.5 60
0 0

0101101
*
Ed
 1.5e-07 1 1 0
1  52 0 -104.506611193021 -88.2066111930206
2  135 13 0 -104.506611193021 -88.2066111930206
2  136 61 0 -104.506611193021 -88.2066111930206
0

0101000
+2190 0 -2192 0 *
Ve
1.5e-07
-291.412 -54.5 60
0 0

0101101
*
Ed
 1.5e-07 1 1 0
1  57 0 -147.706 -143.706
2  150 13 0 -147.706 -143.706
2  151 66 0 -147.706 -143.706
0

0101000
+2190 0 -2188 0 *
Ve
1.50000007105427e-07
-291.412 -70.8000000000002 60
0 0

0101101
*
Ed
 1.5e-07 1 1 0
1  50 0 -104.506611193021 -88.2066111930206
2  131 13 0 -104.506611193021 -88.2066111930206
2  132 59 0 -104.506611193021 -88.2066111930206
0

0101000
+2188 0 -2186 0 *
Ve
1.50000014210855e-07
-199.412 -70.8000000000002 60
0 0

0101101
*
Ed
 1.5e-07 1 1 0
1  56 0 -135.912000000001 -43.9120000000005
2  147 13 0 -135.912000000001 -43.9120000000005
2  148 65 0 -135.912000000001 -43.9120000000005
2  152 52 0 -135.912000000001 -43.9120000000005
0

0101000
+2186 0 -2184 0 *
Ve
1.5e-07
-199.412 -54.5 60
0 0

0101101
*
Ed
 1.5e-07 1 1 0
1  46 0 -104.506611193021 -88.2066111930207
2  118 13 0 -104.506611193021 -88.2066111930207
2  119 55 0 -104.506611193021 -88.2066111930207
0

0101000
+2182 0 -2184 0 *
Ve
1.5e-07
-195.412 -54.5 60
0 0

0101101
*
Ed
 1.5e-07 1 1 0
1  58 0 -99.7060000000003 -95.7060000000003
2  153 13 0 -99.7060000000003 -95.7060000000003
2  154 67 0 -99.7060000000003 -95.7060000000003
0

0101000
+2182 0 -2180 0 *
Ve
1.50000014210855e-07
-195.412 -70.8000000000002 60
0 0

0101101
*
Ed
 1.5e-07 1 1 0
1  44 0 -104.506611193021 -88.2066111930207
2  114 13 0 -104.506611193021 -88.2066111930207
2  115 53 0 -104.506611193021 -88.2066111930207
0

0101000
+2180 0 -2178 0 *
Ve
1.5e-07
-156.429767415947 -70.8000000000002 60
0 0

0101101
*
Ed
 1.5e-07 1 1 0
1  56 0 -39.9120000000005 -0.929767415946827
2  147 13 0 -39.9120000000005 -0.929767415946827
2  148 65 0 -39.9120000000005 -0.929767415946827
2  155 52 0 -39.9120000000005 -0.929767415946827
0

0101000
+2178 0 -2176 0 *
Ve
1.5e-07
-136.394232584054 -70.8000000000002 60
0 0

0101101
*
Ed
 1.00000007105427e-07 1 1 0
1  59 0 1.05470298760213 2.08688966598767
2  156 13 0 1.05470298760213 2.08688966598767
2  157 68 0 1.05470298760213 2.08688966598767
2  158 52 0 1.05470298760213 2.08688966598767
0

0101000
+2174 0 -2176 0 *
Ve
1.50001e-07
-8.94427190999886 -70.8000000000001 60
0 0

0101101
*
Ed
 1.5e-07 1 1 0
1  56 0 19.1057674159458 146.555728090001
2  147 13 0 19.1057674159458 146.555728090001
2  148 65 0 19.1057674159458 146.555728090001
2  159 52 0 19.1057674159458 146.555728090001
0

0101000
+2174 0 -2172 0 *
Ve
1.50001e-07
8.94427190999903 -70.8000000000001 60
0 0

0101101
*
Ed
 1.00000007105427e-07 1 1 0
1  60 0 0.111341014340985 3.03025163924881
2  160 13 0 0.111341014340985 3.03025163924881
2  161 69 0 0.111341014340985 3.03025163924881
2  162 52 0 0.111341014340985 3.03025163924881
0

0101000
+2170 0 -2172 0 *
Ve
1.50000007105427e-07
63.9769999999996 -70.8000000000001 60
0 0

0101101
*
Ed
 1.5e-07 1 1 0
1  56 0 164.444271909999 219.476999999999
2  147 13 0 164.444271909999 219.476999999999
2  148 65 0 164.444271909999 219.476999999999
2  163 52 0 164.444271909999 219.476999999999
0

0101000
+2170 0 -2168 0 *
Ve
1.5e-07
63.9769999999996 -54.5 60
0 0

0101101
*
Ed
 1.5e-07 1 1 0
1  61 0 -104.506611193021 -88.2066111930207
2  164 13 0 -104.506611193021 -88.2066111930207
2  165 70 0 -104.506611193021 -88.2066111930207
0

0101000
+2166 0 -2168 0 *
Ve
1.5e-07
67.9769999999996 -54.5 60
0 0

0101101
*
Ed
 1.5e-07 1 1 0
1  62 0 31.9884999999997 35.9884999999997
2  166 13 0 31.9884999999997 35.9884999999997
2  167 71 0 31.9884999999997 35.9884999999997
0

0101000
+2166 0 -2164 0 *
Ve
1.50000014210855e-07
67.9769999999996 -70.8000000000001 60
0 0

0101101
*
Ed
 1.5e-07 1 1 0
1  63 0 -104.506611193021 -88.2066111930207
2  168 13 0 -104.506611193021 -88.2066111930207
2  169 72 0 -104.506611193021 -88.2066111930207
0

0101000
+2164 0 -2162 0 *
Ve
1.50000031776437e-07
159.977 -70.8000000000001 60
0 0

0101101
*
Ed
 1.5e-07 1 1 0
1  56 0 223.476999999999 315.477
2  147 13 0 223.476999999999 315.477
2  148 65 0 223.476999999999 315.477
2  170 52 0 223.476999999999 315.477
0

0101000
+2162 0 -2160 0 *
Ve
1.5e-07
159.977 -54.5 60
0 0

0101101
*
Ed
 1.5e-07 1 1 0
1  64 0 -104.506611193021 -88.2066111930208
2  171 13 0 -104.506611193021 -88.2066111930208
2  172 73 0 -104.506611193021 -88.2066111930208
0

0101000
+2158 0 -2160 0 *
Ve
1.5e-07
163.977 -54.5 60
0 0

0101101
*
Ed
 1.5e-07 1 1 0
1  65 0 79.9884999999997 83.9884999999997
2  173 13 0 79.9884999999997 83.9884999999997
2  174 74 0 79.9884999999997 83.9884999999997
0

0101000
+2158 0 -2156 0 *
Ve
1.50000031776437e-07
163.977 -70.8000000000001 60
0 0

0101101
*
Ed
 1.5e-07 1 1 0
1  66 0 -104.506611193021 -88.2066111930208
2  175 13 0 -104.506611193021 -88.2066111930208
2  176 75 0 -104.506611193021 -88.2066111930208
0

0101000
+2156 0 -2154 0 *
Ve
1.5e-07
196.625195357452 -70.8 60
0 0

0101101
*
Ed
 1.5e-07 1 1 0
1  56 0 319.477 352.125195357452
2  147 13 0 319.477 352.125195357452
2  148 65 0 319.477 352.125195357452
2  177 52 0 319.477 352.125195357452
0

0101000
+2154 0 -2152 0 *
Ve
1.5e-07
218.328804642547 -70.8 60
0 0

0101101
*
Ed
 1.00000007105427e-07 1 1 0
1  67 0 1.0067955015607 2.13479715202909
2  178 13 0 1.0067955015607 2.13479715202909
2  179 76 0 1.0067955015607 2.13479715202909
2  180 52 0 1.0067955015607 2.13479715202909
0

0101000
+2150 0 -2152 0 *
Ve
1.5e-07
232.625195357453 -70.8 60
0 0

0101101
*
Ed
 1.5e-07 1 1 0
1  56 0 373.828804642547 388.125195357453
2  147 13 0 373.828804642547 388.125195357453
2  148 65 0 373.828804642547 388.125195357453
2  181 52 0 373.828804642547 388.125195357453
0

0101000
+2150 0 -2148 0 *
Ve
1.5e-07
254.328804642546 -70.8 60
0 0

0101101
*
Ed
 1.00000007105427e-07 1 1 0
1  68 0 1.00679550156075 2.13479715202904
2  182 13 0 1.00679550156075 2.13479715202904
2  183 77 0 1.00679550156075 2.13479715202904
2  184 52 0 1.00679550156075 2.13479715202904
0

0101000
+2146 0 -2148 0 *
Ve
1.50001e-07
301.055728089999 -70.8 60
0 0

0101101
*
Ed
 1.5e-07 1 1 0
1  56 0 409.828804642546 456.555728089999
2  147 13 0 409.828804642546 456.555728089999
2  148 65 0 409.828804642546 456.555728089999
2  185 52 0 409.828804642546 456.555728089999
0

0101000
+2146 0 -2144 0 *
Ve
1.00000007105427e-07
319 -71.8000000000003 60
0 0

0101101
*
Ed
 1.00000007105427e-07 1 1 0
1  69 0 0 3.03025163924882
2  186 13 0 0 3.03025163924882
2  187 78 0 0 3.03025163924882
2  188 52 0 0 3.03025163924882
0

0101000
+2142 0 -2144 0 *
Ve
1.50001e-07
311 -80.7442719099994 60
0 0

0101101
*
Ed
 1.00000007105427e-07 1 1 0
1  69 0 4.82372999472565 6.28318530717959
2  186 13 0 4.82372999472565 6.28318530717959
2  187 78 0 4.82372999472565 6.28318530717959
2  189 52 0 4.82372999472565 6.28318530717959
0

0101000
+2140 0 -2142 0 *
Ve
1.50001e-07
311 -147.855728089999 60
0 0

0101101
*
Ed
 1.5e-07 1 1 0
1  70 0 -8.91233928302147 58.1991168969786
2  190 13 0 -8.91233928302147 58.1991168969786
2  191 79 0 -8.91233928302147 58.1991168969786
2  192 52 0 -8.91233928302147 58.1991168969786
0

0101000
+2140 0 -2138 0 *
Ve
1.00000007105427e-07
319 -156.8 60
0 0

0101101
*
Ed
 1.00000007105427e-07 1 1 0
1  71 0 0 1.45945531245395
2  193 13 0 0 1.45945531245395
2  194 80 0 0 1.45945531245395
2  195 52 0 0 1.45945531245395
0

0101000
+2136 0 -2138 0 *
Ve
1.00001374858882e-07
307.96656988059 -165.567277909905 60
0 0

0101101
*
Ed
 1.00000007105427e-07 1 1 0
1  71 0 4.48448450771655 6.28318530717959
2  193 13 0 4.48448450771655 6.28318530717959
2  194 80 0 4.48448450771655 6.28318530717959
2  196 52 0 4.48448450771655 6.28318530717959
0

0101000
+2134 0 -2136 0 *
Ve
1.50000063552874e-07
288.470123314659 -178.508876733864 60
0 0

0101101
*
Ed
 1.00000007105427e-07 1 1 0
1  72 0 0.497742149564621 1.47182992137931
2  197 13 0 0.497742149564621 1.47182992137931
2  198 81 0 0.497742149564621 1.47182992137931
2  199 52 0 0.497742149564621 1.47182992137931
0

0101000
+2134 0 -2132 0 *
Ve
1.50000040194367e-07
174.752381848571 -189.8 60
0 0

0101101
*
Ed
 1.5e-07 1 1 0
1  73 0 82.9328762948101 197.209795175042
2  200 13 0 82.9328762948101 197.209795175042
2  201 82 0 82.9328762948101 197.209795175042
2  202 52 0 82.9328762948101 197.209795175042
0

0101000
+2130 0 -2132 0 *
Ve
1.50000007105427e-07
163.977 -189.8 60
0 0

0101101
*
Ed
 1.5e-07 1 1 0
1  74 0 251.353190924285 262.128572772856
2  203 13 0 251.353190924285 262.128572772856
2  204 83 0 251.353190924285 262.128572772856
2  205 52 0 251.353190924285 262.128572772856
0

0101000
+2128 0 -2130 0 *
Ve
1.5e-07
163.977 -209.5 60
0 0

0101101
*
Ed
 1.5e-07 1 1 0
1  66 0 30.7933888069792 50.4933888069792
2  175 13 0 30.7933888069792 50.4933888069792
2  176 75 0 30.7933888069792 50.4933888069792
0

0101000
+2128 0 -2126 0 *
Ve
1.5e-07
159.977 -209.5 60
0 0

0101101
*
Ed
 1.5e-07 1 1 0
1  75 0 79.9884999999997 83.9884999999997
2  206 13 0 79.9884999999997 83.9884999999997
2  207 84 0 79.9884999999997 83.9884999999997
0

0101000
+2124 0 -2126 0 *
Ve
1.50000007105427e-07
159.977 -189.8 60
0 0

0101101
*
Ed
 1.5e-07 1 1 0
1  64 0 30.7933888069792 50.4933888069792
2  171 13 0 30.7933888069792 50.4933888069792
2  172 73 0 30.7933888069792 50.4933888069792
0

0101000
+2122 0 -2124 0 *
Ve
1.50000007105427e-07
67.9769999999996 -189.8 60
0 0

0101101
*
Ed
 1.5e-07 1 1 0
1  74 0 155.353190924285 247.353190924285
2  203 13 0 155.353190924285 247.353190924285
2  204 83 0 155.353190924285 247.353190924285
2  208 52 0 155.353190924285 247.353190924285
0

0101000
+2120 0 -2122 0 *
Ve
1.5e-07
67.9769999999996 -209.5 60
0 0

0101101
*
Ed
 1.5e-07 1 1 0
1  63 0 30.7933888069792 50.4933888069792
2  168 13 0 30.7933888069792 50.4933888069792
2  169 72 0 30.7933888069792 50.4933888069792
0

0101000
+2120 0 -2118 0 *
Ve
1.5e-07
63.9769999999996 -209.5 60
0 0

0101101
*
Ed
 1.5e-07 1 1 0
1  76 0 31.9884999999997 35.9884999999997
2  209 13 0 31.9884999999997 35.9884999999997
2  210 85 0 31.9884999999997 35.9884999999997
0

0101000
+2116 0 -2118 0 *
Ve
1.50000007105427e-07
63.9769999999996 -189.8 60
0 0

0101101
*
Ed
 1.5e-07 1 1 0
1  61 0 30.7933888069792 50.4933888069792
2  164 13 0 30.7933888069792 50.4933888069792
2  165 70 0 30.7933888069792 50.4933888069792
0

0101000
+2114 0 -2116 0 *
Ve
1.50001e-07
8.90561620551875 -189.8 60
0 0

0101101
*
Ed
 1.5e-07 1 1 0
1  74 0 96.281807129804 151.353190924285
2  203 13 0 96.281807129804 151.353190924285
2  204 83 0 96.281807129804 151.353190924285
2  211 52 0 96.281807129804 151.353190924285
0

0101000
+2112 0 -2114 0 *
Ve
1.50001e-07
-8.90561620551858 -189.8 60
0 0

0101101
*
Ed
 1.00000007105427e-07 1 1 0
1  77 0 3.28654415959302 6.13823380117636
2  212 13 0 3.28654415959302 6.13823380117636
2  213 86 0 3.28654415959302 6.13823380117636
2  214 52 0 3.28654415959302 6.13823380117636
0

0101000
+2110 0 -2112 0 *
Ed
 1.5e-07 1 1 0
1  74 0 -87.3761909242855 78.4705747187667
2  203 13 0 -87.3761909242855 78.4705747187667
2  204 83 0 -87.3761909242855 78.4705747187667
2  215 52 0 -87.3761909242855 78.4705747187667
0

0101000
+2225 0 -2110 0 *
Wi

0101100
-2223 0 -2221 0 +2219 0 +2217 0 -2215 0 +2213 0 +2211 0 -2209 0 -2207 0 -2205 0 
+2203 0 +2201 0 -2199 0 +2197 0 +2195 0 +2193 0 -2191 0 +2189 0 -2187 0 -2185 0 
-2183 0 +2181 0 -2179 0 -2177 0 -2175 0 +2173 0 -2171 0 +2169 0 -2167 0 +2165 0 
-2163 0 -2161 0 -2159 0 +2157 0 -2155 0 -2153 0 -2151 0 +2149 0 -2147 0 +2145 0 
-2143 0 +2141 0 +2139 0 -2137 0 +2135 0 +2133 0 -2131 0 +2129 0 +2127 0 -2125 0 
+2123 0 +2121 0 +2119 0 -2117 0 +2115 0 +2113 0 +2111 0 +2109 0 +2108 0 *
Fa
0  1e-07 13 0

0101000
+2226 0 +2107 0 *
Ve
1.50001e-07
-8.90561620551867 -189.8 68
0 0

0101101
*
Ed
 1e-07 1 1 0
1  78 0 8 16
2  216 83 0 8 16
2  217 86 0 8 16
0

0101000
+2110 0 -2105 0 *
Ve
1.50000028421709e-07
-174.752381848571 -189.8 68
0 0

0101101
*
Ed
 1.5e-07 1 1 0
1  79 0 -87.3761909242854 78.4705747187667
2  218 87 0 -87.3761909242854 78.4705747187667
2  219 83 0 -87.3761909242854 78.4705747187667
2  220 88 0 -87.3761909242854 78.4705747187667
2  221 89 0 -87.3761909242854 78.4705747187667
2  222 90 0 -87.3761909242854 78.4705747187667
0

0101000
+2103 0 -2105 0 *
Ed
 1e-07 1 1 0
1  80 0 61 69
2  223 51 0 61 69
2  224 83 0 61 69
0

0101000
+2225 0 -2103 0 *
Wi

0101100
-2108 0 -2104 0 +2102 0 +2101 0 *
Fa
0  1e-07 83 0

0101000
+2100 0 *
Ve
1.00000056843419e-07
175.079043946069 -195.596085456839 68
0 0

0101101
*
Ve
1.00000091974584e-07
289.043191923659 -184.280496295943 68
0 0

0101101
*
Ed
 1.00000028421709e-07 1 1 0
1  81 0 -3.96904731303493e-15 114.524537031661
2  225 87 0 -3.96904731303493e-15 114.524537031661
2  226 91 0 -3.96904731303493e-15 114.524537031661
2  227 88 0 -3.96904731303493e-15 114.524537031661
2  228 92 0 -3.96904731303493e-15 114.524537031661
2  229 89 0 -3.96904731303493e-15 114.524537031661
0

0101000
+2098 0 -2097 0 *
Ve
1.00000056843419e-07
175 -195.6 68
0 0

0101101
*
Ed
 1e-07 1 1 0
1  82 0 1.5707963267949 1.66976273221048
2  230 93 0 1.5707963267949 1.66976273221048
2  231 87 0 1.5707963267949 1.66976273221048
2  232 88 0 1.5707963267949 1.66976273221048
2  233 94 0 1.5707963267949 1.66976273221048
2  234 89 0 1.5707963267949 1.66976273221048
0

0101000
+2095 0 -2098 0 *
Ve
1.00000063552874e-07
316.8 -153.631206207659 68
0 0

0101101
*
Ed
 1.00000063552874e-07 1 1 0
1  83 0 0 1.47182992137931
2  235 95 0 0 1.47182992137931
2  236 88 0 0 1.47182992137931
2  237 96 0 0 1.47182992137931
2  238 89 0 0 1.47182992137931
0

0101000
+2093 0 -2097 0 *
Ve
1.00000056843419e-07
-174.999999999998 -195.6 68
0 0

0101101
*
Ed
 1.00000028421709e-07 1 1 0
1  84 0 0 349.999999999998
2  239 88 0 0 349.999999999998
2  240 97 0 0 349.999999999998
2  241 98 0 0 349.999999999998
2  242 89 0 0 349.999999999998
0

0101000
+2095 0 -2091 0 *
Ve
1.00000014210855e-07
316.8 -70.8 68
0 0

0101101
*
Ed
 1e-07 1 1 0
1  85 0 0 82.8312062076593
2  243 88 0 0 82.8312062076593
2  244 99 0 0 82.8312062076593
2  245 100 0 0 82.8312062076593
2  246 89 0 0 82.8312062076593
0

0101000
+2089 0 -2093 0 *
Ve
1e-07
-175.079043946067 -195.596085456839 68
0 0

0101101
*
Ed
 1e-07 1 1 0
1  86 0 1.57079632679688 1.66976273221247
2  247 101 0 1.57079632679688 1.66976273221247
2  248 87 0 1.57079632679688 1.66976273221247
2  249 88 0 1.57079632679688 1.66976273221247
2  250 102 0 1.57079632679688 1.66976273221247
2  251 89 0 1.57079632679688 1.66976273221247
0

0101000
+2087 0 -2091 0 *
Ve
1.00000014210855e-07
311 -65 68
0 0

0101101
*
Ed
 1.00000014210855e-07 1 1 0
1  87 0 6.28318530717959 7.85398163397448
2  252 103 0 6.28318530717959 7.85398163397448
2  253 87 0 6.28318530717959 7.85398163397448
2  254 104 0 6.28318530717959 7.85398163397448
2  255 88 0 6.28318530717959 7.85398163397448
2  256 105 0 6.28318530717959 7.85398163397448
2  257 89 0 6.28318530717959 7.85398163397448
0

0101000
+2089 0 -2085 0 *
Ve
1.00000063552874e-07
-289.043191923659 -184.280496295943 68
0 0

0101101
*
Ed
 1e-07 1 1 0
1  88 0 -1.58779933645548e-12 114.524537031661
2  258 87 0 -1.58779933645548e-12 114.524537031661
2  259 106 0 -1.58779933645548e-12 114.524537031661
2  260 88 0 -1.58779933645548e-12 114.524537031661
2  261 107 0 -1.58779933645548e-12 114.524537031661
2  262 89 0 -1.58779933645548e-12 114.524537031661
0

0101000
+2087 0 -2083 0 *
Ve
1.00000014210855e-07
-311 -65.0000000000002 68
0 0

0101101
*
Ed
 1e-07 1 1 0
1  89 0 0 622
2  263 88 0 0 622
2  264 108 0 0 622
2  265 109 0 0 622
2  266 89 0 0 622
0

0101000
+2081 0 -2085 0 *
Ve
1.00000063552874e-07
-316.8 -153.631206207659 68
0 0

0101101
*
Ed
 1.00000063552874e-07 1 1 0
1  90 0 0 1.47182992137931
2  267 110 0 0 1.47182992137931
2  268 88 0 0 1.47182992137931
2  269 111 0 0 1.47182992137931
2  270 89 0 0 1.47182992137931
0

0101000
+2083 0 -2079 0 *
Ve
1.00000014210855e-07
-316.8 -70.8000000000003 68
0 0

0101101
*
Ed
 1.00000014210855e-07 1 1 0
1  91 0 1.5707963267949 3.14159265358979
2  271 112 0 1.5707963267949 3.14159265358979
2  272 87 0 1.5707963267949 3.14159265358979
2  273 113 0 1.5707963267949 3.14159265358979
2  274 88 0 1.5707963267949 3.14159265358979
2  275 114 0 1.5707963267949 3.14159265358979
2  276 89 0 1.5707963267949 3.14159265358979
0

0101000
+2081 0 -2077 0 *
Ed
 1e-07 1 1 0
1  92 0 0 82.8312062076589
2  277 88 0 0 82.8312062076589
2  278 115 0 0 82.8312062076589
2  279 116 0 0 82.8312062076589
2  280 89 0 0 82.8312062076589
0

0101000
+2079 0 -2077 0 *
Wi

0101100
-2096 0 -2094 0 +2092 0 +2090 0 +2088 0 -2086 0 -2084 0 +2082 0 +2080 0 +2078 0 
-2076 0 +2075 0 *
Ve
1.5e-07
307.5 -154.3 68
0 0

0101101
*
Ve
1.5e-07
312.5 -154.3 68
0 0

0101101
*
Ed
 1.5e-07 1 1 0
1  93 0 153.75 158.75
2  281 88 0 153.75 158.75
2  282 117 0 153.75 158.75
2  283 90 0 153.75 158.75
0

0101000
+2073 0 -2072 0 *
Ve
1.5e-07
307.5 -159.3 68
0 0

0101101
*
Ed
 1.5e-07 1 1 0
1  94 0 11.0159883872569 16.0159883872569
2  284 88 0 11.0159883872569 16.0159883872569
2  285 118 0 11.0159883872569 16.0159883872569
2  286 90 0 11.0159883872569 16.0159883872569
0

0101000
+2073 0 -2070 0 *
Ve
1.5e-07
312.5 -159.3 68
0 0

0101101
*
Ed
 1.5e-07 1 1 0
1  95 0 11.0159883872569 16.0159883872569
2  287 88 0 11.0159883872569 16.0159883872569
2  288 119 0 11.0159883872569 16.0159883872569
2  289 90 0 11.0159883872569 16.0159883872569
0

0101000
+2072 0 -2068 0 *
Ed
 1.5e-07 1 1 0
1  96 0 153.75 158.75
2  290 88 0 153.75 158.75
2  291 120 0 153.75 158.75
2  292 90 0 153.75 158.75
0

0101000
+2070 0 -2068 0 *
Wi

0101100
-2071 0 +2069 0 -2067 0 +2066 0 *
Ve
1.5e-07
-2.49999999999991 -186 68
0 0

0101101
*
Ve
1.5e-07
2.50000000000009 -186 68
0 0

0101101
*
Ed
 1.5e-07 1 1 0
1  97 0 -1.25000000000001 3.74999999999999
2  293 88 0 -1.25000000000001 3.74999999999999
2  294 121 0 -1.25000000000001 3.74999999999999
2  295 90 0 -1.25000000000001 3.74999999999999
0

0101000
+2064 0 -2063 0 *
Ve
1.5e-07
2.50000000000009 -191 68
0 0

0101101
*
Ed
 1.5e-07 1 1 0
1  98 0 26.8659883872568 31.8659883872568
2  296 88 0 26.8659883872568 31.8659883872568
2  297 122 0 26.8659883872568 31.8659883872568
2  298 90 0 26.8659883872568 31.8659883872568
0

0101000
+2063 0 -2061 0 *
Ve
1.5e-07
-2.49999999999991 -191 68
0 0

0101101
*
Ed
 1.5e-07 1 1 0
1  99 0 -1.25000000000001 3.74999999999999
2  299 88 0 -1.25000000000001 3.74999999999999
2  300 123 0 -1.25000000000001 3.74999999999999
2  301 90 0 -1.25000000000001 3.74999999999999
0

0101000
+2059 0 -2061 0 *
Ed
 1.5e-07 1 1 0
1  100 0 26.8659883872568 31.8659883872568
2  302 88 0 26.8659883872568 31.8659883872568
2  303 124 0 26.8659883872568 31.8659883872568
2  304 90 0 26.8659883872568 31.8659883872568
0

0101000
+2064 0 -2059 0 *
Wi

0101100
-2062 0 -2060 0 +2058 0 +2057 0 *
Ve
1.5e-07
-312.5 -154.3 68
0 0

0101101
*
Ve
1.5e-07
-307.5 -154.3 68
0 0

0101101
*
Ed
 1.5e-07 1 1 0
1  101 0 -156.25 -151.25
2  305 88 0 -156.25 -151.25
2  306 125 0 -156.25 -151.25
2  307 90 0 -156.25 -151.25
0

0101000
+2055 0 -2054 0 *
Ve
1.5e-07
-312.5 -159.3 68
0 0

0101101
*
Ed
 1.5e-07 1 1 0
1  102 0 11.0159883872569 16.0159883872569
2  308 88 0 11.0159883872569 16.0159883872569
2  309 126 0 11.0159883872569 16.0159883872569
2  310 90 0 11.0159883872569 16.0159883872569
0

0101000
+2055 0 -2052 0 *
Ve
1.5e-07
-307.5 -159.3 68
0 0

0101101
*
Ed
 1.5e-07 1 1 0
1  103 0 11.0159883872569 16.0159883872569
2  311 88 0 11.0159883872569 16.0159883872569
2  312 127 0 11.0159883872569 16.0159883872569
2  313 90 0 11.0159883872569 16.0159883872569
0

0101000
+2054 0 -2050 0 *
Ed
 1.5e-07 1 1 0
1  104 0 -156.25 -151.25
2  314 88 0 -156.25 -151.25
2  315 128 0 -156.25 -151.25
2  316 90 0 -156.25 -151.25
0

0101000
+2052 0 -2050 0 *
Wi

0101100
-2053 0 +2051 0 -2049 0 +2048 0 *
Ve
1.5e-07
307.5 -69.3000000000003 68
0 0

0101101
*
Ve
1.5e-07
312.5 -69.3000000000003 68
0 0

0101101
*
Ed
 1.5e-07 1 1 0
1  105 0 153.75 158.75
2  317 88 0 153.75 158.75
2  318 129 0 153.75 158.75
2  319 90 0 153.75 158.75
0

0101000
+2046 0 -2045 0 *
Ve
1.5e-07
307.5 -74.3000000000003 68
0 0

0101101
*
Ed
 1.5e-07 1 1 0
1  106 0 -31.4840116127431 -26.4840116127431
2  320 88 0 -31.4840116127431 -26.4840116127431
2  321 130 0 -31.4840116127431 -26.4840116127431
2  322 90 0 -31.4840116127431 -26.4840116127431
0

0101000
+2046 0 -2043 0 *
Ve
1.5e-07
312.5 -74.3000000000003 68
0 0

0101101
*
Ed
 1.5e-07 1 1 0
1  107 0 -31.4840116127431 -26.4840116127431
2  323 88 0 -31.4840116127431 -26.4840116127431
2  324 131 0 -31.4840116127431 -26.4840116127431
2  325 90 0 -31.4840116127431 -26.4840116127431
0

0101000
+2045 0 -2041 0 *
Ed
 1.5e-07 1 1 0
1  108 0 153.75 158.75
2  326 88 0 153.75 158.75
2  327 132 0 153.75 158.75
2  328 90 0 153.75 158.75
0

0101000
+2043 0 -2041 0 *
Wi

0101100
-2044 0 +2042 0 -2040 0 +2039 0 *
Ve
1.00000113686838e-07
307.966569880591 -165.567277909904 68
0 0

0101101
*
Ve
1.50000056843419e-07
288.470123314659 -178.508876733864 68
0 0

0101101
*
Ed
 1.00000028421709e-07 1 1 0
1  109 0 0.497742149564568 1.47182992137931
2  329 87 0 0.497742149564568 1.47182992137931
2  330 81 0 0.497742149564568 1.47182992137931
2  331 88 0 0.497742149564568 1.47182992137931
2  332 89 0 0.497742149564568 1.47182992137931
2  333 90 0 0.497742149564568 1.47182992137931
0

0101000
+2037 0 -2036 0 *
Ve
1.50001e-07
311 -147.855728090001 68
0 0

0101101
*
Ed
 1.00000028421709e-07 1 1 0
1  110 0 1.4594553124539 4.48448450771658
2  334 80 0 1.4594553124539 4.48448450771658
2  335 133 0 1.4594553124539 4.48448450771658
2  336 88 0 1.4594553124539 4.48448450771658
2  337 89 0 1.4594553124539 4.48448450771658
2  338 90 0 1.4594553124539 4.48448450771658
0

0101000
+2034 0 -2037 0 *
Ve
1.50000028421709e-07
174.752381848571 -189.8 68
0 0

0101101
*
Ed
 1.5e-07 1 1 0
1  111 0 83.8594097111159 198.136328591348
2  339 87 0 83.8594097111159 198.136328591348
2  340 82 0 83.8594097111159 198.136328591348
2  341 88 0 83.8594097111159 198.136328591348
2  342 89 0 83.8594097111159 198.136328591348
2  343 90 0 83.8594097111159 198.136328591348
0

0101000
+2032 0 -2036 0 *
Ve
1.50001e-07
311 -80.7442719099994 68
0 0

0101101
*
Ed
 1.5e-07 1 1 0
1  112 0 -18.2897397027438 48.8217164772579
2  344 87 0 -18.2897397027438 48.8217164772579
2  345 79 0 -18.2897397027438 48.8217164772579
2  346 88 0 -18.2897397027438 48.8217164772579
2  347 89 0 -18.2897397027438 48.8217164772579
2  348 90 0 -18.2897397027438 48.8217164772579
0

0101000
+2030 0 -2034 0 *
Ve
1.50001e-07
8.90561620551889 -189.8 68
0 0

0101101
*
Ed
 1.5e-07 1 1 0
1  79 0 96.2818071298042 262.128572772856
2  218 87 0 96.2818071298042 262.128572772856
2  219 83 0 96.2818071298042 262.128572772856
2  349 88 0 96.2818071298042 262.128572772856
2  350 89 0 96.2818071298042 262.128572772856
2  351 90 0 96.2818071298042 262.128572772856
0

0101000
+2028 0 -2032 0 *
Ve
1.50001e-07
301.055728090001 -70.7999999999997 68
0 0

0101101
*
Ed
 1.00000028421709e-07 1 1 0
1  113 0 3.03025163924877 4.82372999472565
2  352 78 0 3.03025163924877 4.82372999472565
2  353 104 0 3.03025163924877 4.82372999472565
2  354 88 0 3.03025163924877 4.82372999472565
2  355 89 0 3.03025163924877 4.82372999472565
2  356 90 0 3.03025163924877 4.82372999472565
0

0101000
+2026 0 -2030 0 *
Ve
1.00000028421709e-07
9.00000000000009 -188.5 68
0 0

0101101
*
Ed
 1.00000028421709e-07 1 1 0
1  114 0 6.13823380117634 6.28318530717959
2  357 86 0 6.13823380117634 6.28318530717959
2  358 134 0 6.13823380117634 6.28318530717959
2  359 88 0 6.13823380117634 6.28318530717959
2  360 89 0 6.13823380117634 6.28318530717959
2  361 90 0 6.13823380117634 6.28318530717959
0

0101000
+2028 0 -2024 0 *
Ve
1.50001e-07
254.328804642547 -70.8000000000004 68
0 0

0101101
*
Ed
 1.5e-07 1 1 0
1  115 0 409.828804642547 456.555728090001
2  362 87 0 409.828804642547 456.555728090001
2  363 65 0 409.828804642547 456.555728090001
2  364 88 0 409.828804642547 456.555728090001
2  365 89 0 409.828804642547 456.555728090001
2  366 90 0 409.828804642547 456.555728090001
0

0101000
+2022 0 -2026 0 *
Ed
 1.00000028421709e-07 1 1 0
1  114 0 0 3.28654415959306
2  357 86 0 0 3.28654415959306
2  358 134 0 0 3.28654415959306
2  367 88 0 0 3.28654415959306
2  368 89 0 0 3.28654415959306
2  369 90 0 0 3.28654415959306
0

0101000
+2024 0 -2105 0 *
Ve
1.50001e-07
232.625195357453 -70.8 68
0 0

0101101
*
Ed
 1.00000028421709e-07 1 1 0
1  116 0 1.00679550156069 2.13479715202906
2  370 77 0 1.00679550156069 2.13479715202906
2  371 135 0 1.00679550156069 2.13479715202906
2  372 136 0 1.00679550156069 2.13479715202906
2  373 88 0 1.00679550156069 2.13479715202906
2  374 90 0 1.00679550156069 2.13479715202906
0

0101000
+2022 0 -2019 0 *
Ve
1.50001e-07
218.328804642546 -70.8 68
0 0

0101101
*
Ed
 1.5e-07 1 1 0
1  115 0 373.828804642546 388.125195357453
2  362 87 0 373.828804642546 388.125195357453
2  363 65 0 373.828804642546 388.125195357453
2  364 88 0 373.828804642546 388.125195357453
2  365 89 0 373.828804642546 388.125195357453
2  375 90 0 373.828804642546 388.125195357453
0

0101000
+2017 0 -2019 0 *
Ve
1.50002302903974e-07
-250.731238991431 -182.256 68
0 0

0101101
*
Ed
 1.5e-07 1 1 0
1  117 0 83.859409711116 160.211873120853
2  376 87 0 83.859409711116 160.211873120853
2  377 51 0 83.859409711116 160.211873120853
2  378 88 0 83.859409711116 160.211873120853
2  379 89 0 83.859409711116 160.211873120853
2  380 90 0 83.859409711116 160.211873120853
0

0101000
+2103 0 -2015 0 *
Ve
1.50001e-07
196.625195357453 -70.7999999999999 68
0 0

0101101
*
Ed
 1.00000028421709e-07 1 1 0
1  118 0 1.00679550156074 2.13479715202903
2  381 76 0 1.00679550156074 2.13479715202903
2  382 137 0 1.00679550156074 2.13479715202903
2  383 136 0 1.00679550156074 2.13479715202903
2  384 88 0 1.00679550156074 2.13479715202903
2  385 90 0 1.00679550156074 2.13479715202903
0

0101000
+2017 0 -2013 0 *
Ve
1.00000028421709e-07
-285.712 -182.256 68
0 0

0101101
*
Ed
 1.00000028421709e-07 1 1 0
1  119 0 0 34.980761008569
2  386 56 0 0 34.980761008569
2  387 138 0 0 34.980761008569
2  388 139 0 0 34.980761008569
2  389 88 0 0 34.980761008569
2  390 90 0 0 34.980761008569
0

0101000
+2011 0 -2015 0 *
Ve
1.50001e-07
8.94427190999922 -70.8000000000001 68
0 0

0101101
*
Ed
 1.5e-07 1 1 0
1  115 0 164.444271909999 352.125195357453
2  362 87 0 164.444271909999 352.125195357453
2  363 65 0 164.444271909999 352.125195357453
2  364 88 0 164.444271909999 352.125195357453
2  365 89 0 164.444271909999 352.125195357453
2  391 90 0 164.444271909999 352.125195357453
0

0101000
+2009 0 -2013 0 *
Ve
1.50000014210855e-07
-285.712 -178.782732949504 68
0 0

0101101
*
Ed
 1.00000028421709e-07 1 1 0
1  120 0 0 3.47326705049642
2  392 57 0 0 3.47326705049642
2  393 138 0 0 3.47326705049642
2  394 139 0 0 3.47326705049642
2  395 88 0 0 3.47326705049642
2  396 90 0 0 3.47326705049642
0

0101000
+2011 0 -2007 0 *
Ve
1.00000028421709e-07
9.00000000000009 -71.8000000000003 68
0 0

0101101
*
Ed
 1.00000028421709e-07 1 1 0
1  121 0 0 0.111341014340986
2  397 69 0 0 0.111341014340986
2  398 140 0 0 0.111341014340986
2  399 88 0 0 0.111341014340986
2  400 89 0 0 0.111341014340986
2  401 90 0 0 0.111341014340986
0

0101000
+2005 0 -2009 0 *
Ve
1.50000080388734e-07
-288.470123314659 -178.508876733864 68
0 0

0101101
*
Ed
 1.5e-07 1 1 0
1  117 0 195.364642922715 198.136328591348
2  376 87 0 195.364642922715 198.136328591348
2  377 51 0 195.364642922715 198.136328591348
2  378 88 0 195.364642922715 198.136328591348
2  379 89 0 195.364642922715 198.136328591348
2  402 90 0 195.364642922715 198.136328591348
0

0101000
+2007 0 -2003 0 *
Ve
1.50001e-07
-8.94427190999898 -70.7999999999998 68
0 0

0101101
*
Ed
 1.00000028421709e-07 1 1 0
1  121 0 3.03025163924877 6.28318530717959
2  397 69 0 3.03025163924877 6.28318530717959
2  398 140 0 3.03025163924877 6.28318530717959
2  403 88 0 3.03025163924877 6.28318530717959
2  404 89 0 3.03025163924877 6.28318530717959
2  405 90 0 3.03025163924877 6.28318530717959
0

0101000
+2001 0 -2005 0 *
Ve
1.00000093544027e-07
-307.966569880591 -165.567277909904 68
0 0

0101101
*
Ed
 1.00000028421709e-07 1 1 0
1  122 0 1.66976273221048 2.64385050402522
2  406 87 0 1.66976273221048 2.64385050402522
2  407 58 0 1.66976273221048 2.64385050402522
2  408 88 0 1.66976273221048 2.64385050402522
2  409 89 0 1.66976273221048 2.64385050402522
2  410 90 0 1.66976273221048 2.64385050402522
0

0101000
+2003 0 -1999 0 *
Ve
1.50001e-07
-136.394232584054 -70.8 68
0 0

0101101
*
Ed
 1.5e-07 1 1 0
1  115 0 19.1057674159459 146.555728090001
2  362 87 0 19.1057674159459 146.555728090001
2  363 65 0 19.1057674159459 146.555728090001
2  411 88 0 19.1057674159459 146.555728090001
2  412 89 0 19.1057674159459 146.555728090001
2  413 90 0 19.1057674159459 146.555728090001
0

0101000
+1997 0 -2001 0 *
Ve
1.00000028421709e-07
-301 -156.8 68
0 0

0101101
*
Ed
 1.00000028421709e-07 1 1 0
1  123 0 4.94029345305278 6.28318530717959
2  414 62 0 4.94029345305278 6.28318530717959
2  415 141 0 4.94029345305278 6.28318530717959
2  416 88 0 4.94029345305278 6.28318530717959
2  417 89 0 4.94029345305278 6.28318530717959
2  418 90 0 4.94029345305278 6.28318530717959
0

0101000
+1999 0 -1995 0 *
Ve
1.50001e-07
-156.429767415948 -70.8000000000004 68
0 0

0101101
*
Ed
 1.00000028421709e-07 1 1 0
1  124 0 1.05470298760213 2.08688966598773
2  419 68 0 1.05470298760213 2.08688966598773
2  420 142 0 1.05470298760213 2.08688966598773
2  421 139 0 1.05470298760213 2.08688966598773
2  422 88 0 1.05470298760213 2.08688966598773
2  423 90 0 1.05470298760213 2.08688966598773
0

0101000
+1997 0 -1993 0 *
Ve
1.50001e-07
-311 -147.855728090001 68
0 0

0101101
*
Ed
 1.00000028421709e-07 1 1 0
1  123 0 0 1.68213734113588
2  414 62 0 0 1.68213734113588
2  415 141 0 0 1.68213734113588
2  424 88 0 0 1.68213734113588
2  425 89 0 0 1.68213734113588
2  426 90 0 0 1.68213734113588
0

0101000
+1995 0 -1991 0 *
Ve
1.50001e-07
-301.055728090001 -70.8000000000002 68
0 0

0101101
*
Ed
 1.5e-07 1 1 0
1  115 0 -145.555728090001 -0.929767415948135
2  362 87 0 -145.555728090001 -0.929767415948135
2  363 65 0 -145.555728090001 -0.929767415948135
2  411 88 0 -145.555728090001 -0.929767415948135
2  412 89 0 -145.555728090001 -0.929767415948135
2  427 90 0 -145.555728090001 -0.929767415948135
0

0101000
+1989 0 -1993 0 *
Ve
1.50001e-07
-311 -80.7442719099993 68
0 0

0101101
*
Ed
 1.5e-07 1 1 0
1  125 0 -18.2897397027436 48.8217164772582
2  428 87 0 -18.2897397027436 48.8217164772582
2  429 63 0 -18.2897397027436 48.8217164772582
2  430 88 0 -18.2897397027436 48.8217164772582
2  431 89 0 -18.2897397027436 48.8217164772582
2  432 90 0 -18.2897397027436 48.8217164772582
0

0101000
+1987 0 -1991 0 *
Ve
1.00000028421709e-07
-301 -71.8000000000003 68
0 0

0101101
*
Ed
 1.00000028421709e-07 1 1 0
1  126 0 0 0.11134101434097
2  433 64 0 0 0.11134101434097
2  434 113 0 0 0.11134101434097
2  435 88 0 0 0.11134101434097
2  436 89 0 0 0.11134101434097
2  437 90 0 0 0.11134101434097
0

0101000
+1985 0 -1989 0 *
Ed
 1.00000028421709e-07 1 1 0
1  126 0 4.60104796604367 6.28318530717959
2  433 64 0 4.60104796604367 6.28318530717959
2  434 113 0 4.60104796604367 6.28318530717959
2  438 88 0 4.60104796604367 6.28318530717959
2  439 89 0 4.60104796604367 6.28318530717959
2  440 90 0 4.60104796604367 6.28318530717959
0

0101000
+1987 0 -1985 0 *
Wi

0101100
-2035 0 -2033 0 +2031 0 -2029 0 +2027 0 -2025 0 -2023 0 -2021 0 -2020 0 +2018 0 
+2102 0 -2016 0 -2014 0 +2012 0 +2010 0 -2008 0 -2006 0 -2004 0 -2002 0 -2000 0 
-1998 0 -1996 0 -1994 0 +1992 0 -1990 0 -1988 0 +1986 0 -1984 0 -1983 0 *
Ve
1.5e-07
-2.49999999999991 -69.3000000000003 68
0 0

0101101
*
Ve
1.5e-07
2.50000000000009 -69.3000000000003 68
0 0

0101101
*
Ed
 1.5e-07 1 1 0
1  127 0 -1.25000000000001 3.74999999999999
2  441 88 0 -1.25000000000001 3.74999999999999
2  442 143 0 -1.25000000000001 3.74999999999999
2  443 90 0 -1.25000000000001 3.74999999999999
0

0101000
+1981 0 -1980 0 *
Ve
1.5e-07
-2.49999999999991 -74.3000000000003 68
0 0

0101101
*
Ed
 1.5e-07 1 1 0
1  128 0 -31.4840116127431 -26.4840116127431
2  444 88 0 -31.4840116127431 -26.4840116127431
2  445 144 0 -31.4840116127431 -26.4840116127431
2  446 90 0 -31.4840116127431 -26.4840116127431
0

0101000
+1981 0 -1978 0 *
Ve
1.5e-07
2.50000000000009 -74.3000000000003 68
0 0

0101101
*
Ed
 1.5e-07 1 1 0
1  129 0 -31.4840116127431 -26.4840116127431
2  447 88 0 -31.4840116127431 -26.4840116127431
2  448 145 0 -31.4840116127431 -26.4840116127431
2  449 90 0 -31.4840116127431 -26.4840116127431
0

0101000
+1980 0 -1976 0 *
Ed
 1.5e-07 1 1 0
1  130 0 -1.25000000000001 3.74999999999999
2  450 88 0 -1.25000000000001 3.74999999999999
2  451 146 0 -1.25000000000001 3.74999999999999
2  452 90 0 -1.25000000000001 3.74999999999999
0

0101000
+1978 0 -1976 0 *
Wi

0101100
-1979 0 +1977 0 -1975 0 +1974 0 *
Ve
1.5e-07
-312.5 -69.3000000000003 68
0 0

0101101
*
Ve
1.5e-07
-307.5 -69.3000000000003 68
0 0

0101101
*
Ed
 1.5e-07 1 1 0
1  131 0 -156.25 -151.25
2  453 88 0 -156.25 -151.25
2  454 147 0 -156.25 -151.25
2  455 90 0 -156.25 -151.25
0

0101000
+1972 0 -1971 0 *
Ve
1.5e-07
-312.5 -74.3000000000003 68
0 0

0101101
*
Ed
 1.5e-07 1 1 0
1  132 0 -31.4840116127431 -26.4840116127431
2  456 88 0 -31.4840116127431 -26.4840116127431
2  457 148 0 -31.4840116127431 -26.4840116127431
2  458 90 0 -31.4840116127431 -26.4840116127431
0

0101000
+1972 0 -1969 0 *
Ve
1.5e-07
-307.5 -74.3000000000003 68
0 0

0101101
*
Ed
 1.5e-07 1 1 0
1  133 0 -31.4840116127431 -26.4840116127431
2  459 88 0 -31.4840116127431 -26.4840116127431
2  460 149 0 -31.4840116127431 -26.4840116127431
2  461 90 0 -31.4840116127431 -26.4840116127431
0

0101000
+1971 0 -1967 0 *
Ed
 1.5e-07 1 1 0
1  134 0 -156.25 -151.25
2  462 88 0 -156.25 -151.25
2  463 150 0 -156.25 -151.25
2  464 90 0 -156.25 -151.25
0

0101000
+1969 0 -1967 0 *
Wi

0101100
-1970 0 +1968 0 -1966 0 +1965 0 *
Fa
0  1e-07 88 0

0101000
+2074 0 +2065 0 +2056 0 +2047 0 +2038 0 +1982 0 +1973 0 +1964 0 *
Ve
1e-07
-307.5 -74.3000000000003 66
0 0

0101101
*
Ed
 1e-07 1 1 0
1  135 0 0 1.99999999999997
2  465 149 0 0 1.99999999999997
2  466 150 0 0 1.99999999999997
0

0101000
+1962 0 -1967 0 *
Ve
1e-07
-312.5 -74.3000000000003 66
0 0

0101101
*
Ed
 1e-07 1 1 0
1  136 0 0 1.99999999999997
2  467 148 0 0 1.99999999999997
2  468 150 0 0 1.99999999999997
0

0101000
+1960 0 -1969 0 *
Ed
 1e-07 1 1 0
1  137 0 0 5
2  469 150 0 0 5
2  470 151 0 0 5
0

0101000
-1962 0 +1960 0 *
Wi

0101100
-1961 0 +1965 0 +1959 0 -1958 0 *
Fa
0  1e-07 150 0

0101000
+1957 0 *
Ve
1e-07
-312.5 -69.3000000000003 66
0 0

0101101
*
Ed
 1e-07 1 1 0
1  138 0 0 5
2  471 148 0 0 5
2  472 151 0 0 5
0

0101000
-1955 0 +1960 0 *
Ve
1e-07
-307.5 -69.3000000000003 66
0 0

0101101
*
Ed
 1e-07 1 1 0
1  139 0 0 5
2  473 147 0 0 5
2  474 151 0 0 5
0

0101000
-1953 0 +1955 0 *
Ed
 1e-07 1 1 0
1  140 0 0 5
2  475 149 0 0 5
2  476 151 0 0 5
0

0101000
-1953 0 +1962 0 *
Wi

0101100
-1954 0 -1952 0 +1958 0 +1951 0 *
Ve
1e-07
-307.75 -71.8000000000003 66
0 0

0101101
*
Ed
 1e-07 1 1 0
1  141 0 0 6.28318530717959
2  477 152 0 0 6.28318530717959
2  478 151 0 0 6.28318530717959
0

0101100
+1949 0 -1949 0 *
Wi

0101100
-1948 0 *
Fa
0  1e-07 151 0

0101000
+1950 0 +1947 0 *
Ve
1e-07
-307.75 -71.8000000000003 55.4
0 0

0101101
*
Ed
 1e-07 1 1 0
1  142 0 4.4 15
3  479 480CN 152 0 4.4 15
0

0101000
+1945 0 -1949 0 *
Ed
 1e-07 1 1 0
1  143 0 0 6.28318530717959
2  481 152 0 0 6.28318530717959
2  482 153 0 0 6.28318530717959
0

0101100
+1945 0 -1945 0 *
Wi

0101100
+1944 0 +1943 0 -1944 0 -1948 0 *
Fa
0  1e-07 152 0

0101000
+1942 0 *
Ve
1e-07
-305.727608007997 -71.8000000000003 55.4
0 0

0101101
*
Ve
1e-07
-307.863804003998 -68.1000000000003 55.4
0 0

0101101
*
Ed
 1e-07 1 1 0
1  144 0 0 4.27239199200323
2  483 154 0 0 4.27239199200323
2  484 153 0 0 4.27239199200323
0

0101000
+1940 0 -1939 0 *
Ve
1e-07
-307.863804003998 -75.5000000000003 55.4
0 0

0101101
*
Ed
 1e-07 1 1 0
1  145 0 0 4.27239199200323
2  485 155 0 0 4.27239199200323
2  486 153 0 0 4.27239199200323
0

0101000
+1937 0 -1940 0 *
Ve
1e-07
-312.136195996002 -68.1000000000003 55.4
0 0

0101101
*
Ed
 1e-07 1 1 0
1  146 0 0 4.27239199200323
2  487 156 0 0 4.27239199200323
2  488 153 0 0 4.27239199200323
0

0101000
+1939 0 -1935 0 *
Ve
1e-07
-312.136195996002 -75.5000000000003 55.4
0 0

0101101
*
Ed
 1e-07 1 1 0
1  147 0 0 4.27239199200323
2  489 157 0 0 4.27239199200323
2  490 153 0 0 4.27239199200323
0

0101000
+1933 0 -1937 0 *
Ve
1e-07
-314.272391992003 -71.8000000000003 55.4
0 0

0101101
*
Ed
 1e-07 1 1 0
1  148 0 0 4.27239199200323
2  491 158 0 0 4.27239199200323
2  492 153 0 0 4.27239199200323
0

0101000
+1935 0 -1931 0 *
Ed
 1e-07 1 1 0
1  149 0 0 4.27239199200323
2  493 159 0 0 4.27239199200323
2  494 153 0 0 4.27239199200323
0

0101000
+1931 0 -1933 0 *
Wi

0101100
+1938 0 +1936 0 +1934 0 +1932 0 +1930 0 +1929 0 *
Wi

0101100
-1943 0 *
Fa
0  1e-07 153 0

0101000
+1928 0 +1927 0 *
Ve
1.50000014210855e-07
-312.136195996002 -75.5000000000003 52
0 0

0101101
*
Ve
1.50000014210855e-07
-314.272391992003 -71.8000000000003 52
0 0

0101101
*
Ed
 1.5e-07 1 1 0
1  150 0 -3.20429399400242 1.06809799800081
2  495 160 0 -3.20429399400242 1.06809799800081
2  496 159 0 -3.20429399400242 1.06809799800081
0

0101000
+1925 0 -1924 0 *
Ed
 1e-07 1 1 0
1  151 0 1 4.4
2  497 159 0 1 4.4
2  498 157 0 1 4.4
0

0101000
+1925 0 -1933 0 *
Ed
 1e-07 1 1 0
1  152 0 1 4.4
2  499 158 0 1 4.4
2  500 159 0 1 4.4
0

0101000
+1924 0 -1931 0 *
Wi

0101100
+1923 0 -1922 0 +1929 0 +1921 0 *
Fa
0  1e-07 159 0

0101000
+1920 0 *
Ve
1e-07
-301 -71.8000000000003 52
0 0

0101101
*
Ed
 1e-07 1 1 0
1  153 0 0 6.28318530717959
2  501 64 0 0 6.28318530717959
2  502 160 0 0 6.28318530717959
0

0101000
+1918 0 -1918 0 *
Wi

0101100
+1917 0 *
Ve
1.5e-07
-312.136195996002 -68.1000000000003 52
0 0

0101101
*
Ve
1.50000063552874e-07
-307.863804003998 -68.1000000000003 52
0 0

0101101
*
Ed
 1.5e-07 1 1 0
1  154 0 -3.2042939940024 1.06809799800084
2  503 160 0 -3.2042939940024 1.06809799800084
2  504 156 0 -3.2042939940024 1.06809799800084
0

0101000
+1915 0 -1914 0 *
Ed
 1.5e-07 1 1 0
1  155 0 -3.20429399400245 1.06809799800079
2  505 160 0 -3.20429399400245 1.06809799800079
2  506 158 0 -3.20429399400245 1.06809799800079
0

0101000
+1924 0 -1915 0 *
Ve
1.5e-07
-307.863804003998 -75.5000000000003 52
0 0

0101101
*
Ed
 1.5e-07 1 1 0
1  156 0 -3.2042939940024 1.06809799800084
2  507 160 0 -3.2042939940024 1.06809799800084
2  508 157 0 -3.2042939940024 1.06809799800084
0

0101000
+1911 0 -1925 0 *
Ve
1.50000063552874e-07
-305.727608007997 -71.8000000000003 52
0 0

0101101
*
Ed
 1.5e-07 1 1 0
1  157 0 -3.20429399400245 1.06809799800079
2  509 160 0 -3.20429399400245 1.06809799800079
2  510 155 0 -3.20429399400245 1.06809799800079
0

0101000
+1909 0 -1911 0 *
Ed
 1.5e-07 1 1 0
1  158 0 -3.20429399400242 1.06809799800081
2  511 160 0 -3.20429399400242 1.06809799800081
2  512 154 0 -3.20429399400242 1.06809799800081
0

0101000
+1914 0 -1909 0 *
Wi

0101100
+1913 0 +1912 0 +1923 0 +1910 0 +1908 0 +1907 0 *
Fa
0  1e-07 160 0

0101000
+1916 0 +1906 0 *
Ed
 1e-07 1 1 0
1  159 0 1 4.4
2  513 156 0 1 4.4
2  514 158 0 1 4.4
0

0101000
+1915 0 -1935 0 *
Wi

0101100
+1912 0 -1921 0 +1930 0 +1904 0 *
Fa
0  1e-07 158 0

0101000
+1903 0 *
Ed
 1e-07 1 1 0
1  160 0 1 4.4
2  515 155 0 1 4.4
2  516 157 0 1 4.4
0

0101000
+1911 0 -1937 0 *
Wi

0101100
+1910 0 -1901 0 +1932 0 +1922 0 *
Fa
0  1e-07 157 0

0101000
+1900 0 *
Ed
 1e-07 1 1 0
1  161 0 1 4.4
2  517 154 0 1 4.4
2  518 156 0 1 4.4
0

0101000
+1914 0 -1939 0 *
Wi

0101100
+1913 0 -1904 0 +1934 0 +1898 0 *
Fa
0  1e-07 156 0

0101000
+1897 0 *
Ed
 1e-07 1 1 0
1  162 0 1 4.4
2  519 154 0 1 4.4
2  520 155 0 1 4.4
0

0101000
+1909 0 -1940 0 *
Wi

0101100
+1908 0 -1895 0 +1936 0 +1901 0 *
Fa
0  1e-07 155 0

0101000
+1894 0 *
Wi

0101100
+1907 0 -1898 0 +1938 0 +1895 0 *
Fa
0  1e-07 154 0

0101000
+1892 0 *
Ed
 1e-07 1 1 0
1  163 0 0 1.99999999999997
2  521 149 0 0 1.99999999999997
2  522 147 0 0 1.99999999999997
0

0101000
+1953 0 -1971 0 *
Wi

0101100
-1961 0 +1966 0 +1890 0 +1951 0 *
Fa
0  1e-07 149 0

0101000
+1889 0 *
Ed
 1e-07 1 1 0
1  164 0 0 1.99999999999997
2  523 148 0 0 1.99999999999997
2  524 147 0 0 1.99999999999997
0

0101000
+1955 0 -1972 0 *
Wi

0101100
-1959 0 +1968 0 +1887 0 +1954 0 *
Fa
0  1e-07 148 0

0101000
+1886 0 *
Wi

0101100
-1890 0 +1970 0 +1887 0 -1952 0 *
Fa
0  1e-07 147 0

0101000
+1884 0 *
Ve
1e-07
2.50000000000009 -74.3000000000003 66
0 0

0101101
*
Ed
 1e-07 1 1 0
1  165 0 0 1.99999999999997
2  525 145 0 0 1.99999999999997
2  526 146 0 0 1.99999999999997
0

0101000
+1882 0 -1976 0 *
Ve
1e-07
-2.49999999999991 -74.3000000000003 66
0 0

0101101
*
Ed
 1e-07 1 1 0
1  166 0 0 1.99999999999997
2  527 144 0 0 1.99999999999997
2  528 146 0 0 1.99999999999997
0

0101000
+1880 0 -1978 0 *
Ed
 1e-07 1 1 0
1  167 0 0 5
2  529 146 0 0 5
2  530 161 0 0 5
0

0101000
-1882 0 +1880 0 *
Wi

0101100
-1881 0 +1974 0 +1879 0 -1878 0 *
Fa
0  1e-07 146 0

0101000
+1877 0 *
Ve
1e-07
-2.49999999999991 -69.3000000000003 66
0 0

0101101
*
Ed
 1e-07 1 1 0
1  168 0 0 5
2  531 144 0 0 5
2  532 161 0 0 5
0

0101000
-1875 0 +1880 0 *
Ve
1e-07
2.50000000000009 -69.3000000000003 66
0 0

0101101
*
Ed
 1e-07 1 1 0
1  169 0 0 5
2  533 143 0 0 5
2  534 161 0 0 5
0

0101000
-1873 0 +1875 0 *
Ed
 1e-07 1 1 0
1  170 0 0 5
2  535 145 0 0 5
2  536 161 0 0 5
0

0101000
-1873 0 +1882 0 *
Wi

0101100
-1874 0 -1872 0 +1878 0 +1871 0 *
Ve
1e-07
2.25000000000009 -71.8000000000003 66
0 0

0101101
*
Ed
 1e-07 1 1 0
1  171 0 0 6.28318530717959
2  537 162 0 0 6.28318530717959
2  538 161 0 0 6.28318530717959
0

0101100
+1869 0 -1869 0 *
Wi

0101100
-1868 0 *
Fa
0  1e-07 161 0

0101000
+1870 0 +1867 0 *
Ve
1e-07
2.25000000000009 -71.8000000000003 55.4
0 0

0101101
*
Ed
 1e-07 1 1 0
1  172 0 4.4 15
3  539 540CN 162 0 4.4 15
0

0101000
+1865 0 -1869 0 *
Ed
 1e-07 1 1 0
1  173 0 0 6.28318530717959
2  541 162 0 0 6.28318530717959
2  542 163 0 0 6.28318530717959
0

0101100
+1865 0 -1865 0 *
Wi

0101100
+1864 0 +1863 0 -1864 0 -1868 0 *
Fa
0  1e-07 162 0

0101000
+1862 0 *
Ve
1e-07
4.27239199200332 -71.8000000000003 55.4
0 0

0101101
*
Ve
1e-07
2.1361959960017 -68.1000000000003 55.4
0 0

0101101
*
Ed
 1e-07 1 1 0
1  174 0 0 4.27239199200323
2  543 164 0 0 4.27239199200323
2  544 163 0 0 4.27239199200323
0

0101000
+1860 0 -1859 0 *
Ve
1e-07
2.1361959960017 -75.5000000000003 55.4
0 0

0101101
*
Ed
 1e-07 1 1 0
1  175 0 0 4.27239199200323
2  545 165 0 0 4.27239199200323
2  546 163 0 0 4.27239199200323
0

0101000
+1857 0 -1860 0 *
Ve
1e-07
-2.13619599600153 -68.1000000000003 55.4
0 0

0101101
*
Ed
 1e-07 1 1 0
1  176 0 0 4.27239199200323
2  547 166 0 0 4.27239199200323
2  548 163 0 0 4.27239199200323
0

0101000
+1859 0 -1855 0 *
Ve
1e-07
-2.13619599600153 -75.5000000000003 55.4
0 0

0101101
*
Ed
 1e-07 1 1 0
1  177 0 0 4.27239199200323
2  549 167 0 0 4.27239199200323
2  550 163 0 0 4.27239199200323
0

0101000
+1853 0 -1857 0 *
Ve
1e-07
-4.27239199200315 -71.8000000000003 55.4
0 0

0101101
*
Ed
 1e-07 1 1 0
1  178 0 0 4.27239199200323
2  551 168 0 0 4.27239199200323
2  552 163 0 0 4.27239199200323
0

0101000
+1855 0 -1851 0 *
Ed
 1e-07 1 1 0
1  179 0 0 4.27239199200323
2  553 169 0 0 4.27239199200323
2  554 163 0 0 4.27239199200323
0

0101000
+1851 0 -1853 0 *
Wi

0101100
+1858 0 +1856 0 +1854 0 +1852 0 +1850 0 +1849 0 *
Wi

0101100
-1863 0 *
Fa
0  1e-07 163 0

0101000
+1848 0 +1847 0 *
Ve
1.50000004884981e-07
-2.13619599600153 -75.5000000000003 52
0 0

0101101
*
Ve
1.50000002664535e-07
-4.27239199200315 -71.8000000000003 52
0 0

0101101
*
Ed
 1.5e-07 1 1 0
1  180 0 -3.20429399400243 1.06809799800081
2  555 170 0 -3.20429399400243 1.06809799800081
2  556 169 0 -3.20429399400243 1.06809799800081
0

0101000
+1845 0 -1844 0 *
Ed
 1e-07 1 1 0
1  181 0 1 4.4
2  557 169 0 1 4.4
2  558 167 0 1 4.4
0

0101000
+1845 0 -1853 0 *
Ed
 1e-07 1 1 0
1  182 0 1 4.4
2  559 168 0 1 4.4
2  560 169 0 1 4.4
0

0101000
+1844 0 -1851 0 *
Wi

0101100
+1843 0 -1842 0 +1849 0 +1841 0 *
Fa
0  1e-07 169 0

0101000
+1840 0 *
Ve
1e-07
9.00000000000009 -71.8000000000003 52
0 0

0101101
*
Ed
 1e-07 1 1 0
1  183 0 0 6.28318530717959
2  561 69 0 0 6.28318530717959
2  562 170 0 0 6.28318530717959
0

0101000
+1838 0 -1838 0 *
Wi

0101100
+1837 0 *
Ve
1.50000000444089e-07
-2.13619599600153 -68.1000000000003 52
0 0

0101101
*
Ve
1.50000001776357e-07
2.1361959960017 -68.1000000000003 52
0 0

0101101
*
Ed
 1.5e-07 1 1 0
1  184 0 -3.20429399400242 1.06809799800081
2  563 170 0 -3.20429399400242 1.06809799800081
2  564 166 0 -3.20429399400242 1.06809799800081
0

0101000
+1835 0 -1834 0 *
Ed
 1.5e-07 1 1 0
1  185 0 -3.20429399400243 1.0680979980008
2  565 170 0 -3.20429399400243 1.0680979980008
2  566 168 0 -3.20429399400243 1.0680979980008
0

0101000
+1844 0 -1835 0 *
Ve
1.50000004884981e-07
2.1361959960017 -75.5000000000003 52
0 0

0101101
*
Ed
 1.5e-07 1 1 0
1  186 0 -3.20429399400242 1.06809799800081
2  567 170 0 -3.20429399400242 1.06809799800081
2  568 167 0 -3.20429399400242 1.06809799800081
0

0101000
+1831 0 -1845 0 *
Ve
1.50000004440892e-07
4.27239199200332 -71.8000000000003 52
0 0

0101101
*
Ed
 1.5e-07 1 1 0
1  187 0 -3.20429399400243 1.06809799800081
2  569 170 0 -3.20429399400243 1.06809799800081
2  570 165 0 -3.20429399400243 1.06809799800081
0

0101000
+1829 0 -1831 0 *
Ed
 1.5e-07 1 1 0
1  188 0 -3.20429399400243 1.0680979980008
2  571 170 0 -3.20429399400243 1.0680979980008
2  572 164 0 -3.20429399400243 1.0680979980008
0

0101000
+1834 0 -1829 0 *
Wi

0101100
+1833 0 +1832 0 +1843 0 +1830 0 +1828 0 +1827 0 *
Fa
0  1e-07 170 0

0101000
+1836 0 +1826 0 *
Ed
 1e-07 1 1 0
1  189 0 1 4.4
2  573 166 0 1 4.4
2  574 168 0 1 4.4
0

0101000
+1835 0 -1855 0 *
Wi

0101100
+1832 0 -1841 0 +1850 0 +1824 0 *
Fa
0  1e-07 168 0

0101000
+1823 0 *
Ed
 1e-07 1 1 0
1  190 0 1 4.4
2  575 165 0 1 4.4
2  576 167 0 1 4.4
0

0101000
+1831 0 -1857 0 *
Wi

0101100
+1830 0 -1821 0 +1852 0 +1842 0 *
Fa
0  1e-07 167 0

0101000
+1820 0 *
Ed
 1e-07 1 1 0
1  191 0 1 4.4
2  577 164 0 1 4.4
2  578 166 0 1 4.4
0

0101000
+1834 0 -1859 0 *
Wi

0101100
+1833 0 -1824 0 +1854 0 +1818 0 *
Fa
0  1e-07 166 0

0101000
+1817 0 *
Ed
 1e-07 1 1 0
1  192 0 1 4.4
2  579 164 0 1 4.4
2  580 165 0 1 4.4
0

0101000
+1829 0 -1860 0 *
Wi

0101100
+1828 0 -1815 0 +1856 0 +1821 0 *
Fa
0  1e-07 165 0

0101000
+1814 0 *
Wi

0101100
+1827 0 -1818 0 +1858 0 +1815 0 *
Fa
0  1e-07 164 0

0101000
+1812 0 *
Ed
 1e-07 1 1 0
1  193 0 0 1.99999999999997
2  581 145 0 0 1.99999999999997
2  582 143 0 0 1.99999999999997
0

0101000
+1873 0 -1980 0 *
Wi

0101100
-1881 0 +1975 0 +1810 0 +1871 0 *
Fa
0  1e-07 145 0

0101000
+1809 0 *
Ed
 1e-07 1 1 0
1  194 0 0 1.99999999999997
2  583 144 0 0 1.99999999999997
2  584 143 0 0 1.99999999999997
0

0101000
+1875 0 -1981 0 *
Wi

0101100
-1879 0 +1977 0 +1807 0 +1874 0 *
Fa
0  1e-07 144 0

0101000
+1806 0 *
Wi

0101100
-1810 0 +1979 0 +1807 0 -1872 0 *
Fa
0  1e-07 143 0

0101000
+1804 0 *
Ve
1e-07
312.5 -74.3000000000003 66
0 0

0101101
*
Ed
 1e-07 1 1 0
1  195 0 0 1.99999999999997
2  585 131 0 0 1.99999999999997
2  586 132 0 0 1.99999999999997
0

0101000
+1802 0 -2041 0 *
Ve
1e-07
307.5 -74.3000000000003 66
0 0

0101101
*
Ed
 1e-07 1 1 0
1  196 0 0 1.99999999999997
2  587 130 0 0 1.99999999999997
2  588 132 0 0 1.99999999999997
0

0101000
+1800 0 -2043 0 *
Ed
 1e-07 1 1 0
1  197 0 0 5
2  589 132 0 0 5
2  590 171 0 0 5
0

0101000
-1802 0 +1800 0 *
Wi

0101100
-1801 0 +2039 0 +1799 0 -1798 0 *
Fa
0  1e-07 132 0

0101000
+1797 0 *
Ve
1e-07
307.5 -69.3000000000003 66
0 0

0101101
*
Ed
 1e-07 1 1 0
1  198 0 0 5
2  591 130 0 0 5
2  592 171 0 0 5
0

0101000
-1795 0 +1800 0 *
Ve
1e-07
312.5 -69.3000000000003 66
0 0

0101101
*
Ed
 1e-07 1 1 0
1  199 0 0 5
2  593 129 0 0 5
2  594 171 0 0 5
0

0101000
-1793 0 +1795 0 *
Ed
 1e-07 1 1 0
1  200 0 0 5
2  595 131 0 0 5
2  596 171 0 0 5
0

0101000
-1793 0 +1802 0 *
Wi

0101100
-1794 0 -1792 0 +1798 0 +1791 0 *
Ve
1e-07
312.25 -71.8000000000003 66
0 0

0101101
*
Ed
 1e-07 1 1 0
1  201 0 0 6.28318530717959
2  597 172 0 0 6.28318530717959
2  598 171 0 0 6.28318530717959
0

0101100
+1789 0 -1789 0 *
Wi

0101100
-1788 0 *
Fa
0  1e-07 171 0

0101000
+1790 0 +1787 0 *
Ve
1e-07
312.25 -71.8000000000003 55.4
0 0

0101101
*
Ed
 1e-07 1 1 0
1  202 0 4.4 15
3  599 600CN 172 0 4.4 15
0

0101000
+1785 0 -1789 0 *
Ed
 1e-07 1 1 0
1  203 0 0 6.28318530717959
2  601 172 0 0 6.28318530717959
2  602 173 0 0 6.28318530717959
0

0101100
+1785 0 -1785 0 *
Wi

0101100
+1784 0 +1783 0 -1784 0 -1788 0 *
Fa
0  1e-07 172 0

0101000
+1782 0 *
Ve
1e-07
314.272391992003 -71.8000000000003 55.4
0 0

0101101
*
Ve
1e-07
312.136195996002 -68.1000000000003 55.4
0 0

0101101
*
Ed
 1e-07 1 1 0
1  204 0 0 4.27239199200323
2  603 174 0 0 4.27239199200323
2  604 173 0 0 4.27239199200323
0

0101000
+1780 0 -1779 0 *
Ve
1e-07
312.136195996002 -75.5000000000003 55.4
0 0

0101101
*
Ed
 1e-07 1 1 0
1  205 0 0 4.27239199200323
2  605 175 0 0 4.27239199200323
2  606 173 0 0 4.27239199200323
0

0101000
+1777 0 -1780 0 *
Ve
1e-07
307.863804003998 -68.1000000000003 55.4
0 0

0101101
*
Ed
 1e-07 1 1 0
1  206 0 0 4.27239199200323
2  607 176 0 0 4.27239199200323
2  608 173 0 0 4.27239199200323
0

0101000
+1779 0 -1775 0 *
Ve
1e-07
307.863804003998 -75.5000000000003 55.4
0 0

0101101
*
Ed
 1e-07 1 1 0
1  207 0 0 4.27239199200323
2  609 177 0 0 4.27239199200323
2  610 173 0 0 4.27239199200323
0

0101000
+1773 0 -1777 0 *
Ve
1e-07
305.727608007997 -71.8000000000003 55.4
0 0

0101101
*
Ed
 1e-07 1 1 0
1  208 0 0 4.27239199200323
2  611 178 0 0 4.27239199200323
2  612 173 0 0 4.27239199200323
0

0101000
+1775 0 -1771 0 *
Ed
 1e-07 1 1 0
1  209 0 0 4.27239199200323
2  613 179 0 0 4.27239199200323
2  614 173 0 0 4.27239199200323
0

0101000
+1771 0 -1773 0 *
Wi

0101100
+1778 0 +1776 0 +1774 0 +1772 0 +1770 0 +1769 0 *
Wi

0101100
-1783 0 *
Fa
0  1e-07 173 0

0101000
+1768 0 +1767 0 *
Ve
1.50000058592855e-07
307.863804003998 -75.5000000000003 52
0 0

0101101
*
Ve
1.50000058592855e-07
305.727608007997 -71.8000000000003 52
0 0

0101101
*
Ed
 1.5e-07 1 1 0
1  210 0 -3.20429399400241 1.06809799800083
2  615 180 0 -3.20429399400241 1.06809799800083
2  616 179 0 -3.20429399400241 1.06809799800083
0

0101000
+1765 0 -1764 0 *
Ed
 1e-07 1 1 0
1  211 0 1 4.4
2  617 179 0 1 4.4
2  618 177 0 1 4.4
0

0101000
+1765 0 -1773 0 *
Ed
 1e-07 1 1 0
1  212 0 1 4.4
2  619 178 0 1 4.4
2  620 179 0 1 4.4
0

0101000
+1764 0 -1771 0 *
Wi

0101100
+1763 0 -1762 0 +1769 0 +1761 0 *
Fa
0  1e-07 179 0

0101000
+1760 0 *
Ve
1e-07
319 -71.8000000000003 52
0 0

0101101
*
Ed
 1e-07 1 1 0
1  213 0 0 6.28318530717959
2  621 78 0 0 6.28318530717959
2  622 180 0 0 6.28318530717959
0

0101000
+1758 0 -1758 0 *
Wi

0101100
+1757 0 *
Ve
1.5e-07
307.863804003998 -68.1000000000003 52
0 0

0101101
*
Ve
1.50000014210855e-07
312.136195996002 -68.1000000000003 52
0 0

0101101
*
Ed
 1.5e-07 1 1 0
1  214 0 -3.2042939940024 1.06809799800084
2  623 180 0 -3.2042939940024 1.06809799800084
2  624 176 0 -3.2042939940024 1.06809799800084
0

0101000
+1755 0 -1754 0 *
Ed
 1.5e-07 1 1 0
1  215 0 -3.20429399400245 1.06809799800079
2  625 180 0 -3.20429399400245 1.06809799800079
2  626 178 0 -3.20429399400245 1.06809799800079
0

0101000
+1764 0 -1755 0 *
Ve
1.5e-07
312.136195996002 -75.5000000000003 52
0 0

0101101
*
Ed
 1.5e-07 1 1 0
1  216 0 -3.2042939940024 1.06809799800084
2  627 180 0 -3.2042939940024 1.06809799800084
2  628 177 0 -3.2042939940024 1.06809799800084
0

0101000
+1751 0 -1765 0 *
Ve
1.50000014210855e-07
314.272391992003 -71.8000000000003 52
0 0

0101101
*
Ed
 1.5e-07 1 1 0
1  217 0 -3.20429399400245 1.06809799800079
2  629 180 0 -3.20429399400245 1.06809799800079
2  630 175 0 -3.20429399400245 1.06809799800079
0

0101000
+1749 0 -1751 0 *
Ed
 1.5e-07 1 1 0
1  218 0 -3.20429399400242 1.06809799800081
2  631 180 0 -3.20429399400242 1.06809799800081
2  632 174 0 -3.20429399400242 1.06809799800081
0

0101000
+1754 0 -1749 0 *
Wi

0101100
+1753 0 +1752 0 +1763 0 +1750 0 +1748 0 +1747 0 *
Fa
0  1e-07 180 0

0101000
+1756 0 +1746 0 *
Ed
 1e-07 1 1 0
1  219 0 1 4.4
2  633 176 0 1 4.4
2  634 178 0 1 4.4
0

0101000
+1755 0 -1775 0 *
Wi

0101100
+1752 0 -1761 0 +1770 0 +1744 0 *
Fa
0  1e-07 178 0

0101000
+1743 0 *
Ed
 1e-07 1 1 0
1  220 0 1 4.4
2  635 175 0 1 4.4
2  636 177 0 1 4.4
0

0101000
+1751 0 -1777 0 *
Wi

0101100
+1750 0 -1741 0 +1772 0 +1762 0 *
Fa
0  1e-07 177 0

0101000
+1740 0 *
Ed
 1e-07 1 1 0
1  221 0 1 4.4
2  637 174 0 1 4.4
2  638 176 0 1 4.4
0

0101000
+1754 0 -1779 0 *
Wi

0101100
+1753 0 -1744 0 +1774 0 +1738 0 *
Fa
0  1e-07 176 0

0101000
+1737 0 *
Ed
 1e-07 1 1 0
1  222 0 1 4.4
2  639 174 0 1 4.4
2  640 175 0 1 4.4
0

0101000
+1749 0 -1780 0 *
Wi

0101100
+1748 0 -1735 0 +1776 0 +1741 0 *
Fa
0  1e-07 175 0

0101000
+1734 0 *
Wi

0101100
+1747 0 -1738 0 +1778 0 +1735 0 *
Fa
0  1e-07 174 0

0101000
+1732 0 *
Ed
 1e-07 1 1 0
1  223 0 0 1.99999999999997
2  641 131 0 0 1.99999999999997
2  642 129 0 0 1.99999999999997
0

0101000
+1793 0 -2045 0 *
Wi

0101100
-1801 0 +2040 0 +1730 0 +1791 0 *
Fa
0  1e-07 131 0

0101000
+1729 0 *
Ed
 1e-07 1 1 0
1  224 0 0 1.99999999999997
2  643 130 0 0 1.99999999999997
2  644 129 0 0 1.99999999999997
0

0101000
+1795 0 -2046 0 *
Wi

0101100
-1799 0 +2042 0 +1727 0 +1794 0 *
Fa
0  1e-07 130 0

0101000
+1726 0 *
Wi

0101100
-1730 0 +2044 0 +1727 0 -1792 0 *
Fa
0  1e-07 129 0

0101000
+1724 0 *
Ve
1e-07
-307.5 -159.3 66
0 0

0101101
*
Ed
 1e-07 1 1 0
1  225 0 0 1.99999999999997
2  645 127 0 0 1.99999999999997
2  646 128 0 0 1.99999999999997
0

0101000
+1722 0 -2050 0 *
Ve
1e-07
-312.5 -159.3 66
0 0

0101101
*
Ed
 1e-07 1 1 0
1  226 0 0 1.99999999999997
2  647 126 0 0 1.99999999999997
2  648 128 0 0 1.99999999999997
0

0101000
+1720 0 -2052 0 *
Ed
 1e-07 1 1 0
1  227 0 0 5
2  649 128 0 0 5
2  650 181 0 0 5
0

0101000
-1722 0 +1720 0 *
Wi

0101100
-1721 0 +2048 0 +1719 0 -1718 0 *
Fa
0  1e-07 128 0

0101000
+1717 0 *
Ve
1e-07
-312.5 -154.3 66
0 0

0101101
*
Ed
 1e-07 1 1 0
1  228 0 0 5
2  651 126 0 0 5
2  652 181 0 0 5
0

0101000
-1715 0 +1720 0 *
Ve
1e-07
-307.5 -154.3 66
0 0

0101101
*
Ed
 1e-07 1 1 0
1  229 0 0 5
2  653 125 0 0 5
2  654 181 0 0 5
0

0101000
-1713 0 +1715 0 *
Ed
 1e-07 1 1 0
1  230 0 0 5
2  655 127 0 0 5
2  656 181 0 0 5
0

0101000
-1713 0 +1722 0 *
Wi

0101100
-1714 0 -1712 0 +1718 0 +1711 0 *
Ve
1e-07
-307.75 -156.8 66
0 0

0101101
*
Ed
 1e-07 1 1 0
1  231 0 0 6.28318530717959
2  657 182 0 0 6.28318530717959
2  658 181 0 0 6.28318530717959
0

0101100
+1709 0 -1709 0 *
Wi

0101100
-1708 0 *
Fa
0  1e-07 181 0

0101000
+1710 0 +1707 0 *
Ve
1e-07
-307.75 -156.8 55.4
0 0

0101101
*
Ed
 1e-07 1 1 0
1  232 0 4.4 15
3  659 660CN 182 0 4.4 15
0

0101000
+1705 0 -1709 0 *
Ed
 1e-07 1 1 0
1  233 0 0 6.28318530717959
2  661 182 0 0 6.28318530717959
2  662 183 0 0 6.28318530717959
0

0101100
+1705 0 -1705 0 *
Wi

0101100
+1704 0 +1703 0 -1704 0 -1708 0 *
Fa
0  1e-07 182 0

0101000
+1702 0 *
Ve
1e-07
-305.727608007997 -156.8 55.4
0 0

0101101
*
Ve
1e-07
-307.863804003998 -153.1 55.4
0 0

0101101
*
Ed
 1e-07 1 1 0
1  234 0 0 4.27239199200323
2  663 184 0 0 4.27239199200323
2  664 183 0 0 4.27239199200323
0

0101000
+1700 0 -1699 0 *
Ve
1e-07
-307.863804003998 -160.5 55.4
0 0

0101101
*
Ed
 1e-07 1 1 0
1  235 0 0 4.27239199200323
2  665 185 0 0 4.27239199200323
2  666 183 0 0 4.27239199200323
0

0101000
+1697 0 -1700 0 *
Ve
1e-07
-312.136195996001 -153.1 55.4
0 0

0101101
*
Ed
 1e-07 1 1 0
1  236 0 0 4.27239199200323
2  667 186 0 0 4.27239199200323
2  668 183 0 0 4.27239199200323
0

0101000
+1699 0 -1695 0 *
Ve
1e-07
-312.136195996001 -160.5 55.4
0 0

0101101
*
Ed
 1e-07 1 1 0
1  237 0 0 4.27239199200323
2  669 187 0 0 4.27239199200323
2  670 183 0 0 4.27239199200323
0

0101000
+1693 0 -1697 0 *
Ve
1e-07
-314.272391992003 -156.8 55.4
0 0

0101101
*
Ed
 1e-07 1 1 0
1  238 0 0 4.27239199200323
2  671 188 0 0 4.27239199200323
2  672 183 0 0 4.27239199200323
0

0101000
+1695 0 -1691 0 *
Ed
 1e-07 1 1 0
1  239 0 0 4.27239199200323
2  673 189 0 0 4.27239199200323
2  674 183 0 0 4.27239199200323
0

0101000
+1691 0 -1693 0 *
Wi

0101100
+1698 0 +1696 0 +1694 0 +1692 0 +1690 0 +1689 0 *
Wi

0101100
-1703 0 *
Fa
0  1e-07 183 0

0101000
+1688 0 +1687 0 *
Ve
1.50000028421709e-07
-312.136195996001 -160.5 52
0 0

0101101
*
Ve
1.50000056843419e-07
-314.272391992003 -156.8 52
0 0

0101101
*
Ed
 1.5e-07 1 1 0
1  240 0 -3.20429399400242 1.06809799800081
2  675 190 0 -3.20429399400242 1.06809799800081
2  676 189 0 -3.20429399400242 1.06809799800081
0

0101000
+1685 0 -1684 0 *
Ed
 1e-07 1 1 0
1  241 0 1 4.4
2  677 189 0 1 4.4
2  678 187 0 1 4.4
0

0101000
+1685 0 -1693 0 *
Ed
 1e-07 1 1 0
1  242 0 1 4.4
2  679 188 0 1 4.4
2  680 189 0 1 4.4
0

0101000
+1684 0 -1691 0 *
Wi

0101100
+1683 0 -1682 0 +1689 0 +1681 0 *
Fa
0  1e-07 189 0

0101000
+1680 0 *
Ve
1e-07
-301 -156.8 52
0 0

0101101
*
Ed
 1e-07 1 1 0
1  243 0 0 6.28318530717959
2  681 62 0 0 6.28318530717959
2  682 190 0 0 6.28318530717959
0

0101000
+1678 0 -1678 0 *
Wi

0101100
+1677 0 *
Ve
1.50000063552874e-07
-312.136195996001 -153.1 52
0 0

0101101
*
Ve
1.50000028421709e-07
-307.863804003998 -153.1 52
0 0

0101101
*
Ed
 1.5e-07 1 1 0
1  244 0 -3.20429399400246 1.06809799800078
2  683 190 0 -3.20429399400246 1.06809799800078
2  684 186 0 -3.20429399400246 1.06809799800078
0

0101000
+1675 0 -1674 0 *
Ed
 1.5e-07 1 1 0
1  245 0 -3.20429399400242 1.06809799800081
2  685 190 0 -3.20429399400242 1.06809799800081
2  686 188 0 -3.20429399400242 1.06809799800081
0

0101000
+1684 0 -1675 0 *
Ve
1.50000063552874e-07
-307.863804003998 -160.5 52
0 0

0101101
*
Ed
 1.5e-07 1 1 0
1  246 0 -3.20429399400246 1.06809799800078
2  687 190 0 -3.20429399400246 1.06809799800078
2  688 187 0 -3.20429399400246 1.06809799800078
0

0101000
+1671 0 -1685 0 *
Ve
1.50000056843419e-07
-305.727608007997 -156.8 52
0 0

0101101
*
Ed
 1.5e-07 1 1 0
1  247 0 -3.20429399400242 1.06809799800081
2  689 190 0 -3.20429399400242 1.06809799800081
2  690 185 0 -3.20429399400242 1.06809799800081
0

0101000
+1669 0 -1671 0 *
Ed
 1.5e-07 1 1 0
1  248 0 -3.20429399400242 1.06809799800081
2  691 190 0 -3.20429399400242 1.06809799800081
2  692 184 0 -3.20429399400242 1.06809799800081
0

0101000
+1674 0 -1669 0 *
Wi

0101100
+1673 0 +1672 0 +1683 0 +1670 0 +1668 0 +1667 0 *
Fa
0  1e-07 190 0

0101000
+1676 0 +1666 0 *
Ed
 1e-07 1 1 0
1  249 0 1 4.4
2  693 186 0 1 4.4
2  694 188 0 1 4.4
0

0101000
+1675 0 -1695 0 *
Wi

0101100
+1672 0 -1681 0 +1690 0 +1664 0 *
Fa
0  1e-07 188 0

0101000
+1663 0 *
Ed
 1e-07 1 1 0
1  250 0 1 4.4
2  695 185 0 1 4.4
2  696 187 0 1 4.4
0

0101000
+1671 0 -1697 0 *
Wi

0101100
+1670 0 -1661 0 +1692 0 +1682 0 *
Fa
0  1e-07 187 0

0101000
+1660 0 *
Ed
 1e-07 1 1 0
1  251 0 1 4.4
2  697 184 0 1 4.4
2  698 186 0 1 4.4
0

0101000
+1674 0 -1699 0 *
Wi

0101100
+1673 0 -1664 0 +1694 0 +1658 0 *
Fa
0  1e-07 186 0

0101000
+1657 0 *
Ed
 1e-07 1 1 0
1  252 0 1 4.4
2  699 184 0 1 4.4
2  700 185 0 1 4.4
0

0101000
+1669 0 -1700 0 *
Wi

0101100
+1668 0 -1655 0 +1696 0 +1661 0 *
Fa
0  1e-07 185 0

0101000
+1654 0 *
Wi

0101100
+1667 0 -1658 0 +1698 0 +1655 0 *
Fa
0  1e-07 184 0

0101000
+1652 0 *
Ed
 1e-07 1 1 0
1  253 0 0 1.99999999999997
2  701 127 0 0 1.99999999999997
2  702 125 0 0 1.99999999999997
0

0101000
+1713 0 -2054 0 *
Wi

0101100
-1721 0 +2049 0 +1650 0 +1711 0 *
Fa
0  1e-07 127 0

0101000
+1649 0 *
Ed
 1e-07 1 1 0
1  254 0 0 1.99999999999997
2  703 126 0 0 1.99999999999997
2  704 125 0 0 1.99999999999997
0

0101000
+1715 0 -2055 0 *
Wi

0101100
-1719 0 +2051 0 +1647 0 +1714 0 *
Fa
0  1e-07 126 0

0101000
+1646 0 *
Wi

0101100
-1650 0 +2053 0 +1647 0 -1712 0 *
Fa
0  1e-07 125 0

0101000
+1644 0 *
Ve
1e-07
-2.49999999999991 -191 66
0 0

0101101
*
Ed
 1e-07 1 1 0
1  255 0 0 1.99999999999997
2  705 124 0 0 1.99999999999997
2  706 123 0 0 1.99999999999997
0

0101000
+1642 0 -2059 0 *
Ve
1e-07
-2.49999999999991 -186 66
0 0

0101101
*
Ed
 1e-07 1 1 0
1  256 0 0 1.99999999999997
2  707 124 0 0 1.99999999999997
2  708 121 0 0 1.99999999999997
0

0101000
+1640 0 -2064 0 *
Ed
 1e-07 1 1 0
1  257 0 0 5
2  709 124 0 0 5
2  710 191 0 0 5
0

0101000
-1640 0 +1642 0 *
Wi

0101100
-1641 0 +2057 0 +1639 0 +1638 0 *
Fa
0  1e-07 124 0

0101000
+1637 0 *
Ve
1e-07
2.50000000000009 -186 66
0 0

0101101
*
Ed
 1e-07 1 1 0
1  258 0 0 5
2  711 121 0 0 5
2  712 191 0 0 5
0

0101000
-1635 0 +1640 0 *
Ve
1e-07
2.50000000000009 -191 66
0 0

0101101
*
Ed
 1e-07 1 1 0
1  259 0 0 5
2  713 123 0 0 5
2  714 191 0 0 5
0

0101000
-1633 0 +1642 0 *
Ed
 1e-07 1 1 0
1  260 0 0 5
2  715 122 0 0 5
2  716 191 0 0 5
0

0101000
-1635 0 +1633 0 *
Wi

0101100
-1638 0 -1634 0 +1632 0 +1631 0 *
Ve
1e-07
2.25000000000009 -188.5 66
0 0

0101101
*
Ed
 1e-07 1 1 0
1  261 0 0 6.28318530717959
2  717 192 0 0 6.28318530717959
2  718 191 0 0 6.28318530717959
0

0101100
+1629 0 -1629 0 *
Wi

0101100
-1628 0 *
Fa
0  1e-07 191 0

0101000
+1630 0 +1627 0 *
Ve
1e-07
2.25000000000009 -188.5 55.4
0 0

0101101
*
Ed
 1e-07 1 1 0
1  262 0 4.4 15
3  719 720CN 192 0 4.4 15
0

0101000
+1625 0 -1629 0 *
Ed
 1e-07 1 1 0
1  263 0 0 6.28318530717959
2  721 192 0 0 6.28318530717959
2  722 193 0 0 6.28318530717959
0

0101100
+1625 0 -1625 0 *
Wi

0101100
+1624 0 +1623 0 -1624 0 -1628 0 *
Fa
0  1e-07 192 0

0101000
+1622 0 *
Ve
1e-07
4.27239199200332 -188.5 55.4
0 0

0101101
*
Ve
1e-07
2.1361959960017 -184.8 55.4
0 0

0101101
*
Ed
 1e-07 1 1 0
1  264 0 0 4.27239199200323
2  723 194 0 0 4.27239199200323
2  724 193 0 0 4.27239199200323
0

0101000
+1620 0 -1619 0 *
Ve
1e-07
2.1361959960017 -192.2 55.4
0 0

0101101
*
Ed
 1e-07 1 1 0
1  265 0 0 4.27239199200323
2  725 195 0 0 4.27239199200323
2  726 193 0 0 4.27239199200323
0

0101000
+1617 0 -1620 0 *
Ve
1e-07
-2.13619599600153 -184.8 55.4
0 0

0101101
*
Ed
 1e-07 1 1 0
1  266 0 0 4.27239199200323
2  727 196 0 0 4.27239199200323
2  728 193 0 0 4.27239199200323
0

0101000
+1619 0 -1615 0 *
Ve
1e-07
-2.13619599600153 -192.2 55.4
0 0

0101101
*
Ed
 1e-07 1 1 0
1  267 0 0 4.27239199200323
2  729 197 0 0 4.27239199200323
2  730 193 0 0 4.27239199200323
0

0101000
+1613 0 -1617 0 *
Ve
1e-07
-4.27239199200315 -188.5 55.4
0 0

0101101
*
Ed
 1e-07 1 1 0
1  268 0 0 4.27239199200323
2  731 198 0 0 4.27239199200323
2  732 193 0 0 4.27239199200323
0

0101000
+1615 0 -1611 0 *
Ed
 1e-07 1 1 0
1  269 0 0 4.27239199200323
2  733 199 0 0 4.27239199200323
2  734 193 0 0 4.27239199200323
0

0101000
+1611 0 -1613 0 *
Wi

0101100
+1618 0 +1616 0 +1614 0 +1612 0 +1610 0 +1609 0 *
Wi

0101100
-1623 0 *
Fa
0  1e-07 193 0

0101000
+1608 0 +1607 0 *
Ve
1.5000000577316e-07
-2.13619599600153 -192.2 52
0 0

0101101
*
Ve
1.50000029524419e-07
-4.27239199200315 -188.5 52
0 0

0101101
*
Ed
 1.5e-07 1 1 0
1  270 0 -3.20429399400241 1.06809799800082
2  735 200 0 -3.20429399400241 1.06809799800082
2  736 199 0 -3.20429399400241 1.06809799800082
0

0101000
+1605 0 -1604 0 *
Ed
 1e-07 1 1 0
1  271 0 1 4.4
2  737 199 0 1 4.4
2  738 197 0 1 4.4
0

0101000
+1605 0 -1613 0 *
Ed
 1e-07 1 1 0
1  272 0 1 4.4
2  739 198 0 1 4.4
2  740 199 0 1 4.4
0

0101000
+1604 0 -1611 0 *
Wi

0101100
+1603 0 -1602 0 +1609 0 +1601 0 *
Fa
0  1e-07 199 0

0101000
+1600 0 *
Ve
1e-07
9.00000000000009 -188.5 52
0 0

0101101
*
Ed
 1e-07 1 1 0
1  273 0 0 6.28318530717959
2  741 86 0 0 6.28318530717959
2  742 200 0 0 6.28318530717959
0

0101000
+1598 0 -1598 0 *
Wi

0101100
+1597 0 *
Ve
1.50000008437695e-07
-2.13619599600153 -184.8 52
0 0

0101101
*
Ve
1.50000028916994e-07
2.1361959960017 -184.8 52
0 0

0101101
*
Ed
 1.5e-07 1 1 0
1  274 0 -3.20429399400242 1.06809799800081
2  743 200 0 -3.20429399400242 1.06809799800081
2  744 196 0 -3.20429399400242 1.06809799800081
0

0101000
+1595 0 -1594 0 *
Ed
 1.5e-07 1 1 0
1  275 0 -3.20429399400242 1.06809799800082
2  745 200 0 -3.20429399400242 1.06809799800082
2  746 198 0 -3.20429399400242 1.06809799800082
0

0101000
+1604 0 -1595 0 *
Ve
1.50000003996803e-07
2.1361959960017 -192.2 52
0 0

0101101
*
Ed
 1.5e-07 1 1 0
1  276 0 -3.20429399400242 1.06809799800081
2  747 200 0 -3.20429399400242 1.06809799800081
2  748 197 0 -3.20429399400242 1.06809799800081
0

0101000
+1591 0 -1605 0 *
Ve
1.50000028642893e-07
4.27239199200332 -188.5 52
0 0

0101101
*
Ed
 1.5e-07 1 1 0
1  277 0 -3.20429399400242 1.06809799800082
2  749 200 0 -3.20429399400242 1.06809799800082
2  750 195 0 -3.20429399400242 1.06809799800082
0

0101000
+1589 0 -1591 0 *
Ed
 1.5e-07 1 1 0
1  278 0 -3.20429399400241 1.06809799800082
2  751 200 0 -3.20429399400241 1.06809799800082
2  752 194 0 -3.20429399400241 1.06809799800082
0

0101000
+1594 0 -1589 0 *
Wi

0101100
+1593 0 +1592 0 +1603 0 +1590 0 +1588 0 +1587 0 *
Fa
0  1e-07 200 0

0101000
+1596 0 +1586 0 *
Ed
 1e-07 1 1 0
1  279 0 1 4.4
2  753 196 0 1 4.4
2  754 198 0 1 4.4
0

0101000
+1595 0 -1615 0 *
Wi

0101100
+1592 0 -1601 0 +1610 0 +1584 0 *
Fa
0  1e-07 198 0

0101000
+1583 0 *
Ed
 1e-07 1 1 0
1  280 0 1 4.4
2  755 195 0 1 4.4
2  756 197 0 1 4.4
0

0101000
+1591 0 -1617 0 *
Wi

0101100
+1590 0 -1581 0 +1612 0 +1602 0 *
Fa
0  1e-07 197 0

0101000
+1580 0 *
Ed
 1e-07 1 1 0
1  281 0 1 4.4
2  757 194 0 1 4.4
2  758 196 0 1 4.4
0

0101000
+1594 0 -1619 0 *
Wi

0101100
+1593 0 -1584 0 +1614 0 +1578 0 *
Fa
0  1e-07 196 0

0101000
+1577 0 *
Ed
 1e-07 1 1 0
1  282 0 1 4.4
2  759 194 0 1 4.4
2  760 195 0 1 4.4
0

0101000
+1589 0 -1620 0 *
Wi

0101100
+1588 0 -1575 0 +1616 0 +1581 0 *
Fa
0  1e-07 195 0

0101000
+1574 0 *
Wi

0101100
+1587 0 -1578 0 +1618 0 +1575 0 *
Fa
0  1e-07 194 0

0101000
+1572 0 *
Ed
 1e-07 1 1 0
1  283 0 0 1.99999999999997
2  761 122 0 0 1.99999999999997
2  762 123 0 0 1.99999999999997
0

0101000
+1633 0 -2061 0 *
Wi

0101100
-1570 0 +2058 0 +1641 0 -1632 0 *
Fa
0  1e-07 123 0

0101000
+1569 0 *
Ed
 1e-07 1 1 0
1  284 0 0 1.99999999999997
2  763 122 0 0 1.99999999999997
2  764 121 0 0 1.99999999999997
0

0101000
+1635 0 -2063 0 *
Wi

0101100
-1570 0 +2060 0 +1567 0 +1631 0 *
Fa
0  1e-07 122 0

0101000
+1566 0 *
Wi

0101100
-1567 0 +2062 0 +1639 0 -1634 0 *
Fa
0  1e-07 121 0

0101000
+1564 0 *
Ve
1e-07
312.5 -159.3 66
0 0

0101101
*
Ed
 1e-07 1 1 0
1  285 0 0 1.99999999999997
2  765 119 0 0 1.99999999999997
2  766 120 0 0 1.99999999999997
0

0101000
+1562 0 -2068 0 *
Ve
1e-07
307.5 -159.3 66
0 0

0101101
*
Ed
 1e-07 1 1 0
1  286 0 0 1.99999999999997
2  767 118 0 0 1.99999999999997
2  768 120 0 0 1.99999999999997
0

0101000
+1560 0 -2070 0 *
Ed
 1e-07 1 1 0
1  287 0 0 5
2  769 120 0 0 5
2  770 201 0 0 5
0

0101000
-1562 0 +1560 0 *
Wi

0101100
-1561 0 +2066 0 +1559 0 -1558 0 *
Fa
0  1e-07 120 0

0101000
+1557 0 *
Ve
1e-07
307.5 -154.3 66
0 0

0101101
*
Ed
 1e-07 1 1 0
1  288 0 0 5
2  771 118 0 0 5
2  772 201 0 0 5
0

0101000
-1555 0 +1560 0 *
Ve
1e-07
312.5 -154.3 66
0 0

0101101
*
Ed
 1e-07 1 1 0
1  289 0 0 5
2  773 117 0 0 5
2  774 201 0 0 5
0

0101000
-1553 0 +1555 0 *
Ed
 1e-07 1 1 0
1  290 0 0 5
2  775 119 0 0 5
2  776 201 0 0 5
0

0101000
-1553 0 +1562 0 *
Wi

0101100
-1554 0 -1552 0 +1558 0 +1551 0 *
Ve
1e-07
312.25 -156.8 66
0 0

0101101
*
Ed
 1e-07 1 1 0
1  291 0 0 6.28318530717959
2  777 202 0 0 6.28318530717959
2  778 201 0 0 6.28318530717959
0

0101100
+1549 0 -1549 0 *
Wi

0101100
-1548 0 *
Fa
0  1e-07 201 0

0101000
+1550 0 +1547 0 *
Ve
1e-07
312.25 -156.8 55.4
0 0

0101101
*
Ed
 1e-07 1 1 0
1  292 0 4.4 15
3  779 780CN 202 0 4.4 15
0

0101000
+1545 0 -1549 0 *
Ed
 1e-07 1 1 0
1  293 0 0 6.28318530717959
2  781 202 0 0 6.28318530717959
2  782 203 0 0 6.28318530717959
0

0101100
+1545 0 -1545 0 *
Wi

0101100
+1544 0 +1543 0 -1544 0 -1548 0 *
Fa
0  1e-07 202 0

0101000
+1542 0 *
Ve
1e-07
314.272391992003 -156.8 55.4
0 0

0101101
*
Ve
1e-07
312.136195996002 -153.1 55.4
0 0

0101101
*
Ed
 1e-07 1 1 0
1  294 0 0 4.27239199200323
2  783 204 0 0 4.27239199200323
2  784 203 0 0 4.27239199200323
0

0101000
+1540 0 -1539 0 *
Ve
1e-07
312.136195996002 -160.5 55.4
0 0

0101101
*
Ed
 1e-07 1 1 0
1  295 0 0 4.27239199200323
2  785 205 0 0 4.27239199200323
2  786 203 0 0 4.27239199200323
0

0101000
+1537 0 -1540 0 *
Ve
1e-07
307.863804003998 -153.1 55.4
0 0

0101101
*
Ed
 1e-07 1 1 0
1  296 0 0 4.27239199200323
2  787 206 0 0 4.27239199200323
2  788 203 0 0 4.27239199200323
0

0101000
+1539 0 -1535 0 *
Ve
1e-07
307.863804003998 -160.5 55.4
0 0

0101101
*
Ed
 1e-07 1 1 0
1  297 0 0 4.27239199200323
2  789 207 0 0 4.27239199200323
2  790 203 0 0 4.27239199200323
0

0101000
+1533 0 -1537 0 *
Ve
1e-07
305.727608007997 -156.8 55.4
0 0

0101101
*
Ed
 1e-07 1 1 0
1  298 0 0 4.27239199200323
2  791 208 0 0 4.27239199200323
2  792 203 0 0 4.27239199200323
0

0101000
+1535 0 -1531 0 *
Ed
 1e-07 1 1 0
1  299 0 0 4.27239199200323
2  793 209 0 0 4.27239199200323
2  794 203 0 0 4.27239199200323
0

0101000
+1531 0 -1533 0 *
Wi

0101100
+1538 0 +1536 0 +1534 0 +1532 0 +1530 0 +1529 0 *
Wi

0101100
-1543 0 *
Fa
0  1e-07 203 0

0101000
+1528 0 +1527 0 *
Ve
1.50000028421709e-07
307.863804003998 -160.5 52
0 0

0101101
*
Ve
1.50000028421709e-07
305.727608007997 -156.8 52
0 0

0101101
*
Ed
 1.5e-07 1 1 0
1  300 0 -3.20429399400242 1.06809799800081
2  795 210 0 -3.20429399400242 1.06809799800081
2  796 209 0 -3.20429399400242 1.06809799800081
0

0101000
+1525 0 -1524 0 *
Ed
 1e-07 1 1 0
1  301 0 1 4.4
2  797 209 0 1 4.4
2  798 207 0 1 4.4
0

0101000
+1525 0 -1533 0 *
Ed
 1e-07 1 1 0
1  302 0 1 4.4
2  799 208 0 1 4.4
2  800 209 0 1 4.4
0

0101000
+1524 0 -1531 0 *
Wi

0101100
+1523 0 -1522 0 +1529 0 +1521 0 *
Fa
0  1e-07 209 0

0101000
+1520 0 *
Ve
1e-07
319 -156.8 52
0 0

0101101
*
Ed
 1e-07 1 1 0
1  303 0 0 6.28318530717959
2  801 80 0 0 6.28318530717959
2  802 210 0 0 6.28318530717959
0

0101000
+1518 0 -1518 0 *
Wi

0101100
+1517 0 *
Ve
1.5e-07
307.863804003998 -153.1 52
0 0

0101101
*
Ve
1.50000028421709e-07
312.136195996002 -153.1 52
0 0

0101101
*
Ed
 1.5e-07 1 1 0
1  304 0 -3.20429399400246 1.06809799800078
2  803 210 0 -3.20429399400246 1.06809799800078
2  804 206 0 -3.20429399400246 1.06809799800078
0

0101000
+1515 0 -1514 0 *
Ed
 1.5e-07 1 1 0
1  305 0 -3.20429399400242 1.06809799800081
2  805 210 0 -3.20429399400242 1.06809799800081
2  806 208 0 -3.20429399400242 1.06809799800081
0

0101000
+1524 0 -1515 0 *
Ve
1.50000063552874e-07
312.136195996002 -160.5 52
0 0

0101101
*
Ed
 1.5e-07 1 1 0
1  306 0 -3.20429399400246 1.06809799800078
2  807 210 0 -3.20429399400246 1.06809799800078
2  808 207 0 -3.20429399400246 1.06809799800078
0

0101000
+1511 0 -1525 0 *
Ve
1.50000056843419e-07
314.272391992003 -156.8 52
0 0

0101101
*
Ed
 1.5e-07 1 1 0
1  307 0 -3.20429399400242 1.06809799800081
2  809 210 0 -3.20429399400242 1.06809799800081
2  810 205 0 -3.20429399400242 1.06809799800081
0

0101000
+1509 0 -1511 0 *
Ed
 1.5e-07 1 1 0
1  308 0 -3.20429399400242 1.06809799800081
2  811 210 0 -3.20429399400242 1.06809799800081
2  812 204 0 -3.20429399400242 1.06809799800081
0

0101000
+1514 0 -1509 0 *
Wi

0101100
+1513 0 +1512 0 +1523 0 +1510 0 +1508 0 +1507 0 *
Fa
0  1e-07 210 0

0101000
+1516 0 +1506 0 *
Ed
 1e-07 1 1 0
1  309 0 1 4.4
2  813 206 0 1 4.4
2  814 208 0 1 4.4
0

0101000
+1515 0 -1535 0 *
Wi

0101100
+1512 0 -1521 0 +1530 0 +1504 0 *
Fa
0  1e-07 208 0

0101000
+1503 0 *
Ed
 1e-07 1 1 0
1  310 0 1 4.4
2  815 205 0 1 4.4
2  816 207 0 1 4.4
0

0101000
+1511 0 -1537 0 *
Wi

0101100
+1510 0 -1501 0 +1532 0 +1522 0 *
Fa
0  1e-07 207 0

0101000
+1500 0 *
Ed
 1e-07 1 1 0
1  311 0 1 4.4
2  817 204 0 1 4.4
2  818 206 0 1 4.4
0

0101000
+1514 0 -1539 0 *
Wi

0101100
+1513 0 -1504 0 +1534 0 +1498 0 *
Fa
0  1e-07 206 0

0101000
+1497 0 *
Ed
 1e-07 1 1 0
1  312 0 1 4.4
2  819 204 0 1 4.4
2  820 205 0 1 4.4
0

0101000
+1509 0 -1540 0 *
Wi

0101100
+1508 0 -1495 0 +1536 0 +1501 0 *
Fa
0  1e-07 205 0

0101000
+1494 0 *
Wi

0101100
+1507 0 -1498 0 +1538 0 +1495 0 *
Fa
0  1e-07 204 0

0101000
+1492 0 *
Ed
 1e-07 1 1 0
1  313 0 0 1.99999999999997
2  821 119 0 0 1.99999999999997
2  822 117 0 0 1.99999999999997
0

0101000
+1553 0 -2072 0 *
Wi

0101100
-1561 0 +2067 0 +1490 0 +1551 0 *
Fa
0  1e-07 119 0

0101000
+1489 0 *
Ed
 1e-07 1 1 0
1  314 0 0 1.99999999999997
2  823 118 0 0 1.99999999999997
2  824 117 0 0 1.99999999999997
0

0101000
+1555 0 -2073 0 *
Wi

0101100
-1559 0 +2069 0 +1487 0 +1554 0 *
Fa
0  1e-07 118 0

0101000
+1486 0 *
Wi

0101100
-1490 0 +2071 0 +1487 0 -1552 0 *
Fa
0  1e-07 117 0

0101000
+1484 0 *
Ve
1.5e-07
-316.8 -70.8000000000003 70
0 0

0101101
*
Ed
 1e-07 1 1 0
1  315 0 0 2
2  825 112 0 0 2
4 G1 112 0 115 0
2  826 115 0 0 2
2  827 114 0 0 2
2  828 116 0 0 2
0

0101000
+2077 0 -1482 0 *
Ve
1.5e-07
-316.8 -153.631206207659 70
0 0

0101101
*
Ed
 1.5e-07 1 1 0
1  316 0 -18.8013928610105 64.0298133466484
2  829 211 0 -18.8013928610105 64.0298133466484
2  830 115 0 -18.8013928610105 64.0298133466484
2  831 116 0 -18.8013928610105 64.0298133466484
2  832 212 0 -18.8013928610105 64.0298133466484
0

0101000
+1482 0 -1480 0 *
Ed
 1e-07 1 1 0
1  317 0 0 2
2  833 110 0 0 2
4 G1 115 0 110 0
2  834 115 0 0 2
2  835 111 0 0 2
2  836 116 0 0 2
0

0101000
+2079 0 -1480 0 *
Wi

0101100
+2075 0 +1481 0 +1479 0 -1478 0 *
Fa
0  1e-07 115 0

0101000
+1477 0 *
Ve
1e-07
-357 -6 70
0 0

0101101
*
Ve
1e-07
357 -6 70
0 0

0101101
*
Ed
 1e-07 1 1 0
1  318 0 0 714
2  837 4 0 0 714
2  838 211 0 0 714
4 G1 4 0 211 0
0

0101000
+1475 0 -1474 0 *
Ve
1e-07
-363 -12 70
0 0

0101101
*
Ed
 1e-07 1 1 0
1  319 0 0 1.5707963267949
2  839 213 0 0 1.5707963267949
2  840 211 0 0 1.5707963267949
4 G1 213 0 211 0
0

0101000
+1472 0 -1475 0 *
Ve
1e-07
363 -12 70
0 0

0101101
*
Ed
 1e-07 1 1 0
1  320 0 0 1.5707963267949
2  841 214 0 0 1.5707963267949
2  842 211 0 0 1.5707963267949
4 G1 214 0 211 0
0

0101000
+1474 0 -1470 0 *
Ve
1e-07
-363 -179.788204329753 70
0 0

0101101
*
Ed
 1e-07 1 1 0
1  321 0 0 167.788204329753
2  843 215 0 0 167.788204329753
2  844 211 0 0 167.788204329753
4 G1 215 0 211 0
0

0101000
+1468 0 -1472 0 *
Ve
1e-07
363 -179.788204329753 70
0 0

0101101
*
Ed
 1e-07 1 1 0
1  322 0 0 167.788204329753
2  845 216 0 0 167.788204329753
2  846 211 0 0 167.788204329753
4 G1 216 0 211 0
0

0101000
+1470 0 -1466 0 *
Ve
1e-07
-341.851710027077 -203.618180198845 70
0 0

0101101
*
Ed
 1e-07 1 1 0
1  323 0 0 1.45169368812772
2  847 217 0 0 1.45169368812772
2  848 211 0 0 1.45169368812772
4 G1 217 0 211 0
0

0101000
+1464 0 -1468 0 *
Ve
1e-07
341.851710027077 -203.618180198844 70
0 0

0101101
*
Ed
 1e-07 1 1 0
1  324 0 0 1.45169368812776
2  849 218 0 0 1.45169368812776
2  850 211 0 0 1.45169368812776
4 G1 218 0 211 0
0

0101000
+1466 0 -1462 0 *
Ed
 1e-07 1 1 0
1  325 0 -3.94331779022431e-17 0.238205277334298
2  851 219 0 -3.94331779022431e-17 0.238205277334298
2  852 211 0 -3.94331779022431e-17 0.238205277334298
4 G1 219 0 211 0
0

0101000
+1462 0 -1464 0 *
Wi

0101100
+1473 0 +1471 0 +1469 0 +1467 0 +1465 0 +1463 0 +1461 0 +1460 0 *
Ve
1.50000028421709e-07
175.079043946069 -195.596085456839 70
0 0

0101101
*
Ve
1.5e-07
175 -195.6 70
0 0

0101101
*
Ed
 1e-07 1 1 0
1  326 0 4.6134225749691 4.71238898038469
2  853 211 0 4.6134225749691 4.71238898038469
2  854 93 0 4.6134225749691 4.71238898038469
2  855 94 0 4.6134225749691 4.71238898038469
2  856 212 0 4.6134225749691 4.71238898038469
0

0101000
+1458 0 -1457 0 *
Ve
1.5e-07
289.043191923659 -184.280496295943 70
0 0

0101101
*
Ed
 1.5e-07 1 1 0
1  327 0 82.8036113755238 197.328148407185
2  857 211 0 82.8036113755238 197.328148407185
2  858 91 0 82.8036113755238 197.328148407185
2  859 92 0 82.8036113755238 197.328148407185
2  860 212 0 82.8036113755238 197.328148407185
0

0101000
+1458 0 -1455 0 *
Ve
1.5e-07
-174.999999999998 -195.6 70
0 0

0101101
*
Ed
 1.5e-07 1 1 0
1  328 0 -87.4999999999992 262.499999999999
2  861 211 0 -87.4999999999992 262.499999999999
2  862 97 0 -87.4999999999992 262.499999999999
2  863 98 0 -87.4999999999992 262.499999999999
2  864 212 0 -87.4999999999992 262.499999999999
0

0101000
+1453 0 -1457 0 *
Ve
1.5e-07
316.8 -153.631206207659 70
0 0

0101101
*
Ed
 1.00000028421709e-07 1 1 0
1  329 0 0 1.47182992137931
2  865 211 0 0 1.47182992137931
2  866 95 0 0 1.47182992137931
2  867 96 0 0 1.47182992137931
2  868 212 0 0 1.47182992137931
0

0101000
+1451 0 -1455 0 *
Ve
1.5e-07
-175.079043946067 -195.596085456839 70
0 0

0101101
*
Ed
 1e-07 1 1 0
1  330 0 4.61342257496711 4.71238898038269
2  869 211 0 4.61342257496711 4.71238898038269
2  870 101 0 4.61342257496711 4.71238898038269
2  871 102 0 4.61342257496711 4.71238898038269
2  872 212 0 4.61342257496711 4.71238898038269
0

0101000
+1453 0 -1449 0 *
Ve
1.5e-07
316.8 -70.8 70
0 0

0101101
*
Ed
 1.5e-07 1 1 0
1  331 0 -18.8013928610111 64.0298133466482
2  873 211 0 -18.8013928610111 64.0298133466482
2  874 99 0 -18.8013928610111 64.0298133466482
2  875 100 0 -18.8013928610111 64.0298133466482
2  876 212 0 -18.8013928610111 64.0298133466482
0

0101000
+1447 0 -1451 0 *
Ve
1.50000063552874e-07
-289.043191923659 -184.280496295943 70
0 0

0101101
*
Ed
 1.5e-07 1 1 0
1  332 0 82.8036113755229 197.328148407186
2  877 211 0 82.8036113755229 197.328148407186
2  878 106 0 82.8036113755229 197.328148407186
2  879 107 0 82.8036113755229 197.328148407186
2  880 212 0 82.8036113755229 197.328148407186
0

0101000
+1449 0 -1445 0 *
Ve
1.5e-07
311 -65 70
0 0

0101101
*
Ed
 1.00000014210855e-07 1 1 0
1  333 0 4.71238898038469 6.28318530717959
2  881 211 0 4.71238898038469 6.28318530717959
2  882 103 0 4.71238898038469 6.28318530717959
2  883 105 0 4.71238898038469 6.28318530717959
2  884 212 0 4.71238898038469 6.28318530717959
0

0101000
+1443 0 -1447 0 *
Ed
 1.00000028421709e-07 1 1 0
1  334 0 1.66976273221048 3.1415926535898
2  885 211 0 1.66976273221048 3.1415926535898
2  886 110 0 1.66976273221048 3.1415926535898
2  887 111 0 1.66976273221048 3.1415926535898
2  888 212 0 1.66976273221048 3.1415926535898
0

0101000
+1445 0 -1480 0 *
Ve
1.5e-07
-311 -65.0000000000002 70
0 0

0101101
*
Ed
 1.5e-07 1 1 0
1  335 0 -155.5 466.5
2  889 211 0 -155.5 466.5
2  890 108 0 -155.5 466.5
2  891 109 0 -155.5 466.5
2  892 212 0 -155.5 466.5
0

0101000
+1440 0 -1443 0 *
Ed
 1.00000014210855e-07 1 1 0
1  336 0 3.1415926535898 4.71238898038469
2  893 211 0 3.1415926535898 4.71238898038469
2  894 112 0 3.1415926535898 4.71238898038469
2  895 114 0 3.1415926535898 4.71238898038469
2  896 212 0 3.1415926535898 4.71238898038469
0

0101000
+1482 0 -1440 0 *
Wi

0101100
-1456 0 +1454 0 +1452 0 -1450 0 -1448 0 -1446 0 -1444 0 -1442 0 -1441 0 -1439 0 
+1479 0 -1438 0 *
Ve
1.5e-07
-225 -47 70
0 0

0101101
*
Ve
1.5e-07
-222 -50 70
0 0

0101101
*
Ed
 1e-07 1 1 0
1  337 0 4.71238898038469 6.28318530717959
2  897 211 0 4.71238898038469 6.28318530717959
2  898 220 0 4.71238898038469 6.28318530717959
0

0101000
+1436 0 -1435 0 *
Ve
1.5e-07
-225 -11 70
0 0

0101101
*
Ed
 1.5e-07 1 1 0
1  338 0 -47.2013928610111 -11.2013928610111
2  899 211 0 -47.2013928610111 -11.2013928610111
2  900 221 0 -47.2013928610111 -11.2013928610111
0

0101000
+1433 0 -1436 0 *
Ve
1.5e-07
322 -50 70
0 0

0101101
*
Ed
 1.5e-07 1 1 0
1  339 0 -109.5 434.5
2  901 211 0 -109.5 434.5
2  902 222 0 -109.5 434.5
0

0101000
+1435 0 -1431 0 *
Ve
1.5e-07
-222 -8 70
0 0

0101101
*
Ed
 1e-07 1 1 0
1  340 0 0 1.5707963267949
2  903 211 0 0 1.5707963267949
2  904 223 0 0 1.5707963267949
0

0101000
+1429 0 -1433 0 *
Ve
1.5e-07
325 -47 70
0 0

0101101
*
Ed
 1e-07 1 1 0
1  341 0 0 1.5707963267949
2  905 211 0 0 1.5707963267949
2  906 224 0 0 1.5707963267949
0

0101000
+1431 0 -1427 0 *
Ve
1.5e-07
322 -8 70
0 0

0101101
*
Ed
 1.5e-07 1 1 0
1  342 0 -159.5 384.5
2  907 211 0 -159.5 384.5
2  908 225 0 -159.5 384.5
0

0101000
+1425 0 -1429 0 *
Ve
1.5e-07
325 -11 70
0 0

0101101
*
Ed
 1.5e-07 1 1 0
1  343 0 32.2013928610111 68.2013928610111
2  909 211 0 32.2013928610111 68.2013928610111
2  910 226 0 32.2013928610111 68.2013928610111
0

0101000
+1427 0 -1423 0 *
Ed
 1e-07 1 1 0
1  344 0 0 1.5707963267949
2  911 211 0 0 1.5707963267949
2  912 227 0 0 1.5707963267949
0

0101000
+1423 0 -1425 0 *
Wi

0101100
+1434 0 +1432 0 +1430 0 +1428 0 +1426 0 +1424 0 +1422 0 +1421 0 *
Ve
1.5e-07
-334 -47.5 70
0 0

0101101
*
Ve
1.5e-07
-331 -50.5 70
0 0

0101101
*
Ed
 1e-07 1 1 0
1  345 0 4.71238898038469 6.28318530717959
2  913 211 0 4.71238898038469 6.28318530717959
2  914 228 0 4.71238898038469 6.28318530717959
0

0101000
+1419 0 -1418 0 *
Ve
1.5e-07
-334 -18.5 70
0 0

0101101
*
Ed
 1.5e-07 1 1 0
1  346 0 -43.4513928610111 -14.4513928610111
2  915 211 0 -43.4513928610111 -14.4513928610111
2  916 229 0 -43.4513928610111 -14.4513928610111
0

0101000
+1416 0 -1419 0 *
Ve
1.5e-07
-331 -15.5 70
0 0

0101101
*
Ed
 1e-07 1 1 0
1  347 0 0 1.5707963267949
2  917 211 0 0 1.5707963267949
2  918 230 0 0 1.5707963267949
0

0101000
+1414 0 -1416 0 *
Ve
1.5e-07
-237 -15.5 70
0 0

0101101
*
Ed
 1.5e-07 1 1 0
1  348 0 120 214
2  919 211 0 120 214
2  920 231 0 120 214
0

0101000
+1412 0 -1414 0 *
Ve
1.5e-07
-234 -18.5 70
0 0

0101101
*
Ed
 1e-07 1 1 0
1  349 0 0 1.5707963267949
2  921 211 0 0 1.5707963267949
2  922 232 0 0 1.5707963267949
0

0101000
+1410 0 -1412 0 *
Ve
1.5e-07
-234 -47.5 70
0 0

0101101
*
Ed
 1.5e-07 1 1 0
1  350 0 31.9513928610111 60.9513928610111
2  923 211 0 31.9513928610111 60.9513928610111
2  924 233 0 31.9513928610111 60.9513928610111
0

0101000
+1408 0 -1410 0 *
Ve
1.5e-07
-237 -50.5 70
0 0

0101101
*
Ed
 1e-07 1 1 0
1  351 0 0 1.5707963267949
2  925 211 0 0 1.5707963267949
2  926 234 0 0 1.5707963267949
0

0101000
+1406 0 -1408 0 *
Ed
 1.5e-07 1 1 0
1  352 0 -164 -70
2  927 211 0 -164 -70
2  928 235 0 -164 -70
0

0101000
+1418 0 -1406 0 *
Wi

0101100
+1417 0 +1415 0 +1413 0 +1411 0 +1409 0 +1407 0 +1405 0 +1404 0 *
Fa
0  1e-07 211 0

0101000
+1459 0 +1437 0 +1420 0 +1403 0 *
Ve
1e-07
-331 -50.5 69
0 0

0101101
*
Ve
1e-07
-237 -50.5 69
0 0

0101101
*
Ed
 1e-07 1 1 0
1  353 0 3 97
2  929 235 0 3 97
0

0101000
+1401 0 -1400 0 *
Ed
 1e-07 1 1 0
1  354 0 -0 1
2  930 234 0 -0 1
4 G1 235 0 234 0
2  931 235 0 -0 1
0

0101000
+1400 0 -1406 0 *
Ed
 1e-07 1 1 0
1  355 0 -0 1
2  932 228 0 -0 1
4 G1 235 0 228 0
2  933 235 0 -0 1
0

0101000
+1401 0 -1418 0 *
Wi

0101100
-1399 0 -1398 0 +1404 0 +1397 0 *
Fa
0  1e-07 235 0

0101000
+1396 0 *
Ve
1e-07
-334 -47.5 69
0 0

0101101
*
Ed
 1e-07 1 1 0
1  356 0 0 1.5707963267949
2  934 228 0 0 1.5707963267949
0

0101000
+1401 0 -1394 0 *
Ve
1e-07
-234 -47.5 69
0 0

0101101
*
Ed
 1e-07 1 1 0
1  357 0 0 1.5707963267949
2  935 234 0 0 1.5707963267949
0

0101000
+1400 0 -1392 0 *
Ve
1e-07
-334 -18.5 69
0 0

0101101
*
Ed
 1e-07 1 1 0
1  358 0 3 32
2  936 229 0 3 32
0

0101000
+1390 0 -1394 0 *
Ve
1e-07
-234 -18.5 69
0 0

0101101
*
Ed
 1e-07 1 1 0
1  359 0 3 32
2  937 233 0 3 32
0

0101000
+1392 0 -1388 0 *
Ve
1e-07
-331 -15.5 69
0 0

0101101
*
Ed
 1e-07 1 1 0
1  360 0 3.14159265358979 4.71238898038469
2  938 230 0 3.14159265358979 4.71238898038469
0

0101000
+1386 0 -1390 0 *
Ve
1e-07
-237 -15.5 69
0 0

0101101
*
Ed
 1e-07 1 1 0
1  361 0 1.5707963267949 3.14159265358979
2  939 232 0 1.5707963267949 3.14159265358979
0

0101000
+1388 0 -1384 0 *
Ed
 1e-07 1 1 0
1  362 0 3 97
2  940 231 0 3 97
0

0101000
+1384 0 -1386 0 *
Wi

0101100
+1399 0 -1393 0 +1391 0 +1389 0 +1387 0 +1385 0 +1383 0 +1382 0 *
Fa
0  1e-07 236 0

0101000
+1381 0 *
Ed
 1e-07 1 1 0
1  363 0 -0 1
2  941 234 0 -0 1
4 G1 234 0 233 0
2  942 233 0 -0 1
0

0101000
+1392 0 -1408 0 *
Wi

0101100
-1398 0 -1405 0 +1379 0 +1391 0 *
Fa
0  1e-07 234 0

0101000
+1378 0 *
Ed
 1e-07 1 1 0
1  364 0 -0 1
2  943 232 0 -0 1
4 G1 233 0 232 0
2  944 233 0 -0 1
0

0101000
+1388 0 -1410 0 *
Wi

0101100
-1387 0 -1376 0 +1407 0 +1379 0 *
Fa
0  1e-07 233 0

0101000
+1375 0 *
Ed
 1e-07 1 1 0
1  365 0 -0 1
2  945 232 0 -0 1
4 G1 232 0 231 0
2  946 231 0 -0 1
0

0101000
+1384 0 -1412 0 *
Wi

0101100
-1376 0 -1409 0 +1373 0 +1383 0 *
Fa
0  1e-07 232 0

0101000
+1372 0 *
Ed
 1e-07 1 1 0
1  366 0 -0 1
2  947 230 0 -0 1
4 G1 230 0 231 0
2  948 231 0 -0 1
0

0101000
+1386 0 -1414 0 *
Wi

0101100
-1382 0 -1370 0 +1411 0 +1373 0 *
Fa
0  1e-07 231 0

0101000
+1369 0 *
Ed
 1e-07 1 1 0
1  367 0 -0 1
2  949 230 0 -0 1
4 G1 229 0 230 0
2  950 229 0 -0 1
0

0101000
+1390 0 -1416 0 *
Wi

0101100
-1370 0 -1413 0 +1367 0 +1385 0 *
Fa
0  1e-07 230 0

0101000
+1366 0 *
Ed
 1e-07 1 1 0
1  368 0 -0 1
2  951 228 0 -0 1
4 G1 228 0 229 0
2  952 229 0 -0 1
0

0101000
+1394 0 -1419 0 *
Wi

0101100
-1389 0 -1364 0 +1415 0 +1367 0 *
Fa
0  1e-07 229 0

0101000
+1363 0 *
Wi

0101100
-1397 0 +1417 0 +1364 0 +1393 0 *
Fa
0  1e-07 228 0

0101000
+1361 0 *
Ve
1e-07
325 -11 69
0 0

0101101
*
Ed
 1e-07 1 1 0
1  369 0 -0 1
2  953 227 0 -0 1
4 G1 226 0 227 0
2  954 226 0 -0 1
0

0101000
+1359 0 -1423 0 *
Ve
1e-07
322 -8 69
0 0

0101101
*
Ed
 1e-07 1 1 0
1  370 0 -0 1
2  955 227 0 -0 1
4 G1 227 0 225 0
2  956 225 0 -0 1
0

0101000
+1357 0 -1425 0 *
Ed
 1e-07 1 1 0
1  371 0 1.5707963267949 3.14159265358979
2  957 227 0 1.5707963267949 3.14159265358979
0

0101000
+1359 0 -1357 0 *
Wi

0101100
-1358 0 -1421 0 +1356 0 +1355 0 *
Fa
0  1e-07 227 0

0101000
+1354 0 *
Ve
1e-07
-222 -50 69
0 0

0101101
*
Ve
1e-07
322 -50 69
0 0

0101101
*
Ed
 1e-07 1 1 0
1  372 0 3 547
2  958 222 0 3 547
0

0101000
+1352 0 -1351 0 *
Ve
1e-07
-225 -47 69
0 0

0101101
*
Ed
 1e-07 1 1 0
1  373 0 0 1.5707963267949
2  959 220 0 0 1.5707963267949
0

0101000
+1352 0 -1349 0 *
Ve
1e-07
325 -47 69
0 0

0101101
*
Ed
 1e-07 1 1 0
1  374 0 0 1.5707963267949
2  960 224 0 0 1.5707963267949
0

0101000
+1351 0 -1347 0 *
Ve
1e-07
-225 -11 69
0 0

0101101
*
Ed
 1e-07 1 1 0
1  375 0 3 39
2  961 221 0 3 39
0

0101000
+1345 0 -1349 0 *
Ed
 1e-07 1 1 0
1  376 0 3 39
2  962 226 0 3 39
0

0101000
+1347 0 -1359 0 *
Ve
1e-07
-222 -8 69
0 0

0101101
*
Ed
 1e-07 1 1 0
1  377 0 3.14159265358979 4.71238898038469
2  963 223 0 3.14159265358979 4.71238898038469
0

0101000
+1342 0 -1345 0 *
Ed
 1e-07 1 1 0
1  378 0 3 547
2  964 225 0 3 547
0

0101000
+1357 0 -1342 0 *
Wi

0101100
+1350 0 -1348 0 +1346 0 +1344 0 +1343 0 +1341 0 +1355 0 +1340 0 *
Fa
0  1e-07 237 0

0101000
+1339 0 *
Ed
 1e-07 1 1 0
1  379 0 -0 1
2  965 224 0 -0 1
4 G1 224 0 226 0
2  966 226 0 -0 1
0

0101000
+1347 0 -1427 0 *
Wi

0101100
-1343 0 -1358 0 +1422 0 +1337 0 *
Fa
0  1e-07 226 0

0101000
+1336 0 *
Ed
 1e-07 1 1 0
1  380 0 -0 1
2  967 223 0 -0 1
4 G1 223 0 225 0
2  968 225 0 -0 1
0

0101000
+1342 0 -1429 0 *
Wi

0101100
-1340 0 -1334 0 +1424 0 +1356 0 *
Fa
0  1e-07 225 0

0101000
+1333 0 *
Ed
 1e-07 1 1 0
1  381 0 -0 1
2  969 224 0 -0 1
4 G1 222 0 224 0
2  970 222 0 -0 1
0

0101000
+1351 0 -1431 0 *
Wi

0101100
-1331 0 -1426 0 +1337 0 +1346 0 *
Fa
0  1e-07 224 0

0101000
+1330 0 *
Ed
 1e-07 1 1 0
1  382 0 -0 1
2  971 223 0 -0 1
4 G1 221 0 223 0
2  972 221 0 -0 1
0

0101000
+1345 0 -1433 0 *
Wi

0101100
-1334 0 -1428 0 +1328 0 +1341 0 *
Fa
0  1e-07 223 0

0101000
+1327 0 *
Ed
 1e-07 1 1 0
1  383 0 -0 1
2  973 220 0 -0 1
4 G1 222 0 220 0
2  974 222 0 -0 1
0

0101000
+1352 0 -1435 0 *
Wi

0101100
-1350 0 -1331 0 +1430 0 +1325 0 *
Fa
0  1e-07 222 0

0101000
+1324 0 *
Ed
 1e-07 1 1 0
1  384 0 -0 1
2  975 220 0 -0 1
4 G1 220 0 221 0
2  976 221 0 -0 1
0

0101000
+1349 0 -1436 0 *
Wi

0101100
-1344 0 -1322 0 +1432 0 +1328 0 *
Fa
0  1e-07 221 0

0101000
+1321 0 *
Wi

0101100
-1325 0 +1434 0 +1322 0 +1348 0 *
Fa
0  1e-07 220 0

0101000
+1319 0 *
Ve
1.00000458286294e-07
342.564637533846 -209.575674166117 64
0 0

0101101
*
Ed
 1e-07 1 1 0
1  385 0 0 1.5707963267949
2  977 218 0 0 1.5707963267949
2  978 219 0 0 1.5707963267949
4 G1 218 0 219 0
0

0101000
+1317 0 -1462 0 *
Ve
1.00000014210855e-07
-342.564637533846 -209.575674166117 64
0 0

0101101
*
Ed
 1e-07 1 1 0
1  386 0 -3.94331779022431e-17 0.238205277334298
2  979 219 0 -3.94331779022431e-17 0.238205277334298
2  980 238 0 -3.94331779022431e-17 0.238205277334298
4 G1 219 0 238 0
0

0101000
+1317 0 -1315 0 *
Ed
 1e-07 1 1 0
1  387 0 0 1.5707963267949
2  981 219 0 0 1.5707963267949
2  982 217 0 0 1.5707963267949
4 G1 219 0 217 0
0

0101000
+1315 0 -1464 0 *
Wi

0101100
-1316 0 +1314 0 -1460 0 +1313 0 *
Fa
0  0 219 0

0101000
+1312 0 *
Ve
1.00000458286294e-07
342.564637533846 -209.575674166117 1.5
0 0

0101101
*
Ed
 1.00000458286294e-07 1 1 0
1  388 0 1.5 64
2  983 239 0 1.5 64
2  984 238 0 1.5 64
4 G1 239 0 238 0
0

0101000
+1310 0 -1317 0 *
Ve
1.00000014210855e-07
-342.564637533846 -209.575674166117 1.5
0 0

0101101
*
Ed
 1.00000014210855e-07 1 1 0
1  389 0 1.5 64
2  985 238 0 1.5 64
2  986 240 0 1.5 64
4 G1 238 0 240 0
0

0101000
+1308 0 -1315 0 *
Ed
 1e-07 1 1 0
1  390 0 0 0.238205277334298
2  987 241 0 0 0.238205277334298
2  988 238 0 0 0.238205277334298
4 G1 241 0 238 0
0

0101000
+1310 0 -1308 0 *
Wi

0101100
+1309 0 +1314 0 -1307 0 -1306 0 *
Fa
0  0 238 0

0101000
+1305 0 *
Ve
1e-07
342.386405657153 -208.086300674298 0
0 0

0101101
*
Ed
 1e-07 1 1 0
1  391 0 0 1.5707963267949
2  989 242 0 0 1.5707963267949
2  990 241 0 0 1.5707963267949
4 G1 242 0 241 0
0

0101000
+1310 0 -1303 0 *
Ve
1e-07
-342.386405657153 -208.086300674299 0
0 0

0101101
*
Ed
 1e-07 1 1 0
1  392 0 0 0.238205277334298
2  991 241 0 0 0.238205277334298
2  992 243 0 0 0.238205277334298
4 G1 241 0 243 0
0

0101000
+1303 0 -1301 0 *
Ed
 1e-07 1 1 0
1  393 0 0 1.5707963267949
2  993 241 0 0 1.5707963267949
2  994 244 0 0 1.5707963267949
4 G1 241 0 244 0
0

0101000
+1308 0 -1301 0 *
Wi

0101100
-1302 0 +1306 0 -1300 0 +1299 0 *
Fa
0  0 241 0

0101000
+1298 0 *
Ve
1e-07
-369 -179.788204329753 1.5
0 0

0101101
*
Ed
 1e-07 1 1 0
1  394 0 0 1.45169368812772
2  995 244 0 0 1.45169368812772
2  996 240 0 0 1.45169368812772
4 G1 244 0 240 0
0

0101000
+1308 0 -1296 0 *
Ve
1e-07
-367.5 -179.788204329753 0
0 0

0101101
*
Ed
 1e-07 1 1 0
1  395 0 0 1.45169368812772
2  997 244 0 0 1.45169368812772
2  998 243 0 0 1.45169368812772
4 G1 244 0 243 0
0

0101000
+1301 0 -1294 0 *
Ed
 1e-07 1 1 0
1  396 0 0 1.5707963267949
2  999 244 0 0 1.5707963267949
2  1000 245 0 0 1.5707963267949
4 G1 244 0 245 0
0

0101000
+1296 0 -1294 0 *
Wi

0101100
-1299 0 +1295 0 -1293 0 +1292 0 *
Fa
0  0 244 0

0101000
+1291 0 *
Ve
1e-07
-369 -12 1.5
0 0

0101101
*
Ed
 1e-07 1 1 0
1  397 0 0 167.788204329753
2  1001 245 0 0 167.788204329753
2  1002 246 0 0 167.788204329753
4 G1 245 0 246 0
0

0101000
+1296 0 -1289 0 *
Ve
1e-07
-367.5 -12 -2.22044604925031e-16
0 0

0101101
*
Ed
 1e-07 1 1 0
1  398 0 0 167.788204329753
2  1003 245 0 0 167.788204329753
2  1004 243 0 0 167.788204329753
4 G1 245 0 243 0
0

0101000
+1294 0 -1287 0 *
Ed
 1e-07 1 1 0
1  399 0 0 1.5707963267949
2  1005 245 0 0 1.5707963267949
2  1006 247 0 0 1.5707963267949
4 G1 245 0 247 0
0

0101000
+1289 0 -1287 0 *
Wi

0101100
+1292 0 -1288 0 +1286 0 -1285 0 *
Fa
0  0 245 0

0101000
+1284 0 *
Ed
 1e-07 1 1 0
1  400 0 0 1.5707963267949
2  1007 247 0 0 1.5707963267949
2  1008 2 0 0 1.5707963267949
4 G1 247 0 2 0
0

0101000
+1289 0 -2332 0 *
Ve
1e-07
-357 -1.5 -2.22044604925031e-16
0 0

0101101
*
Ed
 1e-07 1 1 0
1  401 0 0 1.5707963267949
2  1009 247 0 0 1.5707963267949
2  1010 243 0 0 1.5707963267949
4 G1 247 0 243 0
0

0101000
+1287 0 -1281 0 *
Ed
 1e-07 1 1 0
1  402 0 0 1.5707963267949
2  1011 3 0 0 1.5707963267949
2  1012 247 0 0 1.5707963267949
4 G1 3 0 247 0
0

0101000
+2332 0 -1281 0 *
Wi

0101100
-1285 0 +1282 0 -1280 0 +1279 0 *
Fa
0  0 247 0

0101000
+1278 0 *
Ve
1e-07
-369 -179.788204329753 64
0 0

0101101
*
Ed
 1e-07 1 1 0
1  403 0 1.5 64
2  1013 240 0 1.5 64
4 G1 240 0 246 0
2  1014 246 0 1.5 64
0

0101000
+1296 0 -1276 0 *
Ve
1e-07
-369 -12 64
0 0

0101101
*
Ed
 1e-07 1 1 0
1  404 0 0 167.788204329753
2  1015 215 0 0 167.788204329753
2  1016 246 0 0 167.788204329753
4 G1 215 0 246 0
0

0101000
+1276 0 -1274 0 *
Ed
 1e-07 1 1 0
1  405 0 1.5 64
2  1017 2 0 1.5 64
4 G1 246 0 2 0
2  1018 246 0 1.5 64
0

0101000
+1289 0 -1274 0 *
Wi

0101100
+1275 0 -1288 0 +1273 0 -1272 0 *
Fa
0  1e-07 246 0

0101000
+1271 0 *
Ve
1e-07
357 -1.5 -2.22044604925031e-16
0 0

0101101
*
Ed
 1e-07 1 1 0
1  406 0 0 714
2  1019 3 0 0 714
2  1020 243 0 0 714
4 G1 3 0 243 0
0

0101000
+1281 0 -1269 0 *
Ve
1e-07
367.5 -12 0
0 0

0101101
*
Ed
 1e-07 1 1 0
1  407 0 0 1.5707963267949
2  1021 248 0 0 1.5707963267949
2  1022 243 0 0 1.5707963267949
4 G1 248 0 243 0
0

0101000
+1269 0 -1267 0 *
Ve
1e-07
367.5 -179.788204329753 -2.22044604925031e-16
0 0

0101101
*
Ed
 1e-07 1 1 0
1  408 0 0 167.788204329753
2  1023 249 0 0 167.788204329753
2  1024 243 0 0 167.788204329753
4 G1 249 0 243 0
0

0101000
+1267 0 -1265 0 *
Ed
 1e-07 1 1 0
1  409 0 0 1.45169368812776
2  1025 242 0 0 1.45169368812776
2  1026 243 0 0 1.45169368812776
4 G1 242 0 243 0
0

0101000
+1265 0 -1303 0 *
Wi

0101100
+1268 0 +1280 0 +1266 0 +1286 0 +1264 0 +1293 0 +1263 0 +1300 0 *
Ve
1.5e-07
-357 -3 0
0 0

0101101
*
Ve
1.5e-07
357 -3 0
0 0

0101101
*
Ed
 1.5e-07 1 1 0
1  410 0 -178.5 535.5
2  1027 243 0 -178.5 535.5
2  1028 250 0 -178.5 535.5
0

0101000
+1261 0 -1260 0 *
Ve
1.50000001776357e-07
366 -12 0
0 0

0101101
*
Ed
 1e-07 1 1 0
1  411 0 4.73695157173401e-15 1.5707963267949
2  1029 243 0 4.73695157173401e-15 1.5707963267949
2  1030 251 0 4.73695157173401e-15 1.5707963267949
0

0101000
+1260 0 -1258 0 *
Ve
1.50000028421709e-07
366 -179.788204329753 0
0 0

0101101
*
Ed
 1.5e-07 1 1 0
1  412 0 -48.2013928610111 119.586811468742
2  1031 243 0 -48.2013928610111 119.586811468742
2  1032 252 0 -48.2013928610111 119.586811468742
0

0101000
+1258 0 -1256 0 *
Ve
1.00001278976924e-07
342.208173780461 -206.59692718248 0
0 0

0101101
*
Ed
 1e-07 1 1 0
1  413 0 2.84217094304042e-15 1.45169368812775
2  1033 243 0 2.84217094304042e-15 1.45169368812775
2  1034 253 0 2.84217094304042e-15 1.45169368812775
0

0101000
+1256 0 -1254 0 *
Ve
1.00000843603066e-07
-342.20817378046 -206.596927182482 0
0 0

0101101
*
Ed
 1e-07 1 1 0
1  414 0 0 0.238205277334297
2  1035 243 0 0 0.238205277334297
2  1036 254 0 0 0.238205277334297
0

0101000
+1254 0 -1252 0 *
Ve
1.5e-07
-366 -179.788204329752 0
0 0

0101101
*
Ed
 1e-07 1 1 0
1  415 0 -2.30926389122033e-14 1.45169368812773
2  1037 243 0 -2.30926389122033e-14 1.45169368812773
2  1038 255 0 -2.30926389122033e-14 1.45169368812773
0

0101000
+1252 0 -1250 0 *
Ve
1.5e-07
-366 -12 0
0 0

0101101
*
Ed
 1.5e-07 1 1 0
1  416 0 -35.6927093038651 132.095495025887
2  1039 243 0 -35.6927093038651 132.095495025887
2  1040 256 0 -35.6927093038651 132.095495025887
0

0101000
+1250 0 -1248 0 *
Ed
 1e-07 1 1 0
1  417 0 1.62832710278357e-15 1.5707963267949
2  1041 243 0 1.62832710278357e-15 1.5707963267949
2  1042 257 0 1.62832710278357e-15 1.5707963267949
0

0101000
+1248 0 -1261 0 *
Wi

0101100
-1259 0 -1257 0 -1255 0 -1253 0 -1251 0 -1249 0 -1247 0 -1246 0 *
Fa
0  1e-07 243 0

0101000
+1262 0 +1245 0 *
Ve
1e-07
-357 -3 4.5
0 0

0101101
*
Ed
 1e-07 1 1 0
1  418 0 1 5.5
2  1043 257 0 1 5.5
4 G1 250 0 257 0
2  1044 250 0 1 5.5
0

0101000
+1261 0 -1243 0 *
Ve
1e-07
-366 -12 4.5
0 0

0101101
*
Ed
 1e-07 1 1 0
1  419 0 1.77635683940025e-15 1.5707963267949
2  1045 257 0 1.77635683940025e-15 1.5707963267949
2  1046 8 0 1.77635683940025e-15 1.5707963267949
2  1047 9 0 1.77635683940025e-15 1.5707963267949
0

0101000
+1241 0 -1243 0 *
Ed
 1e-07 1 1 0
1  420 0 1 5.5
2  1048 257 0 1 5.5
4 G1 256 0 257 0
2  1049 256 0 1 5.5
0

0101000
+1248 0 -1241 0 *
Wi

0101100
-1246 0 -1242 0 +1240 0 +1239 0 *
Fa
0  1e-07 257 0

0101000
+1238 0 *
Ve
1e-07
-366 -179.788204329752 4.5
0 0

0101101
*
Ed
 1e-07 1 1 0
1  421 0 2.55795384873636e-13 167.788204329753
2  1050 8 0 2.55795384873636e-13 167.788204329753
2  1051 256 0 2.55795384873636e-13 167.788204329753
2  1052 9 0 2.55795384873636e-13 167.788204329753
0

0101000
+1236 0 -1241 0 *
Ed
 1e-07 1 1 0
1  422 0 1 5.5
4 G1 255 0 256 0
2  1053 256 0 1 5.5
2  1054 255 0 1 5.5
0

0101000
+1250 0 -1236 0 *
Wi

0101100
-1247 0 -1239 0 +1235 0 +1234 0 *
Fa
0  1e-07 256 0

0101000
+1233 0 *
Ve
1e-07
-342.20817378046 -206.596927182482 4.5
0 0

0101101
*
Ed
 1e-07 1 1 0
1  423 0 1 5.5
4 G1 254 0 255 0
2  1055 254 0 1 5.5
2  1056 255 0 1 5.5
0

0101000
+1252 0 -1231 0 *
Ed
 1e-07 1 1 0
1  424 0 0 1.45169368812777
2  1057 255 0 0 1.45169368812777
2  1058 9 0 0 1.45169368812777
0

0101000
+1236 0 -1231 0 *
Wi

0101100
-1249 0 +1230 0 -1229 0 -1234 0 *
Fa
0  1e-07 255 0

0101000
+1228 0 *
Ve
1e-07
342.208173780461 -206.59692718248 4.5
0 0

0101101
*
Ed
 1e-07 1 1 0
1  425 0 1 5.5
4 G1 253 0 254 0
2  1059 253 0 1 5.5
2  1060 254 0 1 5.5
0

0101000
+1254 0 -1226 0 *
Ed
 1e-07 1 1 0
1  426 0 0 0.238205277334297
2  1061 254 0 0 0.238205277334297
2  1062 9 0 0 0.238205277334297
0

0101000
+1231 0 -1226 0 *
Wi

0101100
-1251 0 +1225 0 -1224 0 -1230 0 *
Fa
0  1e-07 254 0

0101000
+1223 0 *
Ve
1e-07
366 -179.788204329753 4.5
0 0

0101101
*
Ed
 1e-07 1 1 0
1  427 0 1 5.5
4 G1 252 0 253 0
2  1063 252 0 1 5.5
2  1064 253 0 1 5.5
0

0101000
+1256 0 -1221 0 *
Ed
 1e-07 1 1 0
1  428 0 0 1.45169368812775
2  1065 253 0 0 1.45169368812775
2  1066 9 0 0 1.45169368812775
0

0101000
+1226 0 -1221 0 *
Wi

0101100
-1253 0 +1220 0 -1219 0 -1225 0 *
Fa
0  1e-07 253 0

0101000
+1218 0 *
Ve
1e-07
366 -12 4.5
0 0

0101101
*
Ed
 1e-07 1 1 0
1  429 0 -1.4210854715202e-14 167.788204329753
2  1067 8 0 -1.4210854715202e-14 167.788204329753
2  1068 252 0 -1.4210854715202e-14 167.788204329753
2  1069 9 0 -1.4210854715202e-14 167.788204329753
0

0101000
+1216 0 -1221 0 *
Ed
 1e-07 1 1 0
1  430 0 1 5.5
2  1070 251 0 1 5.5
4 G1 251 0 252 0
2  1071 252 0 1 5.5
0

0101000
+1258 0 -1216 0 *
Wi

0101100
-1255 0 -1220 0 +1215 0 +1214 0 *
Fa
0  1e-07 252 0

0101000
+1213 0 *
Ve
1e-07
357 -3 4.5
0 0

0101101
*
Ed
 1e-07 1 1 0
1  431 0 5.32907051820075e-15 1.5707963267949
2  1072 251 0 5.32907051820075e-15 1.5707963267949
2  1073 8 0 5.32907051820075e-15 1.5707963267949
2  1074 9 0 5.32907051820075e-15 1.5707963267949
0

0101000
+1211 0 -1216 0 *
Ed
 1e-07 1 1 0
1  432 0 1 5.5
2  1075 251 0 1 5.5
4 G1 250 0 251 0
2  1076 250 0 1 5.5
0

0101000
+1260 0 -1211 0 *
Wi

0101100
-1257 0 -1214 0 +1210 0 +1209 0 *
Fa
0  1e-07 251 0

0101000
+1208 0 *
Ed
 1e-07 1 1 0
1  433 0 0 714
2  1077 9 0 0 714
0

0101000
+1211 0 -1243 0 *
Wi

0101100
-1259 0 +1242 0 -1206 0 -1209 0 *
Fa
0  1e-07 250 0

0101000
+1205 0 *
Ve
1e-07
369 -12 1.5
0 0

0101101
*
Ed
 1e-07 1 1 0
1  434 0 0 1.5707963267949
2  1078 248 0 0 1.5707963267949
2  1079 249 0 0 1.5707963267949
4 G1 248 0 249 0
0

0101000
+1203 0 -1267 0 *
Ve
1e-07
369 -179.788204329753 1.5
0 0

0101101
*
Ed
 1e-07 1 1 0
1  435 0 0 167.788204329753
2  1080 249 0 0 167.788204329753
2  1081 258 0 0 167.788204329753
4 G1 249 0 258 0
0

0101000
+1203 0 -1201 0 *
Ed
 1e-07 1 1 0
1  436 0 0 1.5707963267949
2  1082 249 0 0 1.5707963267949
2  1083 242 0 0 1.5707963267949
4 G1 249 0 242 0
0

0101000
+1201 0 -1265 0 *
Wi

0101100
+1202 0 -1200 0 +1264 0 -1199 0 *
Fa
0  0 249 0

0101000
+1198 0 *
Ve
1e-07
369 -12 64
0 0

0101101
*
Ed
 1e-07 1 1 0
1  437 0 1.5 64
2  1084 5 0 1.5 64
4 G1 5 0 258 0
2  1085 258 0 1.5 64
0

0101000
+1203 0 -1196 0 *
Ve
1e-07
369 -179.788204329753 64
0 0

0101101
*
Ed
 1e-07 1 1 0
1  438 0 0 167.788204329753
2  1086 216 0 0 167.788204329753
2  1087 258 0 0 167.788204329753
4 G1 216 0 258 0
0

0101000
+1196 0 -1194 0 *
Ed
 1e-07 1 1 0
1  439 0 1.5 64
2  1088 239 0 1.5 64
4 G1 258 0 239 0
2  1089 258 0 1.5 64
0

0101000
+1201 0 -1194 0 *
Wi

0101100
+1195 0 -1200 0 +1193 0 -1192 0 *
Fa
0  1e-07 258 0

0101000
+1191 0 *
Ed
 1e-07 1 1 0
1  440 0 0 1.5707963267949
2  1090 3 0 0 1.5707963267949
2  1091 248 0 0 1.5707963267949
4 G1 3 0 248 0
0

0101000
+2329 0 -1269 0 *
Ed
 1e-07 1 1 0
1  441 0 0 1.5707963267949
2  1092 248 0 0 1.5707963267949
2  1093 5 0 0 1.5707963267949
4 G1 248 0 5 0
0

0101000
+2329 0 -1203 0 *
Wi

0101100
-1189 0 +1188 0 -1266 0 +1202 0 *
Fa
0  0 248 0

0101000
+1187 0 *
Ed
 1e-07 1 1 0
1  442 0 0 1.45169368812776
2  1094 242 0 0 1.45169368812776
2  1095 239 0 0 1.45169368812776
4 G1 242 0 239 0
0

0101000
+1201 0 -1310 0 *
Wi

0101100
-1199 0 +1185 0 -1263 0 +1302 0 *
Fa
0  0 242 0

0101000
+1184 0 *
Ed
 1e-07 1 1 0
1  443 0 0 1.45169368812772
2  1096 217 0 0 1.45169368812772
2  1097 240 0 0 1.45169368812772
4 G1 217 0 240 0
0

0101000
+1315 0 -1276 0 *
Wi

0101100
+1307 0 -1295 0 +1182 0 -1275 0 *
Fa
0  1e-07 240 0

0101000
+1181 0 *
Ed
 1e-07 1 1 0
1  444 0 0 1.45169368812776
2  1098 218 0 0 1.45169368812776
2  1099 239 0 0 1.45169368812776
4 G1 218 0 239 0
0

0101000
+1194 0 -1317 0 *
Wi

0101100
+1192 0 -1185 0 +1179 0 -1309 0 *
Fa
0  1e-07 239 0

0101000
+1178 0 *
Ed
 1e-07 1 1 0
1  445 0 0 1.5707963267949
2  1100 216 0 0 1.5707963267949
2  1101 218 0 0 1.5707963267949
4 G1 216 0 218 0
0

0101000
+1194 0 -1466 0 *
Wi

0101100
-1176 0 +1179 0 -1461 0 +1316 0 *
Fa
0  0 218 0

0101000
+1175 0 *
Ed
 1e-07 1 1 0
1  446 0 0 1.5707963267949
2  1102 217 0 0 1.5707963267949
2  1103 215 0 0 1.5707963267949
4 G1 217 0 215 0
0

0101000
+1276 0 -1468 0 *
Wi

0101100
-1313 0 +1182 0 -1463 0 +1173 0 *
Fa
0  0 217 0

0101000
+1172 0 *
Ed
 1e-07 1 1 0
1  447 0 0 1.5707963267949
2  1104 214 0 0 1.5707963267949
2  1105 216 0 0 1.5707963267949
4 G1 214 0 216 0
0

0101000
+1196 0 -1470 0 *
Wi

0101100
+1170 0 -1193 0 +1465 0 -1176 0 *
Fa
0  0 216 0

0101000
+1169 0 *
Ed
 1e-07 1 1 0
1  448 0 0 1.5707963267949
2  1106 215 0 0 1.5707963267949
2  1107 213 0 0 1.5707963267949
4 G1 215 0 213 0
0

0101000
+1274 0 -1472 0 *
Wi

0101100
+1173 0 -1273 0 +1467 0 -1167 0 *
Fa
0  0 215 0

0101000
+1166 0 *
Ed
 1e-07 1 1 0
1  449 0 0 1.5707963267949
2  1108 4 0 0 1.5707963267949
2  1109 214 0 0 1.5707963267949
4 G1 4 0 214 0
0

0101000
+2327 0 -1474 0 *
Ed
 1e-07 1 1 0
1  450 0 0 1.5707963267949
2  1110 214 0 0 1.5707963267949
2  1111 5 0 0 1.5707963267949
4 G1 214 0 5 0
0

0101000
+2327 0 -1196 0 *
Wi

0101100
-1164 0 +1163 0 -1469 0 +1170 0 *
Fa
0  0 214 0

0101000
+1162 0 *
Ed
 1e-07 1 1 0
1  451 0 0 1.5707963267949
2  1112 213 0 0 1.5707963267949
2  1113 2 0 0 1.5707963267949
4 G1 213 0 2 0
0

0101000
+1274 0 -2331 0 *
Ed
 1e-07 1 1 0
1  452 0 0 1.5707963267949
2  1114 4 0 0 1.5707963267949
2  1115 213 0 0 1.5707963267949
4 G1 4 0 213 0
0

0101000
+2331 0 -1475 0 *
Wi

0101100
-1167 0 +1160 0 -1471 0 +1159 0 *
Fa
0  0 213 0

0101000
+1158 0 *
Ed
 1e-07 1 1 0
1  453 0 0 2
2  1116 112 0 0 2
4 G1 108 0 112 0
2  1117 108 0 0 2
2  1118 114 0 0 2
2  1119 109 0 0 2
0

0101000
+2081 0 -1440 0 *
Wi

0101100
-2076 0 -1481 0 -1438 0 +1156 0 *
Fa
0  1e-07 112 0

0101000
+1155 0 *
Ed
 1e-07 1 1 0
1  454 0 0 2
2  1120 110 0 0 2
4 G1 110 0 106 0
2  1121 106 0 0 2
2  1122 111 0 0 2
2  1123 107 0 0 2
0

0101000
+2083 0 -1445 0 *
Wi

0101100
+2078 0 +1478 0 -1441 0 -1153 0 *
Fa
0  1e-07 110 0

0101000
+1152 0 *
Ed
 1e-07 1 1 0
1  455 0 0 2
2  1124 103 0 0 2
4 G1 103 0 108 0
2  1125 108 0 0 2
2  1126 105 0 0 2
2  1127 109 0 0 2
0

0101000
+2085 0 -1443 0 *
Wi

0101100
-2080 0 +1156 0 +1439 0 -1150 0 *
Fa
0  1e-07 108 0

0101000
+1149 0 *
Ed
 1e-07 1 1 0
1  456 0 0 2
2  1128 101 0 0 2
4 G1 106 0 101 0
2  1129 106 0 0 2
2  1130 102 0 0 2
2  1131 107 0 0 2
0

0101000
+2087 0 -1449 0 *
Wi

0101100
-2082 0 -1153 0 +1444 0 +1147 0 *
Fa
0  1e-07 106 0

0101000
+1146 0 *
Ed
 1e-07 1 1 0
1  457 0 0 2
2  1132 103 0 0 2
4 G1 99 0 103 0
2  1133 99 0 0 2
2  1134 105 0 0 2
2  1135 100 0 0 2
0

0101000
+2089 0 -1447 0 *
Wi

0101100
-2084 0 -1150 0 -1442 0 +1144 0 *
Fa
0  1e-07 103 0

0101000
+1143 0 *
Ed
 1e-07 1 1 0
1  458 0 0 2
2  1136 101 0 0 2
4 G1 101 0 97 0
2  1137 97 0 0 2
2  1138 102 0 0 2
2  1139 98 0 0 2
0

0101000
+2091 0 -1453 0 *
Wi

0101100
-2086 0 -1141 0 -1448 0 +1147 0 *
Fa
0  1e-07 101 0

0101000
+1140 0 *
Ed
 1e-07 1 1 0
1  459 0 0 2
2  1140 95 0 0 2
4 G1 95 0 99 0
2  1141 99 0 0 2
2  1142 96 0 0 2
2  1143 100 0 0 2
0

0101000
+2093 0 -1451 0 *
Wi

0101100
-2088 0 +1144 0 +1446 0 -1138 0 *
Fa
0  1e-07 99 0

0101000
+1137 0 *
Ed
 1e-07 1 1 0
1  460 0 0 2
2  1144 93 0 0 2
4 G1 97 0 93 0
2  1145 97 0 0 2
2  1146 94 0 0 2
2  1147 98 0 0 2
0

0101000
+2095 0 -1457 0 *
Wi

0101100
+2090 0 +1141 0 +1452 0 -1135 0 *
Fa
0  1e-07 97 0

0101000
+1134 0 *
Ed
 1e-07 1 1 0
1  461 0 0 2
2  1148 95 0 0 2
4 G1 91 0 95 0
2  1149 91 0 0 2
2  1150 96 0 0 2
2  1151 92 0 0 2
0

0101000
+2097 0 -1455 0 *
Wi

0101100
+2092 0 +1132 0 -1450 0 -1138 0 *
Fa
0  1e-07 95 0

0101000
+1131 0 *
Ed
 1e-07 1 1 0
1  462 0 0 2
2  1152 93 0 0 2
4 G1 91 0 93 0
2  1153 91 0 0 2
2  1154 94 0 0 2
2  1155 92 0 0 2
0

0101000
+2098 0 -1458 0 *
Wi

0101100
-2094 0 -1129 0 -1456 0 +1135 0 *
Fa
0  1e-07 93 0

0101000
+1128 0 *
Wi

0101100
-2096 0 -1132 0 +1454 0 +1129 0 *
Fa
0  1e-07 91 0

0101000
+1126 0 *
Ed
 1e-07 1 1 0
1  463 0 0 16
3  1156 1157CN 86 0 0 16
0

0101000
-2024 0 +1598 0 *
Ed
 1e-07 1 1 0
1  464 0 8 16
2  1158 83 0 8 16
2  1159 86 0 8 16
0

0101000
+2112 0 -2028 0 *
Wi

0101100
+1124 0 +1597 0 -1124 0 -2020 0 +2104 0 -2109 0 -1123 0 -2023 0 *
Fa
0  1e-07 86 0

0101000
+1122 0 *
Ve
1e-07
67.9769999999996 -209.5 50
0 0

0101101
*
Ed
 1e-07 1 1 0
1  465 0 0 10
2  1160 72 0 0 10
2  1161 85 0 0 10
0

0101000
+1120 0 -2118 0 *
Ve
1e-07
63.9769999999996 -209.5 50
0 0

0101101
*
Ed
 1e-07 1 1 0
1  466 0 0 10
2  1162 70 0 0 10
2  1163 85 0 0 10
0

0101000
+1118 0 -2116 0 *
Ed
 1e-07 1 1 0
1  467 0 0 4
2  1164 85 0 0 4
2  1165 259 0 0 4
0

0101000
-1120 0 +1118 0 *
Wi

0101100
-1119 0 +2115 0 +1117 0 -1116 0 *
Fa
0  1e-07 85 0

0101000
+1115 0 *
Ve
1e-07
63.9769999999996 -54.5 50
0 0

0101101
*
Ed
 1e-07 1 1 0
1  468 0 0 155
2  1166 70 0 0 155
2  1167 259 0 0 155
0

0101000
-1113 0 +1118 0 *
Ve
1e-07
67.9769999999996 -54.5 50
0 0

0101101
*
Ed
 1e-07 1 1 0
1  469 0 0 4
2  1168 71 0 0 4
2  1169 259 0 0 4
0

0101000
-1111 0 +1113 0 *
Ed
 1e-07 1 1 0
1  470 0 0 155
2  1170 72 0 0 155
2  1171 259 0 0 155
0

0101000
-1111 0 +1120 0 *
Wi

0101100
-1112 0 -1110 0 +1109 0 +1116 0 *
Fa
0  1e-07 259 0

0101000
+1108 0 *
Ve
1e-07
159.977 -209.5 50
0 0

0101101
*
Ed
 1e-07 1 1 0
1  471 0 0 10
2  1172 73 0 0 10
2  1173 84 0 0 10
0

0101000
+1106 0 -2124 0 *
Ve
1.5e-07
159.977 -189.8 61
0 0

0101101
*
Ed
 1.5e-07 1 1 0
1  472 0 -36.5 -35.5
2  1174 83 0 -36.5 -35.5
2  1175 73 0 -36.5 -35.5
0

0101000
+1104 0 -2122 0 *
Ve
1.00000369482223e-07
159.977 -158.050593277809 61
0 0

0101101
*
Ed
 1e-07 1 1 0
1  473 0 19.7 51.4494067221908
2  1176 73 0 19.7 51.4494067221908
2  1177 260 0 19.7 51.4494067221908
0

0101000
+1104 0 -1102 0 *
Ve
1.00000369482223e-07
159.977 -158.050593277809 50
0 0

0101101
*
Ed
 1e-07 1 1 0
1  474 0 45.5 56.5
2  1178 73 0 45.5 56.5
2  1179 261 0 45.5 56.5
0

0101000
+1100 0 -1102 0 *
Ed
 1e-07 1 1 0
1  475 0 0 51.4494067221908
2  1180 73 0 0 51.4494067221908
2  1181 262 0 0 51.4494067221908
0

0101000
+1106 0 -1100 0 *
Wi

0101100
-1105 0 +2121 0 +1103 0 -1101 0 +1099 0 +1098 0 *
Fa
0  1e-07 73 0

0101000
+1097 0 *
Ve
1.00000255795385e-07
163.977 -162.547343752224 50
0 0

0101101
*
Ed
 1e-07 1 1 0
1  476 0 3.71980969537547 4.01737771921977
2  1182 262 0 3.71980969537547 4.01737771921977
2  1183 261 0 3.71980969537547 4.01737771921977
0

0101000
+1100 0 -1095 0 *
Ve
1e-07
163.977 -209.5 50
0 0

0101101
*
Ed
 1e-07 1 1 0
1  477 0 0 46.9526562477762
2  1184 75 0 0 46.9526562477762
2  1185 262 0 0 46.9526562477762
0

0101000
+1093 0 -1095 0 *
Ed
 1e-07 1 1 0
1  478 0 0 4
2  1186 84 0 0 4
2  1187 262 0 0 4
0

0101000
-1093 0 +1106 0 *
Wi

0101100
-1098 0 -1094 0 +1092 0 +1091 0 *
Fa
0  1e-07 262 0

0101000
+1090 0 *
Ve
1.00000255795385e-07
163.977 -162.547343752224 61
0 0

0101101
*
Ed
 1e-07 1 1 0
1  479 0 3.71980969537547 4.01737771921977
2  1188 260 0 3.71980969537547 4.01737771921977
2  1189 261 0 3.71980969537547 4.01737771921977
0

0101000
+1102 0 -1088 0 *
Ed
 1e-07 1 1 0
1  480 0 45.5 56.5
2  1190 75 0 45.5 56.5
2  1191 261 0 45.5 56.5
0

0101000
+1095 0 -1088 0 *
Wi

0101100
-1099 0 -1087 0 +1086 0 +1094 0 *
Fa
0  1e-07 261 0

0101000
+1085 0 *
Ve
1.5e-07
163.977 -189.8 61
0 0

0101101
*
Ed
 1e-07 1 1 0
1  481 0 19.7 46.9526562477762
2  1192 75 0 19.7 46.9526562477762
2  1193 260 0 19.7 46.9526562477762
0

0101000
+1083 0 -1088 0 *
Ed
 1.5e-07 1 1 0
1  482 0 167.364690924285 171.364690924285
2  1194 83 0 167.364690924285 171.364690924285
2  1195 260 0 167.364690924285 171.364690924285
0

0101000
+1104 0 -1083 0 *
Wi

0101100
-1101 0 -1087 0 +1082 0 +1081 0 *
Fa
0  1e-07 260 0

0101000
+1080 0 *
Ed
 1e-07 1 1 0
1  483 0 0 10
2  1196 75 0 0 10
2  1197 84 0 0 10
0

0101000
+1093 0 -2126 0 *
Wi

0101100
-1078 0 +2123 0 +1105 0 -1091 0 *
Fa
0  1e-07 84 0

0101000
+1077 0 *
Ed
 1.5e-07 1 1 0
1  484 0 -36.5 -35.5
2  1198 83 0 -36.5 -35.5
2  1199 75 0 -36.5 -35.5
0

0101000
+1083 0 -2128 0 *
Wi

0101100
-1078 0 +2125 0 +1075 0 -1082 0 +1086 0 +1092 0 *
Fa
0  1e-07 75 0

0101000
+1074 0 *
Ve
1.5e-07
63.9769999999996 -189.8 61
0 0

0101101
*
Ed
 1.5e-07 1 1 0
1  485 0 -36.5 -35.5
2  1200 83 0 -36.5 -35.5
2  1201 70 0 -36.5 -35.5
0

0101000
+1072 0 -2114 0 *
Ve
1.5e-07
67.9769999999996 -189.8 61
0 0

0101101
*
Ed
 1.5e-07 1 1 0
1  486 0 119.364690924285 123.364690924285
2  1202 83 0 119.364690924285 123.364690924285
2  1203 263 0 119.364690924285 123.364690924285
0

0101000
+1072 0 -1070 0 *
Ed
 1.5e-07 1 1 0
1  487 0 -36.5 -35.5
2  1204 83 0 -36.5 -35.5
2  1205 72 0 -36.5 -35.5
0

0101000
+1070 0 -2120 0 *
Ed
 1e-07 1 1 0
1  488 0 61 69
2  1206 82 0 61 69
2  1207 83 0 61 69
0

0101000
+2130 0 -2032 0 *
Wi

0101100
-2111 0 +1071 0 -1069 0 -1068 0 -2119 0 +1103 0 -1081 0 -1075 0 -2127 0 -1067 0 
+2027 0 +1123 0 *
Fa
0  1e-07 83 0

0101000
+1066 0 *
Ve
1.50000014210855e-07
63.9769999999996 -70.8000000000001 61
0 0

0101101
*
Ed
 1e-07 1 1 0
1  489 0 19.7 138.7
2  1208 70 0 19.7 138.7
2  1209 263 0 19.7 138.7
0

0101000
+1072 0 -1064 0 *
Ve
1.50000014210855e-07
67.9769999999996 -70.8000000000001 61
0 0

0101101
*
Ed
 1.5e-07 1 1 0
1  490 0 187.4885 191.4885
2  1210 65 0 187.4885 191.4885
2  1211 263 0 187.4885 191.4885
0

0101000
+1064 0 -1062 0 *
Ed
 1e-07 1 1 0
1  491 0 19.7 138.7
2  1212 72 0 19.7 138.7
2  1213 263 0 19.7 138.7
0

0101000
+1070 0 -1062 0 *
Wi

0101100
-1063 0 -1061 0 +1060 0 +1069 0 *
Fa
0  1e-07 263 0

0101000
+1059 0 *
Ed
 1e-07 1 1 0
1  492 0 61 69
2  1214 81 0 61 69
4 G1 82 0 81 0
2  1215 82 0 61 69
0

0101000
+2132 0 -2036 0 *
Wi

0101100
-2129 0 -1057 0 +2031 0 +1067 0 *
Fa
0  1e-07 82 0

0101000
+1056 0 *
Ed
 1e-07 1 1 0
1  493 0 -69 -61
2  1216 81 0 -69 -61
2  1217 80 0 -69 -61
0

0101000
+2037 0 -2134 0 *
Wi

0101100
+1054 0 -2035 0 +1057 0 +2131 0 *
Fa
0  1e-07 81 0

0101000
+1053 0 *
Ed
 1e-07 1 1 0
1  494 0 8 16
2  1218 79 0 8 16
2  1219 80 0 8 16
0

0101000
+2138 0 -2034 0 *
Ed
 1e-07 1 1 0
1  495 0 0 8
3  1220 1221CN 80 0 0 8
0

0101000
+1518 0 -2136 0 *
Wi

0101100
-2135 0 -1051 0 -2033 0 -1054 0 -2133 0 +1050 0 +1517 0 -1050 0 *
Fa
0  1e-07 80 0

0101000
+1049 0 *
Ed
 1e-07 1 1 0
1  496 0 8 16
2  1222 79 0 8 16
2  1223 78 0 8 16
0

0101000
+2140 0 -2030 0 *
Wi

0101100
-2137 0 -1051 0 +2029 0 +1047 0 *
Fa
0  1e-07 79 0

0101000
+1046 0 *
Ed
 1e-07 1 1 0
1  497 0 8 16
2  1224 65 0 8 16
2  1225 78 0 8 16
0

0101000
+2144 0 -2026 0 *
Ed
 1e-07 1 1 0
1  498 0 0 8
3  1226 1227CN 78 0 0 8
0

0101000
+1758 0 -2142 0 *
Wi

0101100
-2141 0 -1044 0 -2025 0 +1047 0 -2139 0 +1043 0 +1757 0 -1043 0 *
Fa
0  1e-07 78 0

0101000
+1042 0 *
Ed
 1e-07 1 1 0
1  499 0 55.5 63.5
2  1228 65 0 55.5 63.5
2  1229 77 0 55.5 63.5
0

0101000
+2146 0 -2022 0 *
Wi

0101100
+1040 0 -2143 0 -1044 0 +2021 0 *
Fa
0  1e-07 65 0

0101000
+1039 0 *
Ed
 1e-07 1 1 0
1  500 0 55.5 63.5
2  1230 65 0 55.5 63.5
2  1231 77 0 55.5 63.5
0

0101000
+2148 0 -2019 0 *
Wi

0101100
-2018 0 +1037 0 +2145 0 -1040 0 *
Fa
0  1e-07 77 0

0101000
+1036 0 *
Ed
 1e-07 1 1 0
1  501 0 55.5 63.5
2  1232 65 0 55.5 63.5
2  1233 76 0 55.5 63.5
0

0101000
+2150 0 -2017 0 *
Wi

0101100
+1034 0 -2147 0 -1037 0 +2016 0 *
Fa
0  1e-07 65 0

0101000
+1033 0 *
Ed
 1e-07 1 1 0
1  502 0 55.5 63.5
2  1234 65 0 55.5 63.5
2  1235 76 0 55.5 63.5
0

0101000
+2152 0 -2013 0 *
Wi

0101100
-2012 0 +1031 0 +2149 0 -1034 0 *
Fa
0  1e-07 76 0

0101000
+1030 0 *
Ve
1.00000184741111e-07
163.977 -92.3646562477763 50
0 0

0101101
*
Ve
1.00000184741111e-07
163.977 -92.3646562477763 61
0 0

0101101
*
Ed
 1e-07 1 1 0
1  503 0 45.5 56.5
2  1236 75 0 45.5 56.5
2  1237 264 0 45.5 56.5
0

0101000
+1028 0 -1027 0 *
Ve
1.5e-07
163.977 -70.8000000000001 61
0 0

0101101
*
Ed
 1e-07 1 1 0
1  481 0 117.135343752224 138.7
2  1192 75 0 117.135343752224 138.7
2  1193 260 0 117.135343752224 138.7
0

0101000
+1027 0 -1025 0 *
Ed
 1.5e-07 1 1 0
1  504 0 -36.5 -35.5
2  1238 65 0 -36.5 -35.5
2  1239 75 0 -36.5 -35.5
0

0101000
+1025 0 -2154 0 *
Ve
1e-07
163.977 -54.5 50
0 0

0101101
*
Ed
 1e-07 1 1 0
1  505 0 0 10
2  1240 75 0 0 10
2  1241 74 0 0 10
0

0101000
+1022 0 -2156 0 *
Ed
 1e-07 1 1 0
1  477 0 117.135343752224 155
2  1184 75 0 117.135343752224 155
2  1185 262 0 117.135343752224 155
0

0101000
+1028 0 -1022 0 *
Wi

0101100
-1026 0 -1024 0 -1023 0 +2153 0 +1021 0 +1020 0 *
Fa
0  1e-07 75 0

0101000
+1019 0 *
Ve
1.0000024158453e-07
159.977 -96.861406722191 50
0 0

0101101
*
Ve
1e-07
159.977 -54.5 50
0 0

0101101
*
Ed
 1e-07 1 1 0
1  475 0 112.638593277809 155
2  1180 73 0 112.638593277809 155
2  1181 262 0 112.638593277809 155
0

0101000
+1017 0 -1016 0 *
Ed
 1e-07 1 1 0
1  506 0 0 4
2  1242 74 0 0 4
2  1243 262 0 0 4
0

0101000
-1022 0 +1016 0 *
Ed
 1e-07 1 1 0
1  507 0 2.26580758795982 2.56337561180412
2  1244 262 0 2.26580758795982 2.56337561180412
2  1245 264 0 2.26580758795982 2.56337561180412
0

0101000
+1028 0 -1017 0 *
Wi

0101100
-1015 0 -1014 0 +1020 0 -1013 0 *
Fa
0  1e-07 262 0

0101000
+1012 0 *
Ve
1.0000024158453e-07
159.977 -96.861406722191 61
0 0

0101101
*
Ve
1.5e-07
159.977 -70.8000000000001 61
0 0

0101101
*
Ed
 1e-07 1 1 0
1  473 0 112.638593277809 138.7
2  1176 73 0 112.638593277809 138.7
2  1177 260 0 112.638593277809 138.7
0

0101000
+1010 0 -1009 0 *
Ed
 1.5e-07 1 1 0
1  508 0 235.4885 239.4885
2  1246 65 0 235.4885 239.4885
2  1247 260 0 235.4885 239.4885
0

0101000
+1009 0 -1025 0 *
Ed
 1e-07 1 1 0
1  509 0 2.26580758795982 2.56337561180412
2  1248 260 0 2.26580758795982 2.56337561180412
2  1249 264 0 2.26580758795982 2.56337561180412
0

0101000
+1027 0 -1010 0 *
Wi

0101100
-1008 0 -1007 0 +1024 0 -1006 0 *
Fa
0  1e-07 260 0

0101000
+1005 0 *
Ed
 1e-07 1 1 0
1  510 0 45.5 56.5
2  1250 73 0 45.5 56.5
2  1251 264 0 45.5 56.5
0

0101000
+1017 0 -1010 0 *
Wi

0101100
-1026 0 -1006 0 +1003 0 +1013 0 *
Fa
0  1e-07 264 0

0101000
+1002 0 *
Ed
 1e-07 1 1 0
1  511 0 0 10
2  1252 73 0 0 10
2  1253 74 0 0 10
0

0101000
+1016 0 -2158 0 *
Wi

0101100
-1021 0 +2155 0 +1000 0 -1014 0 *
Fa
0  1e-07 74 0

0101000
+999 0 *
Ed
 1.5e-07 1 1 0
1  512 0 -36.5 -35.5
2  1254 65 0 -36.5 -35.5
2  1255 73 0 -36.5 -35.5
0

0101000
+1009 0 -2160 0 *
Wi

0101100
-1003 0 -1008 0 -997 0 +2157 0 +1000 0 +1015 0 *
Fa
0  1e-07 73 0

0101000
+996 0 *
Ed
 1.5e-07 1 1 0
1  513 0 -36.5 -35.5
2  1256 65 0 -36.5 -35.5
2  1257 72 0 -36.5 -35.5
0

0101000
+1062 0 -2162 0 *
Ed
 1e-07 1 1 0
1  514 0 0 10
2  1258 72 0 0 10
2  1259 71 0 0 10
0

0101000
+1111 0 -2164 0 *
Wi

0101100
-1119 0 +2117 0 +1068 0 -1060 0 -994 0 +2161 0 +993 0 +1109 0 *
Fa
0  1e-07 72 0

0101000
+992 0 *
Ed
 1e-07 1 1 0
1  515 0 0 10
2  1260 70 0 0 10
2  1261 71 0 0 10
0

0101000
+1113 0 -2166 0 *
Wi

0101100
-993 0 +2163 0 +990 0 -1110 0 *
Fa
0  1e-07 71 0

0101000
+989 0 *
Ed
 1.5e-07 1 1 0
1  516 0 -36.5 -35.5
2  1262 65 0 -36.5 -35.5
2  1263 70 0 -36.5 -35.5
0

0101000
+1064 0 -2168 0 *
Wi

0101100
-1117 0 +2113 0 +1071 0 -1063 0 -987 0 +2165 0 +990 0 +1112 0 *
Fa
0  1e-07 70 0

0101000
+986 0 *
Ed
 1e-07 1 1 0
1  517 0 8 16
2  1264 65 0 8 16
2  1265 69 0 8 16
0

0101000
+2170 0 -2009 0 *
Wi

0101100
-2167 0 +987 0 -1061 0 -994 0 -2159 0 +997 0 -1007 0 -1023 0 -2151 0 -1031 0 
+2008 0 +984 0 *
Fa
0  1e-07 65 0

0101000
+983 0 *
Ed
 1e-07 1 1 0
1  518 0 0 16
3  1266 1267CN 69 0 0 16
0

0101000
-2005 0 +1838 0 *
Ed
 1e-07 1 1 0
1  519 0 8 16
2  1268 65 0 8 16
2  1269 69 0 8 16
0

0101000
+2172 0 -2001 0 *
Wi

0101100
+981 0 +1837 0 -981 0 -2004 0 +984 0 -2169 0 -980 0 -2000 0 *
Fa
0  1e-07 69 0

0101000
+979 0 *
Ed
 1e-07 1 1 0
1  520 0 55.5 63.5
2  1270 65 0 55.5 63.5
2  1271 68 0 55.5 63.5
0

0101000
+2174 0 -1997 0 *
Wi

0101100
+977 0 -2171 0 -980 0 +1996 0 *
Fa
0  1e-07 65 0

0101000
+976 0 *
Ed
 1e-07 1 1 0
1  521 0 55.5 63.5
2  1272 65 0 55.5 63.5
2  1273 68 0 55.5 63.5
0

0101000
+2176 0 -1993 0 *
Wi

0101100
-1992 0 +974 0 +2173 0 -977 0 *
Fa
0  1e-07 68 0

0101000
+973 0 *
Ve
1.00000369482223e-07
-195.412 -89.962401639239 50
0 0

0101101
*
Ve
1.00000369482223e-07
-195.412 -89.962401639239 61
0 0

0101101
*
Ed
 1e-07 1 1 0
1  522 0 45.5 56.5
2  1274 53 0 45.5 56.5
2  1275 265 0 45.5 56.5
0

0101000
+971 0 -970 0 *
Ve
1.5e-07
-195.412 -70.8000000000002 61
0 0

0101101
*
Ed
 1e-07 1 1 0
1  523 0 119.537598360761 138.7
2  1276 53 0 119.537598360761 138.7
2  1277 266 0 119.537598360761 138.7
0

0101000
+970 0 -968 0 *
Ed
 1.5e-07 1 1 0
1  524 0 -36.5 -35.5
2  1278 65 0 -36.5 -35.5
2  1279 53 0 -36.5 -35.5
0

0101000
+968 0 -2178 0 *
Ve
1e-07
-195.412 -54.5 50
0 0

0101101
*
Ed
 1e-07 1 1 0
1  525 0 0 10
2  1280 53 0 0 10
2  1281 67 0 0 10
0

0101000
+965 0 -2180 0 *
Ed
 1e-07 1 1 0
1  526 0 119.537598360761 155
2  1282 53 0 119.537598360761 155
2  1283 267 0 119.537598360761 155
0

0101000
+971 0 -965 0 *
Wi

0101100
-969 0 -967 0 -966 0 +2177 0 +964 0 +963 0 *
Fa
0  1e-07 53 0

0101000
+962 0 *
Ve
1.00001321609489e-07
-199.412 -98.9789322698559 50
0 0

0101101
*
Ve
1e-07
-199.412 -54.5 50
0 0

0101101
*
Ed
 1e-07 1 1 0
1  527 0 110.521067730144 155
2  1284 55 0 110.521067730144 155
2  1285 267 0 110.521067730144 155
0

0101000
+960 0 -959 0 *
Ed
 1e-07 1 1 0
1  528 0 0 4
2  1286 67 0 0 4
2  1287 267 0 0 4
0

0101000
-965 0 +959 0 *
Ed
 1e-07 1 1 0
1  529 0 2.47863816570163 2.96945974522368
2  1288 267 0 2.47863816570163 2.96945974522368
2  1289 265 0 2.47863816570163 2.96945974522368
0

0101000
+971 0 -960 0 *
Wi

0101100
-958 0 -957 0 +963 0 -956 0 *
Fa
0  1e-07 267 0

0101000
+955 0 *
Ve
1.00001321609489e-07
-199.412 -98.9789322698559 61
0 0

0101101
*
Ve
1.5e-07
-199.412 -70.8000000000002 61
0 0

0101101
*
Ed
 1e-07 1 1 0
1  530 0 110.521067730144 138.7
2  1290 55 0 110.521067730144 138.7
2  1291 266 0 110.521067730144 138.7
0

0101000
+953 0 -952 0 *
Ed
 1.5e-07 1 1 0
1  531 0 55.7939999999998 59.7939999999998
2  1292 65 0 55.7939999999998 59.7939999999998
2  1293 266 0 55.7939999999998 59.7939999999998
0

0101000
+952 0 -968 0 *
Ed
 1e-07 1 1 0
1  532 0 2.47863816570163 2.96945974522368
2  1294 266 0 2.47863816570163 2.96945974522368
2  1295 265 0 2.47863816570163 2.96945974522368
0

0101000
+970 0 -953 0 *
Wi

0101100
-951 0 -950 0 +967 0 -949 0 *
Fa
0  1e-07 266 0

0101000
+948 0 *
Ed
 1e-07 1 1 0
1  533 0 45.5 56.5
2  1296 55 0 45.5 56.5
2  1297 265 0 45.5 56.5
0

0101000
+960 0 -953 0 *
Wi

0101100
-969 0 -949 0 +946 0 +956 0 *
Fa
0  1e-07 265 0

0101000
+945 0 *
Ed
 1e-07 1 1 0
1  534 0 0 10
2  1298 55 0 0 10
2  1299 67 0 0 10
0

0101000
+959 0 -2182 0 *
Wi

0101100
-964 0 +2179 0 +943 0 -957 0 *
Fa
0  1e-07 67 0

0101000
+942 0 *
Ed
 1.5e-07 1 1 0
1  535 0 -36.5 -35.5
2  1300 65 0 -36.5 -35.5
2  1301 55 0 -36.5 -35.5
0

0101000
+952 0 -2184 0 *
Wi

0101100
-946 0 -951 0 -940 0 +2181 0 +943 0 +958 0 *
Fa
0  1e-07 55 0

0101000
+939 0 *
Ve
1e-07
-291.412 -54.5 50
0 0

0101101
*
Ed
 1e-07 1 1 0
1  536 0 0 10
2  1302 59 0 0 10
2  1303 66 0 0 10
0

0101000
+937 0 -2188 0 *
Ve
1e-07
-295.412 -54.5 50
0 0

0101101
*
Ed
 1e-07 1 1 0
1  537 0 0 10
2  1304 61 0 0 10
2  1305 66 0 0 10
0

0101000
+935 0 -2190 0 *
Ed
 1e-07 1 1 0
1  538 0 0 4
2  1306 66 0 0 4
2  1307 268 0 0 4
0

0101000
-937 0 +935 0 *
Wi

0101100
-936 0 +2187 0 +934 0 -933 0 *
Fa
0  1e-07 66 0

0101000
+932 0 *
Ve
1e-07
-295.412 -209.5 50
0 0

0101101
*
Ed
 1e-07 1 1 0
1  539 0 0 155
2  1308 61 0 0 155
2  1309 268 0 0 155
0

0101000
-935 0 +930 0 *
Ve
1e-07
-291.412 -209.5 50
0 0

0101101
*
Ed
 1e-07 1 1 0
1  540 0 0 155
2  1310 59 0 0 155
2  1311 268 0 0 155
0

0101000
-937 0 +928 0 *
Ed
 1e-07 1 1 0
1  541 0 0 4
2  1312 60 0 0 4
2  1313 268 0 0 4
0

0101000
-928 0 +930 0 *
Wi

0101100
-929 0 -933 0 +927 0 +926 0 *
Fa
0  1e-07 268 0

0101000
+925 0 *
Ve
1.50000014210855e-07
-295.412 -70.8000000000002 61
0 0

0101101
*
Ed
 1.5e-07 1 1 0
1  542 0 -36.5 -35.5
2  1314 65 0 -36.5 -35.5
2  1315 61 0 -36.5 -35.5
0

0101000
+923 0 -2192 0 *
Ve
1.50000014210855e-07
-291.412 -70.8000000000002 61
0 0

0101101
*
Ed
 1.5e-07 1 1 0
1  543 0 7.79399999999976 11.7939999999998
2  1316 65 0 7.79399999999976 11.7939999999998
2  1317 269 0 7.79399999999976 11.7939999999998
0

0101000
+923 0 -921 0 *
Ed
 1.5e-07 1 1 0
1  544 0 -36.5 -35.5
2  1318 65 0 -36.5 -35.5
2  1319 59 0 -36.5 -35.5
0

0101000
+921 0 -2186 0 *
Ed
 1e-07 1 1 0
1  545 0 8 16
2  1320 65 0 8 16
2  1321 64 0 8 16
0

0101000
+2194 0 -1989 0 *
Wi

0101100
-2191 0 +922 0 -920 0 -919 0 -2183 0 +940 0 -950 0 -966 0 -2175 0 -974 0 
+1988 0 +918 0 *
Fa
0  1e-07 65 0

0101000
+917 0 *
Ve
1.0000051159077e-07
-295.412 -176.791824852247 61
0 0

0101101
*
Ed
 1e-07 1 1 0
1  546 0 32.7081751477531 138.7
2  1322 61 0 32.7081751477531 138.7
2  1323 269 0 32.7081751477531 138.7
0

0101000
+915 0 -923 0 *
Ve
1.00000113686838e-07
-291.412 -178.038382529389 61
0 0

0101101
*
Ed
 1e-07 1 1 0
1  547 0 31.4616174706112 138.7
2  1324 59 0 31.4616174706112 138.7
2  1325 269 0 31.4616174706112 138.7
0

0101000
+913 0 -921 0 *
Ed
 1e-07 1 1 0
1  548 0 1.78900385009976 1.95679012310331
2  1326 58 0 1.78900385009976 1.95679012310331
2  1327 269 0 1.78900385009976 1.95679012310331
0

0101000
+913 0 -915 0 *
Wi

0101100
-914 0 -920 0 +912 0 -911 0 *
Fa
0  1e-07 269 0

0101000
+910 0 *
Ed
 1e-07 1 1 0
1  549 0 0 16
3  1328 1329CN 64 0 0 16
0

0101000
-1985 0 +1918 0 *
Ed
 1e-07 1 1 0
1  550 0 8 16
2  1330 63 0 8 16
2  1331 64 0 8 16
0

0101000
+2196 0 -1987 0 *
Wi

0101100
+908 0 +1917 0 -908 0 -1984 0 +918 0 -2193 0 -907 0 -1983 0 *
Fa
0  1e-07 64 0

0101000
+906 0 *
Ed
 1e-07 1 1 0
1  551 0 8 16
2  1332 63 0 8 16
2  1333 62 0 8 16
0

0101000
+2198 0 -1991 0 *
Wi

0101100
-2195 0 -904 0 +1986 0 +907 0 *
Fa
0  1e-07 63 0

0101000
+903 0 *
Ed
 1e-07 1 1 0
1  552 0 0 16
3  1334 1335CN 62 0 0 16
0

0101000
-1995 0 +1678 0 *
Ed
 1e-07 1 1 0
1  553 0 -69 -61
2  1336 58 0 -69 -61
2  1337 62 0 -69 -61
0

0101000
+1999 0 -2200 0 *
Wi

0101100
+901 0 +1677 0 -901 0 -1990 0 +904 0 -2197 0 +900 0 -1994 0 *
Fa
0  1e-07 62 0

0101000
+899 0 *
Ed
 1e-07 1 1 0
1  554 0 0 10
2  1338 61 0 0 10
2  1339 60 0 0 10
0

0101000
+930 0 -2204 0 *
Ed
 1e-07 1 1 0
1  555 0 -62 -61
2  1340 58 0 -62 -61
2  1341 61 0 -62 -61
0

0101000
+915 0 -2202 0 *
Wi

0101100
-897 0 +2201 0 +896 0 -914 0 -922 0 +2189 0 +934 0 +929 0 *
Fa
0  1e-07 61 0

0101000
+895 0 *
Ed
 1e-07 1 1 0
1  556 0 0 10
2  1342 59 0 0 10
2  1343 60 0 0 10
0

0101000
+928 0 -2206 0 *
Wi

0101100
-893 0 +2203 0 +897 0 -926 0 *
Fa
0  1e-07 60 0

0101000
+892 0 *
Ed
 1e-07 1 1 0
1  557 0 -62 -61
2  1344 58 0 -62 -61
2  1345 59 0 -62 -61
0

0101000
+913 0 -2208 0 *
Wi

0101100
-893 0 +2205 0 +890 0 -912 0 -919 0 +2185 0 +936 0 +927 0 *
Fa
0  1e-07 59 0

0101000
+889 0 *
Ed
 1e-07 1 1 0
1  558 0 61 69
2  1346 58 0 61 69
4 G1 51 0 58 0
2  1347 51 0 61 69
0

0101000
+2210 0 -2003 0 *
Wi

0101100
-887 0 -1998 0 -900 0 +2199 0 +896 0 +911 0 -890 0 +2207 0 *
Fa
0  1e-07 58 0

0101000
+886 0 *
Ed
 1.5e-07 1 1 0
1  559 0 58.25 66.25
2  1348 51 0 58.25 66.25
2  1349 57 0 58.25 66.25
0

0101000
+2212 0 -2007 0 *
Wi

0101100
+884 0 -2209 0 -887 0 +2002 0 *
Fa
0  1e-07 51 0

0101000
+883 0 *
Ed
 1e-07 1 1 0
1  560 0 55.5 63.5
2  1350 57 0 55.5 63.5
2  1351 56 0 55.5 63.5
0

0101000
+2214 0 -2011 0 *
Wi

0101100
-881 0 -2006 0 +884 0 -2211 0 *
Fa
0  1e-07 57 0

0101000
+880 0 *
Ed
 1.5e-07 1 1 0
1  561 0 -66.25 -58.25
2  1352 51 0 -66.25 -58.25
2  1353 56 0 -66.25 -58.25
0

0101000
+2015 0 -2216 0 *
Wi

0101100
-2213 0 +878 0 +2010 0 +881 0 *
Fa
0  1e-07 56 0

0101000
+877 0 *
Ve
1e-07
-199.412 -209.5 50
0 0

0101101
*
Ed
 1e-07 1 1 0
1  562 0 0 10
2  1354 55 0 0 10
2  1355 54 0 0 10
0

0101000
+875 0 -2220 0 *
Ve
1.5e-07
-199.412 -187.351527275745 61
0 0

0101101
*
Ed
 1.5e-07 1 1 0
1  563 0 35.5 36.5
2  1356 51 0 35.5 36.5
2  1357 55 0 35.5 36.5
0

0101000
+2218 0 -873 0 *
Ve
1.00000397903932e-07
-199.412 -156.547343752223 61
0 0

0101101
*
Ed
 1e-07 1 1 0
1  530 0 22.1484727242554 52.9526562477768
2  1290 55 0 22.1484727242554 52.9526562477768
2  1291 266 0 22.1484727242554 52.9526562477768
0

0101000
+873 0 -871 0 *
Ve
1.00000397903932e-07
-199.412 -156.547343752223 50
0 0

0101101
*
Ed
 1e-07 1 1 0
1  564 0 45.5 56.5
2  1358 55 0 45.5 56.5
2  1359 270 0 45.5 56.5
0

0101000
+869 0 -871 0 *
Ed
 1e-07 1 1 0
1  527 0 0 52.9526562477768
2  1284 55 0 0 52.9526562477768
2  1285 267 0 0 52.9526562477768
0

0101000
+875 0 -869 0 *
Wi

0101100
-874 0 +2217 0 -872 0 -870 0 +868 0 +867 0 *
Fa
0  1e-07 55 0

0101000
+866 0 *
Ve
1.00000312638804e-07
-195.412 -159.151878654244 50
0 0

0101101
*
Ed
 1e-07 1 1 0
1  565 0 4.01737771921975 4.25305663587254
2  1360 267 0 4.01737771921975 4.25305663587254
2  1361 270 0 4.01737771921975 4.25305663587254
0

0101000
+869 0 -864 0 *
Ve
1e-07
-195.412 -209.5 50
0 0

0101101
*
Ed
 1e-07 1 1 0
1  526 0 0 50.3481213457555
2  1282 53 0 0 50.3481213457555
2  1283 267 0 0 50.3481213457555
0

0101000
+862 0 -864 0 *
Ed
 1e-07 1 1 0
1  566 0 0 4
2  1362 54 0 0 4
2  1363 267 0 0 4
0

0101000
-862 0 +875 0 *
Wi

0101100
-867 0 -863 0 +861 0 +860 0 *
Fa
0  1e-07 267 0

0101000
+859 0 *
Ve
1.00000312638804e-07
-195.412 -159.151878654244 61
0 0

0101101
*
Ed
 1e-07 1 1 0
1  567 0 4.01737771921975 4.25305663587254
2  1364 266 0 4.01737771921975 4.25305663587254
2  1365 270 0 4.01737771921975 4.25305663587254
0

0101000
+871 0 -857 0 *
Ed
 1e-07 1 1 0
1  568 0 45.5 56.5
2  1366 53 0 45.5 56.5
2  1367 270 0 45.5 56.5
0

0101000
+864 0 -857 0 *
Wi

0101100
-868 0 -856 0 +855 0 +863 0 *
Fa
0  1e-07 270 0

0101000
+854 0 *
Ve
1.5e-07
-195.412 -187.748690396312 61
0 0

0101101
*
Ed
 1e-07 1 1 0
1  523 0 21.751309603688 50.3481213457555
2  1276 53 0 21.751309603688 50.3481213457555
2  1277 266 0 21.751309603688 50.3481213457555
0

0101000
+852 0 -857 0 *
Ed
 1.5e-07 1 1 0
1  569 0 9.46495792235439 13.4846268819005
2  1368 51 0 9.46495792235439 13.4846268819005
2  1369 266 0 9.46495792235439 13.4846268819005
0

0101000
+852 0 -873 0 *
Wi

0101100
-870 0 -856 0 +851 0 -850 0 *
Fa
0  1e-07 266 0

0101000
+849 0 *
Ed
 1e-07 1 1 0
1  570 0 0 10
2  1370 53 0 0 10
2  1371 54 0 0 10
0

0101000
+862 0 -2222 0 *
Wi

0101100
-847 0 +2219 0 +874 0 -860 0 *
Fa
0  1e-07 54 0

0101000
+846 0 *
Ed
 1.5e-07 1 1 0
1  571 0 35.5 36.5
2  1372 51 0 35.5 36.5
2  1373 53 0 35.5 36.5
0

0101000
+2224 0 -852 0 *
Wi

0101100
-847 0 +2221 0 -844 0 -851 0 +855 0 +861 0 *
Fa
0  1e-07 53 0

0101000
+843 0 *
Wi

0101100
-2223 0 -844 0 -850 0 +872 0 -2215 0 +878 0 +2014 0 +2101 0 *
Fa
0  1e-07 51 0

0101000
+841 0 *
Ve
1.50000028421709e-07
364 -179.788204329753 4.5
0 0

0101101
*
Ve
1.00000284217094e-07
363.970613754042 -181 4.5
0 0

0101101
*
Ed
 1e-07 1 1 0
1  572 0 2.84217094304042e-15 0.0484908278110876
2  1374 8 0 2.84217094304042e-15 0.0484908278110876
2  1375 43 0 2.84217094304042e-15 0.0484908278110876
2  1376 9 0 2.84217094304042e-15 0.0484908278110876
2  1377 10 0 2.84217094304042e-15 0.0484908278110876
0

0101000
+839 0 -838 0 *
Ed
 1e-07 1 1 0
1  573 0 -55.5001 -9.99999999997669e-05
2  1378 43 0 -55.5001 -9.99999999997669e-05
2  1379 49 0 -55.5001 -9.99999999997669e-05
0

0101000
+2231 0 -838 0 *
Ed
 1e-07 1 1 0
1  574 0 9.99999999997669e-05 55.5001
2  1380 43 0 9.99999999997669e-05 55.5001
4 G1 50 0 43 0
2  1381 50 0 9.99999999997669e-05 55.5001
0

0101000
+839 0 -2229 0 *
Wi

0101100
-837 0 +836 0 +2227 0 +835 0 *
Fa
0  1e-07 43 0

0101000
+834 0 *
Ve
1.50000003552714e-07
364 -12 4.5
0 0

0101101
*
Ed
 1.5e-07 1 1 0
1  575 0 -48.2342729241841 119.553931405569
2  1382 8 0 -48.2342729241841 119.553931405569
2  1383 50 0 -48.2342729241841 119.553931405569
2  1384 9 0 -48.2342729241841 119.553931405569
2  1385 10 0 -48.2342729241841 119.553931405569
0

0101000
+832 0 -839 0 *
Ed
 1e-07 1 1 0
1  576 0 9.99999999997669e-05 55.5001
2  1386 48 0 9.99999999997669e-05 55.5001
4 G1 48 0 50 0
2  1387 50 0 9.99999999997669e-05 55.5001
0

0101000
+832 0 -2233 0 *
Wi

0101100
-831 0 -835 0 +2228 0 +830 0 *
Fa
0  1e-07 50 0

0101000
+829 0 *
Ve
1.00000342242702e-07
353.062257748298 -181 4.5
0 0

0101101
*
Ed
 1e-07 1 1 0
1  577 0 8.06225774829829 18.9706137540423
2  1388 49 0 8.06225774829829 18.9706137540423
2  1389 271 0 8.06225774829829 18.9706137540423
2  1390 9 0 8.06225774829829 18.9706137540423
2  1391 10 0 8.06225774829829 18.9706137540423
0

0101000
+827 0 -838 0 *
Ve
1.5e-07
345 -181 16.5
0 0

0101101
*
Ed
 1e-07 1 1 0
1  578 0 12 55.5
2  1392 47 0 12 55.5
2  1393 49 0 12 55.5
0

0101000
+825 0 -2235 0 *
Ve
1.5e-07
353.062257748299 -181 16.5
0 0

0101101
*
Ed
 1.5e-07 1 1 0
1  579 0 -8.06225774829852 0
2  1394 272 0 -8.06225774829852 0
2  1395 49 0 -8.06225774829852 0
0

0101000
+823 0 -825 0 *
Ed
 1e-07 1 1 0
1  580 0 0 12
2  1396 273 0 0 12
2  1397 49 0 0 12
0

0101000
+827 0 -823 0 *
Wi

0101100
-826 0 +836 0 +2230 0 +824 0 +822 0 +821 0 *
Fa
0  1e-07 49 0

0101000
+820 0 *
Ve
1.5e-07
353.062257748299 -189 16.5
0 0

0101101
*
Ed
 1e-07 1 1 0
1  581 0 0.460553991681324 5.82263131549826
2  1398 273 0 0.460553991681324 5.82263131549826
2  1399 272 0 0.460553991681324 5.82263131549826
0

0101000
+823 0 -818 0 *
Ve
1.00000342242702e-07
353.062257748298 -189 4.5
0 0

0101101
*
Ed
 1e-07 1 1 0
1  582 0 0 12
2  1400 273 0 0 12
2  1401 45 0 0 12
0

0101000
+816 0 -818 0 *
Ed
 1e-07 1 1 0
1  583 0 0.46055399168136 5.82263131549823
2  1402 273 0 0.46055399168136 5.82263131549823
2  1403 274 0 0.46055399168136 5.82263131549823
2  1404 9 0 0.46055399168136 5.82263131549823
2  1405 10 0 0.46055399168136 5.82263131549823
0

0101000
+827 0 -816 0 *
Wi

0101100
-817 0 +815 0 +814 0 -821 0 *
Fa
0  1e-07 273 0

0101000
+813 0 *
Ve
1.5e-07
345 -181.3 16.5
0 0

0101101
*
Ed
 1.5e-07 1 1 0
1  584 0 5.69999999999999 6
2  1406 272 0 5.69999999999999 6
2  1407 47 0 5.69999999999999 6
0

0101000
+811 0 -825 0 *
Ve
1.5e-07
342.863804003998 -181.3 16.5
0 0

0101101
*
Ed
 1.5e-07 1 1 0
1  585 0 -3.2042939940024 -1.06809799800078
2  1408 272 0 -3.2042939940024 -1.06809799800078
2  1409 275 0 -3.2042939940024 -1.06809799800078
0

0101000
+809 0 -811 0 *
Ve
1.50000028421709e-07
340.727608007997 -185 16.5
0 0

0101101
*
Ed
 1.5e-07 1 1 0
1  586 0 -3.20429399400245 1.06809799800079
2  1410 272 0 -3.20429399400245 1.06809799800079
2  1411 276 0 -3.20429399400245 1.06809799800079
0

0101000
+807 0 -809 0 *
Ve
1.5e-07
342.863804003998 -188.7 16.5
0 0

0101101
*
Ed
 1.5e-07 1 1 0
1  587 0 -3.20429399400239 1.06809799800084
2  1412 272 0 -3.20429399400239 1.06809799800084
2  1413 277 0 -3.20429399400239 1.06809799800084
0

0101000
+805 0 -807 0 *
Ve
1.5e-07
345 -188.7 16.5
0 0

0101101
*
Ed
 1.5e-07 1 1 0
1  588 0 -1.06809799800078 1.06809799800084
2  1414 272 0 -1.06809799800078 1.06809799800084
2  1415 278 0 -1.06809799800078 1.06809799800084
0

0101000
+803 0 -805 0 *
Ve
1.5e-07
345 -189 16.5
0 0

0101101
*
Ed
 1.5e-07 1 1 0
1  584 0 -2 -1.69999999999999
2  1406 272 0 -2 -1.69999999999999
2  1407 47 0 -2 -1.69999999999999
0

0101000
+801 0 -803 0 *
Ed
 1.5e-07 1 1 0
1  589 0 -8.06225774829852 0
2  1416 272 0 -8.06225774829852 0
2  1417 45 0 -8.06225774829852 0
0

0101000
+818 0 -801 0 *
Wi

0101100
-822 0 +810 0 +808 0 +806 0 +804 0 +802 0 +800 0 +799 0 +817 0 *
Fa
0  1e-07 272 0

0101000
+798 0 *
Ve
1e-07
342.863804003998 -188.7 13.1
0 0

0101101
*
Ve
1e-07
347.136195996002 -188.7 13.1
0 0

0101101
*
Ed
 1e-07 1 1 0
1  590 0 0 4.27239199200323
2  1418 279 0 0 4.27239199200323
2  1419 278 0 0 4.27239199200323
0

0101000
+796 0 -795 0 *
Ve
1e-07
347.136195996002 -188.7 17.5
0 0

0101101
*
Ed
 1e-07 1 1 0
1  591 0 0 4.4
2  1420 280 0 0 4.4
2  1421 278 0 0 4.4
0

0101000
+795 0 -793 0 *
Ve
1.5e-07
345 -188.7 17.5
0 0

0101101
*
Ed
 1e-07 1 1 0
1  592 0 2.13619599600162 4.27239199200323
2  1422 281 0 2.13619599600162 4.27239199200323
2  1423 278 0 2.13619599600162 4.27239199200323
0

0101000
+791 0 -793 0 *
Ed
 1.5e-07 1 1 0
1  593 0 7.7 8.7
2  1424 47 0 7.7 8.7
2  1425 278 0 7.7 8.7
0

0101000
+803 0 -791 0 *
Ed
 1e-07 1 1 0
1  594 0 0 3.4
2  1426 277 0 0 3.4
2  1427 278 0 0 3.4
0

0101000
+796 0 -805 0 *
Wi

0101100
-794 0 -792 0 +790 0 +789 0 -802 0 +788 0 *
Fa
0  1e-07 278 0

0101000
+787 0 *
Ve
1e-07
349.272391992003 -185 17.5
0 0

0101101
*
Ed
 1e-07 1 1 0
1  595 0 0 4.27239199200323
2  1428 280 0 0 4.27239199200323
2  1429 281 0 0 4.27239199200323
0

0101000
+793 0 -785 0 *
Ve
1e-07
347.136195996002 -181.3 17.5
0 0

0101101
*
Ed
 1e-07 1 1 0
1  596 0 0 4.27239199200323
2  1430 283 0 0 4.27239199200323
2  1431 281 0 0 4.27239199200323
0

0101000
+785 0 -783 0 *
Ve
1.5e-07
345 -181.3 17.5
0 0

0101101
*
Ed
 1e-07 1 1 0
1  597 0 0 2.13619599600162
2  1432 281 0 0 2.13619599600162
2  1433 275 0 0 2.13619599600162
0

0101000
+783 0 -781 0 *
Ed
 1e-07 1 1 0
1  598 0 0 7.39999999999998
0

0101000
+781 0 -791 0 *
Wi

0101100
+784 0 +782 0 +780 0 +779 0 +790 0 *
Fa
0  0 282 0

0101000
+778 0 *
Ve
1e-07
349.272391992003 -185 13.1
0 0

0101101
*
Ed
 1e-07 1 1 0
1  599 0 0 4.4
2  1434 283 0 0 4.4
2  1435 280 0 0 4.4
0

0101000
+776 0 -785 0 *
Ve
1e-07
347.136195996002 -181.3 13.1
0 0

0101101
*
Ed
 1e-07 1 1 0
1  600 0 0 4.4
2  1436 283 0 0 4.4
2  1437 275 0 0 4.4
0

0101000
+774 0 -783 0 *
Ed
 1e-07 1 1 0
1  601 0 0 4.27239199200323
2  1438 283 0 0 4.27239199200323
2  1439 279 0 0 4.27239199200323
0

0101000
+776 0 -774 0 *
Wi

0101100
+775 0 -773 0 -772 0 +782 0 *
Fa
0  1e-07 283 0

0101000
+771 0 *
Ed
 1e-07 1 1 0
1  602 0 0 4.27239199200323
2  1440 280 0 0 4.27239199200323
2  1441 279 0 0 4.27239199200323
0

0101000
+795 0 -776 0 *
Wi

0101100
+792 0 -775 0 -769 0 +784 0 *
Fa
0  1e-07 280 0

0101000
+768 0 *
Ve
1e-07
342.863804003998 -181.3 13.1
0 0

0101101
*
Ed
 1e-07 1 1 0
1  603 0 0 4.27239199200323
2  1442 279 0 0 4.27239199200323
2  1443 275 0 0 4.27239199200323
0

0101000
+774 0 -766 0 *
Ve
1e-07
340.727608007997 -185 13.1
0 0

0101101
*
Ed
 1e-07 1 1 0
1  604 0 0 4.27239199200323
2  1444 279 0 0 4.27239199200323
2  1445 276 0 0 4.27239199200323
0

0101000
+766 0 -764 0 *
Ed
 1e-07 1 1 0
1  605 0 0 4.27239199200323
2  1446 279 0 0 4.27239199200323
2  1447 277 0 0 4.27239199200323
0

0101000
+764 0 -796 0 *
Wi

0101100
+772 0 +769 0 +765 0 +794 0 +763 0 +762 0 *
Ve
1e-07
347.25 -185 13.1
0 0

0101101
*
Ed
 1e-07 1 1 0
1  606 0 0 6.28318530717959
2  1448 284 0 0 6.28318530717959
2  1449 279 0 0 6.28318530717959
0

0101100
+760 0 -760 0 *
Wi

0101100
-759 0 *
Fa
0  1e-07 279 0

0101000
+761 0 +758 0 *
Ve
1e-07
347.25 -185 4.5
0 0

0101101
*
Ed
 1e-07 1 1 0
1  607 0 0 6.28318530717959
2  1450 9 0 0 6.28318530717959
2  1451 284 0 0 6.28318530717959
0

0101100
+756 0 -756 0 *
Ed
 1e-07 1 1 0
1  608 0 1 9.6
3  1452 1453CN 284 0 1 9.6
0

0101000
+756 0 -760 0 *
Wi

0101100
+755 0 -754 0 -759 0 +754 0 *
Fa
0  1e-07 284 0

0101000
+753 0 *
Ed
 1e-07 1 1 0
1  609 0 0 3.4
2  1454 276 0 0 3.4
2  1455 277 0 0 3.4
0

0101000
+764 0 -807 0 *
Wi

0101100
-762 0 -788 0 -804 0 +751 0 *
Fa
0  1e-07 277 0

0101000
+750 0 *
Ed
 1e-07 1 1 0
1  610 0 0 3.4
2  1456 276 0 0 3.4
2  1457 275 0 0 3.4
0

0101000
+766 0 -809 0 *
Wi

0101100
-763 0 -751 0 -806 0 +748 0 *
Fa
0  1e-07 276 0

0101000
+747 0 *
Ed
 1.5e-07 1 1 0
1  611 0 -8.7 -7.7
2  1458 47 0 -8.7 -7.7
2  1459 275 0 -8.7 -7.7
0

0101000
+781 0 -811 0 *
Wi

0101100
-765 0 -748 0 -808 0 +745 0 +780 0 +773 0 *
Fa
0  1e-07 275 0

0101000
+744 0 *
Ve
1.50000056843419e-07
357 -5 4.5
0 0

0101101
*
Ed
 1e-07 1 1 0
1  612 0 4.73695157173401e-15 1.5707963267949
2  1460 8 0 4.73695157173401e-15 1.5707963267949
2  1461 48 0 4.73695157173401e-15 1.5707963267949
2  1462 9 0 4.73695157173401e-15 1.5707963267949
2  1463 10 0 4.73695157173401e-15 1.5707963267949
0

0101000
+742 0 -832 0 *
Ed
 1e-07 1 1 0
1  613 0 9.99999999997669e-05 55.5001
2  1464 48 0 9.99999999997669e-05 55.5001
4 G1 7 0 48 0
2  1465 7 0 9.99999999997669e-05 55.5001
0

0101000
+742 0 -2237 0 *
Wi

0101100
-741 0 -830 0 +2232 0 +740 0 *
Fa
0  1e-07 48 0

0101000
+739 0 *
Ed
 1e-07 1 1 0
1  614 0 12 55.5
2  1466 47 0 12 55.5
2  1467 45 0 12 55.5
0

0101000
+801 0 -2239 0 *
Wi

0101100
-737 0 +800 0 +789 0 -779 0 +745 0 +810 0 +824 0 -2234 0 *
Fa
0  1e-07 47 0

0101000
+736 0 *
Ve
1.50000056843419e-07
344 -5 4.5
0 0

0101101
*
Ed
 1.5e-07 1 1 0
1  8 0 522.5 535.5
2  15 8 0 522.5 535.5
2  16 7 0 522.5 535.5
2  1468 9 0 522.5 535.5
2  1469 10 0 522.5 535.5
0

0101000
+734 0 -742 0 *
Ed
 1.5e-07 1 1 0
1  615 0 -55.50005 -4.99999999998835e-05
2  1470 7 0 -55.50005 -4.99999999998835e-05
2  1471 44 0 -55.50005 -4.99999999998835e-05
0

0101000
+2241 0 -734 0 *
Wi

0101100
-733 0 -740 0 +2236 0 -732 0 *
Fa
0  1e-07 7 0

0101000
+731 0 *
Ve
1.00000648114693e-07
362.240972882598 -188.999999999999 4.5
0 0

0101101
*
Ed
 1e-07 1 1 0
1  616 0 8.06225774829829 17.2409728825975
2  1472 45 0 8.06225774829829 17.2409728825975
2  1473 271 0 8.06225774829829 17.2409728825975
2  1474 9 0 8.06225774829829 17.2409728825975
2  1475 10 0 8.06225774829829 17.2409728825975
0

0101000
+816 0 -729 0 *
Ed
 1e-07 1 1 0
1  617 0 -55.5001 -9.99999999997669e-05
2  1476 43 0 -55.5001 -9.99999999997669e-05
2  1477 45 0 -55.5001 -9.99999999997669e-05
0

0101000
+2243 0 -729 0 *
Wi

0101100
-728 0 +727 0 +2238 0 +737 0 +799 0 +815 0 *
Fa
0  1e-07 45 0

0101000
+726 0 *
Ve
1.5e-07
344 -15 17.5
0 0

0101101
*
Ed
 1e-07 1 1 0
1  618 0 13 55.5
2  1478 44 0 13 55.5
2  1479 42 0 13 55.5
0

0101000
+724 0 -2245 0 *
Ve
1.00000075531729e-07
344 -6.9377422517014 4.5
0 0

0101101
*
Ed
 1e-07 1 1 0
1  619 0 8.0622577482986 10
2  1480 44 0 8.0622577482986 10
2  1481 285 0 8.0622577482986 10
2  1482 9 0 8.0622577482986 10
2  1483 10 0 8.0622577482986 10
0

0101000
+722 0 -734 0 *
Ve
1.5e-07
344 -6.93774225170145 16.5
0 0

0101101
*
Ed
 1e-07 1 1 0
1  620 0 0 12
2  1484 286 0 0 12
2  1485 44 0 0 12
2  1486 287 0 0 12
0

0101000
+722 0 -720 0 *
Ve
1.50000062045477e-07
344 -14.5282032302755 16.5
0 0

0101101
*
Ed
 1.5e-07 1 1 0
1  621 0 0.471796769724524 8.06225774829855
2  1487 288 0 0.471796769724524 8.06225774829855
2  1488 44 0 0.471796769724524 8.06225774829855
0

0101000
+718 0 -720 0 *
Ve
1.50000026645353e-07
344 -14.5282032302755 17.5
0 0

0101101
*
Ed
 1.5e-07 1 1 0
1  622 0 -8.7 -7.7
2  1489 44 0 -8.7 -7.7
2  1490 289 0 -8.7 -7.7
0

0101000
+716 0 -718 0 *
Ed
 1.5e-07 1 1 0
1  623 0 -0.471796769724529 0
2  1491 44 0 -0.471796769724529 0
2  1492 290 0 -0.471796769724529 0
0

0101000
+716 0 -724 0 *
Wi

0101100
-723 0 -2240 0 -732 0 +721 0 -719 0 +717 0 +715 0 -714 0 *
Fa
0  1e-07 44 0

0101000
+713 0 *
Ve
1e-07
342.136195996002 -11.3 17.5
0 0

0101101
*
Ed
 1e-07 1 1 0
1  624 0 0.544783984006497 4.27239199200323
2  1493 289 0 0.544783984006497 4.27239199200323
2  1494 290 0 0.544783984006497 4.27239199200323
0

0101000
+716 0 -711 0 *
Ve
1e-07
337.863804003998 -11.3 17.5
0 0

0101101
*
Ed
 1e-07 1 1 0
1  625 0 0 4.27239199200323
2  1495 290 0 0 4.27239199200323
2  1496 292 0 0 4.27239199200323
0

0101000
+711 0 -709 0 *
Ve
1.50000090594199e-07
336 -14.5282032302755 17.5
0 0

0101101
*
Ed
 1e-07 1 1 0
1  626 0 0 3.72760800799679
2  1497 290 0 0 3.72760800799679
2  1498 293 0 0 3.72760800799679
0

0101000
+709 0 -707 0 *
Ve
1.5e-07
336 -15 17.5
0 0

0101101
*
Ed
 1.5e-07 1 1 0
1  627 0 -0.471796769724468 0
2  1499 40 0 -0.471796769724468 0
2  1500 290 0 -0.471796769724468 0
0

0101000
+707 0 -705 0 *
Ed
 1e-07 1 1 0
1  628 0 0 8
0

0101000
+705 0 -724 0 *
Wi

0101100
-714 0 +710 0 +708 0 +706 0 +704 0 +703 0 *
Fa
0  0 291 0

0101000
+702 0 *
Ve
1e-07
337.863804003998 -11.3 13.1
0 0

0101101
*
Ve
1e-07
335.727608007997 -15 13.1
0 0

0101101
*
Ed
 1e-07 1 1 0
1  629 0 0 4.27239199200323
2  1501 293 0 0 4.27239199200323
2  1502 294 0 0 4.27239199200323
0

0101000
+700 0 -699 0 *
Ve
1.50000060108094e-07
335.727608007997 -15 16.5
0 0

0101101
*
Ed
 1e-07 1 1 0
1  630 0 0 3.4
2  1503 293 0 0 3.4
2  1504 295 0 0 3.4
0

0101000
+699 0 -697 0 *
Ve
1.5000003907985e-07
336 -14.5282032302755 16.5
0 0

0101101
*
Ed
 1.5e-07 1 1 0
1  631 0 -3.20429399400244 -2.65951000999595
2  1505 288 0 -3.20429399400244 -2.65951000999595
2  1506 293 0 -3.20429399400244 -2.65951000999595
0

0101000
+697 0 -695 0 *
Ed
 1.5e-07 1 1 0
1  632 0 -8.7 -7.7
2  1507 40 0 -8.7 -7.7
2  1508 293 0 -8.7 -7.7
0

0101000
+707 0 -695 0 *
Ed
 1e-07 1 1 0
1  633 0 0 4.4
2  1509 293 0 0 4.4
2  1510 292 0 0 4.4
0

0101000
+700 0 -709 0 *
Wi

0101100
-698 0 -696 0 -694 0 +693 0 +706 0 +692 0 *
Fa
0  1e-07 293 0

0101000
+691 0 *
Ve
1e-07
337.863804003998 -18.7 13.1
0 0

0101101
*
Ed
 1e-07 1 1 0
1  634 0 0 4.27239199200323
2  1511 295 0 0 4.27239199200323
2  1512 294 0 0 4.27239199200323
0

0101000
+699 0 -689 0 *
Ve
1.50000058592855e-07
337.863804003998 -18.7 16.5
0 0

0101101
*
Ed
 1e-07 1 1 0
1  635 0 0 3.4
2  1513 295 0 0 3.4
2  1514 296 0 0 3.4
0

0101000
+689 0 -687 0 *
Ed
 1.5e-07 1 1 0
1  636 0 -3.20429399400241 1.06809799800083
2  1515 288 0 -3.20429399400241 1.06809799800083
2  1516 295 0 -3.20429399400241 1.06809799800083
0

0101000
+687 0 -697 0 *
Wi

0101100
-688 0 -686 0 -685 0 +696 0 *
Fa
0  1e-07 295 0

0101000
+684 0 *
Ve
1e-07
342.136195996002 -18.7 13.1
0 0

0101101
*
Ed
 1e-07 1 1 0
1  637 0 0 4.27239199200323
2  1517 294 0 0 4.27239199200323
2  1518 296 0 0 4.27239199200323
0

0101000
+689 0 -682 0 *
Ve
1.50000003552714e-07
342.136195996002 -18.7 16.5
0 0

0101101
*
Ed
 1e-07 1 1 0
1  638 0 0 3.4
2  1519 297 0 0 3.4
2  1520 296 0 0 3.4
0

0101000
+682 0 -680 0 *
Ed
 1.5e-07 1 1 0
1  639 0 -3.2042939940024 1.06809799800084
2  1521 288 0 -3.2042939940024 1.06809799800084
2  1522 296 0 -3.2042939940024 1.06809799800084
0

0101000
+680 0 -687 0 *
Wi

0101100
-681 0 -679 0 -678 0 +686 0 *
Fa
0  1e-07 296 0

0101000
+677 0 *
Ve
1e-07
344.272391992003 -15 13.1
0 0

0101101
*
Ed
 1e-07 1 1 0
1  640 0 0 4.27239199200323
2  1523 297 0 0 4.27239199200323
2  1524 294 0 0 4.27239199200323
0

0101000
+682 0 -675 0 *
Ve
1.50000060108094e-07
344.272391992003 -15 16.5
0 0

0101101
*
Ed
 1e-07 1 1 0
1  641 0 0 3.4
2  1525 289 0 0 3.4
2  1526 297 0 0 3.4
0

0101000
+675 0 -673 0 *
Ed
 1.5e-07 1 1 0
1  642 0 -3.20429399400244 1.06809799800079
2  1527 288 0 -3.20429399400244 1.06809799800079
2  1528 297 0 -3.20429399400244 1.06809799800079
0

0101000
+673 0 -680 0 *
Wi

0101100
-674 0 -672 0 -671 0 +679 0 *
Fa
0  1e-07 297 0

0101000
+670 0 *
Ve
1e-07
342.136195996002 -11.3 13.1
0 0

0101101
*
Ed
 1e-07 1 1 0
1  643 0 0 4.27239199200323
2  1529 289 0 0 4.27239199200323
2  1530 294 0 0 4.27239199200323
0

0101000
+675 0 -668 0 *
Ed
 1e-07 1 1 0
1  644 0 0 4.27239199200323
2  1531 294 0 0 4.27239199200323
2  1532 292 0 0 4.27239199200323
0

0101000
+668 0 -700 0 *
Wi

0101100
+667 0 +674 0 +666 0 +681 0 +698 0 +688 0 *
Ve
1e-07
342.25 -15 13.1
0 0

0101101
*
Ed
 1e-07 1 1 0
1  645 0 0 6.28318530717959
2  1533 298 0 0 6.28318530717959
2  1534 294 0 0 6.28318530717959
0

0101100
+664 0 -664 0 *
Wi

0101100
-663 0 *
Fa
0  1e-07 294 0

0101000
+665 0 +662 0 *
Ve
1e-07
342.25 -15 4.5
0 0

0101101
*
Ed
 1e-07 1 1 0
1  646 0 1 9.6
3  1535 1536CN 298 0 1 9.6
0

0101000
+660 0 -664 0 *
Ed
 1e-07 1 1 0
1  647 0 0 6.28318530717959
2  1537 9 0 0 6.28318530717959
2  1538 298 0 0 6.28318530717959
0

0101100
+660 0 -660 0 *
Wi

0101100
-663 0 +659 0 +658 0 -659 0 *
Fa
0  1e-07 298 0

0101000
+657 0 *
Ed
 1e-07 1 1 0
1  648 0 0 4.4
2  1539 289 0 0 4.4
2  1540 292 0 0 4.4
0

0101000
+668 0 -711 0 *
Wi

0101100
+655 0 -692 0 -666 0 +708 0 *
Fa
0  1e-07 292 0

0101000
+654 0 *
Ed
 1.5e-07 1 1 0
1  649 0 0.523314013994335 1.06809799800083
2  1541 288 0 0.523314013994335 1.06809799800083
2  1542 289 0 0.523314013994335 1.06809799800083
0

0101000
+718 0 -673 0 *
Wi

0101100
-667 0 -655 0 +710 0 -715 0 -652 0 +672 0 *
Fa
0  1e-07 289 0

0101000
+651 0 *
Ve
1.5e-07
336 -6.93774225170145 16.5
0 0

0101101
*
Ed
 1e-07 1 1 0
1  650 0 0 5.36207732381694
2  1543 287 0 0 5.36207732381694
2  1544 288 0 0 5.36207732381694
0

0101000
+720 0 -649 0 *
Ed
 1.5e-07 1 1 0
1  651 0 0.47179676972452 8.06225774829855
2  1545 288 0 0.47179676972452 8.06225774829855
2  1546 40 0 0.47179676972452 8.06225774829855
0

0101000
+695 0 -649 0 *
Wi

0101100
+694 0 +685 0 +678 0 +671 0 +652 0 -717 0 -648 0 +647 0 *
Fa
0  1e-07 288 0

0101000
+646 0 *
Ve
1.00000007105427e-07
336 -6.93774225170144 4.5
0 0

0101101
*
Ed
 1e-07 1 1 0
1  652 0 0 5.36207732381695
2  1547 287 0 0 5.36207732381695
2  1548 9 0 0 5.36207732381695
2  1549 10 0 0 5.36207732381695
0

0101000
+722 0 -644 0 *
Ed
 1e-07 1 1 0
1  653 0 0 12
2  1550 286 0 0 12
2  1551 40 0 0 12
2  1552 287 0 0 12
0

0101000
+644 0 -649 0 *
Wi

0101100
-643 0 +719 0 +648 0 -642 0 *
Fa
0  0 287 0

0101000
+641 0 *
Ve
1.00001080024958e-07
341.970531278205 -204.611095860056 4.5
0 0

0101101
*
Ed
 1e-07 1 1 0
1  572 0 0.377364648865053 1.45169368812775
2  1374 8 0 0.377364648865053 1.45169368812775
2  1375 43 0 0.377364648865053 1.45169368812775
2  1553 9 0 0.377364648865053 1.45169368812775
2  1554 10 0 0.377364648865053 1.45169368812775
0

0101000
+729 0 -639 0 *
Ed
 1e-07 1 1 0
1  654 0 9.99999999997669e-05 55.5001
2  1555 43 0 9.99999999997669e-05 55.5001
2  1556 27 0 9.99999999997669e-05 55.5001
4 G1 43 0 27 0
0

0101000
+639 0 -2247 0 *
Wi

0101100
-638 0 -637 0 +2242 0 -727 0 *
Fa
0  1e-07 43 0

0101000
+636 0 *
Ed
 1e-07 1 1 0
1  655 0 13 55.5
2  1557 40 0 13 55.5
2  1558 42 0 13 55.5
0

0101000
+705 0 -2249 0 *
Wi

0101100
-723 0 -703 0 +634 0 +2244 0 *
Fa
0  1e-07 42 0

0101000
+633 0 *
Ve
1.00055771657605e-07
108.999999999944 -222.935170208383 4.5
0 0

0101101
*
Ed
 1e-07 1 1 0
1  656 0 0 0.0812203844420198
2  1559 8 0 0 0.0812203844420198
2  1560 27 0 0 0.0812203844420198
2  1561 9 0 0 0.0812203844420198
2  1562 10 0 0 0.0812203844420198
0

0101000
+639 0 -631 0 *
Ed
 1e-07 1 1 0
1  657 0 -55.5001 -9.99999999997669e-05
2  1563 27 0 -55.5001 -9.99999999997669e-05
2  1564 39 0 -55.5001 -9.99999999997669e-05
0

0101000
+2251 0 -631 0 *
Wi

0101100
-630 0 +629 0 +2246 0 +637 0 *
Fa
0  1e-07 27 0

0101000
+628 0 *
Ve
1.50000056843419e-07
336 -5 4.5
0 0

0101101
*
Ed
 1.5e-07 1 1 0
1  658 0 -55.50005 -4.99999999998835e-05
2  1565 7 0 -55.50005 -4.99999999998835e-05
2  1566 40 0 -55.50005 -4.99999999998835e-05
0

0101000
+2253 0 -626 0 *
Ed
 1e-07 1 1 0
1  659 0 8.06225774829856 10
2  1567 40 0 8.06225774829856 10
2  1568 285 0 8.06225774829856 10
2  1569 9 0 8.06225774829856 10
2  1570 10 0 8.06225774829856 10
0

0101000
+644 0 -626 0 *
Wi

0101100
-634 0 -2248 0 -625 0 +624 0 -642 0 +647 0 +693 0 -704 0 *
Fa
0  1e-07 40 0

0101000
+623 0 *
Ve
1.5e-07
109 -210 17.5
0 0

0101101
*
Ed
 1e-07 1 1 0
1  660 0 13 55.5
2  1571 39 0 13 55.5
2  1572 38 0 13 55.5
0

0101000
+621 0 -2255 0 *
Ve
1.50000028421709e-07
109 -210.471796769724 17.5
0 0

0101101
*
Ed
 1.5e-07 1 1 0
1  661 0 -10 -9.52820323027552
2  1573 39 0 -10 -9.52820323027552
2  1574 299 0 -10 -9.52820323027552
0

0101000
+621 0 -619 0 *
Ve
1.50000028421709e-07
109 -210.471796769724 16.5
0 0

0101101
*
Ed
 1.5e-07 1 1 0
1  662 0 7.7 8.7
2  1575 39 0 7.7 8.7
2  1576 300 0 7.7 8.7
0

0101000
+617 0 -619 0 *
Ve
1.5e-07
109 -218.062257748299 16.5
0 0

0101101
*
Ed
 1.5e-07 1 1 0
1  663 0 1.93774225170145 9.52820323027552
2  1577 301 0 1.93774225170145 9.52820323027552
2  1578 39 0 1.93774225170145 9.52820323027552
0

0101000
+615 0 -617 0 *
Ve
1.00000071054274e-07
109 -218.062257748299 4.5
0 0

0101101
*
Ed
 1e-07 1 1 0
1  664 0 0 12
2  1579 302 0 0 12
2  1580 39 0 0 12
2  1581 303 0 0 12
0

0101000
+613 0 -615 0 *
Ed
 1e-07 1 1 0
1  665 0 7.06482979161729 11.9377422517014
2  1582 39 0 7.06482979161729 11.9377422517014
2  1583 304 0 7.06482979161729 11.9377422517014
2  1584 9 0 7.06482979161729 11.9377422517014
2  1585 10 0 7.06482979161729 11.9377422517014
0

0101000
+631 0 -613 0 *
Wi

0101100
-2250 0 +620 0 -618 0 +616 0 +614 0 +612 0 +611 0 +629 0 *
Fa
0  1e-07 39 0

0101000
+610 0 *
Ve
1e-07
101 -218.062257748299 4.5
0 0

0101101
*
Ed
 1e-07 1 1 0
1  666 0 0 5.36207732381695
2  1586 303 0 0 5.36207732381695
2  1587 9 0 0 5.36207732381695
2  1588 10 0 0 5.36207732381695
0

0101000
+608 0 -613 0 *
Ve
1.5e-07
101 -218.062257748299 16.5
0 0

0101101
*
Ed
 1e-07 1 1 0
1  667 0 0 12
2  1589 302 0 0 12
2  1590 35 0 0 12
2  1591 303 0 0 12
0

0101000
+608 0 -606 0 *
Ed
 1e-07 1 1 0
1  668 0 0 5.36207732381694
2  1592 303 0 0 5.36207732381694
2  1593 301 0 0 5.36207732381694
0

0101000
+615 0 -606 0 *
Wi

0101100
-607 0 +605 0 -604 0 -612 0 *
Fa
0  0 303 0

0101000
+603 0 *
Ve
1.50000031776437e-07
109.272391992003 -210 16.5
0 0

0101101
*
Ed
 1.5e-07 1 1 0
1  669 0 -3.20429399400242 -2.65951000999596
2  1594 301 0 -3.20429399400242 -2.65951000999596
2  1595 300 0 -3.20429399400242 -2.65951000999596
0

0101000
+601 0 -617 0 *
Ve
1.50000028421709e-07
107.136195996002 -206.3 16.5
0 0

0101101
*
Ed
 1.5e-07 1 1 0
1  670 0 -3.20429399400241 1.06809799800082
2  1596 301 0 -3.20429399400241 1.06809799800082
2  1597 305 0 -3.20429399400241 1.06809799800082
0

0101000
+599 0 -601 0 *
Ve
1.50000014210855e-07
102.863804003998 -206.3 16.5
0 0

0101101
*
Ed
 1.5e-07 1 1 0
1  671 0 -3.20429399400243 1.06809799800081
2  1598 301 0 -3.20429399400243 1.06809799800081
2  1599 306 0 -3.20429399400243 1.06809799800081
0

0101000
+597 0 -599 0 *
Ve
1.50000031776437e-07
100.727608007997 -210 16.5
0 0

0101101
*
Ed
 1.5e-07 1 1 0
1  672 0 -3.20429399400242 1.06809799800081
2  1600 301 0 -3.20429399400242 1.06809799800081
2  1601 307 0 -3.20429399400242 1.06809799800081
0

0101000
+595 0 -597 0 *
Ve
1.5e-07
101 -210.471796769725 16.5
0 0

0101101
*
Ed
 1.5e-07 1 1 0
1  673 0 0.523314013994341 1.06809799800082
2  1602 301 0 0.523314013994341 1.06809799800082
2  1603 308 0 0.523314013994341 1.06809799800082
0

0101000
+593 0 -595 0 *
Ed
 1.5e-07 1 1 0
1  674 0 1.93774225170145 9.52820323027549
2  1604 301 0 1.93774225170145 9.52820323027549
2  1605 35 0 1.93774225170145 9.52820323027549
0

0101000
+606 0 -593 0 *
Wi

0101100
-614 0 +600 0 +598 0 +596 0 +594 0 +592 0 +591 0 +604 0 *
Fa
0  1e-07 301 0

0101000
+590 0 *
Ve
1e-07
100.727608007997 -210 13.1
0 0

0101101
*
Ve
1e-07
102.863804003998 -213.7 13.1
0 0

0101101
*
Ed
 1e-07 1 1 0
1  675 0 0 4.27239199200323
2  1606 308 0 0 4.27239199200323
2  1607 309 0 0 4.27239199200323
0

0101000
+588 0 -587 0 *
Ve
1e-07
102.863804003998 -213.7 17.5
0 0

0101101
*
Ed
 1e-07 1 1 0
1  676 0 0 4.4
2  1608 308 0 0 4.4
2  1609 310 0 0 4.4
0

0101000
+587 0 -585 0 *
Ve
1.5e-07
101 -210.471796769725 17.5
0 0

0101101
*
Ed
 1e-07 1 1 0
1  677 0 0.544783984006477 4.27239199200323
2  1610 299 0 0.544783984006477 4.27239199200323
2  1611 308 0 0.544783984006477 4.27239199200323
0

0101000
+583 0 -585 0 *
Ed
 1.5e-07 1 1 0
1  678 0 7.7 8.7
2  1612 35 0 7.7 8.7
2  1613 308 0 7.7 8.7
0

0101000
+593 0 -583 0 *
Ed
 1e-07 1 1 0
1  679 0 0 3.4
2  1614 307 0 0 3.4
2  1615 308 0 0 3.4
0

0101000
+588 0 -595 0 *
Wi

0101100
-586 0 -584 0 +582 0 +581 0 -592 0 +580 0 *
Fa
0  1e-07 308 0

0101000
+579 0 *
Ve
1e-07
107.136195996002 -213.7 13.1
0 0

0101101
*
Ve
1e-07
107.136195996002 -213.7 17.5
0 0

0101101
*
Ed
 1e-07 1 1 0
1  680 0 0 4.4
2  1616 300 0 0 4.4
2  1617 310 0 0 4.4
0

0101000
+577 0 -576 0 *
Ed
 1e-07 1 1 0
1  681 0 0 4.27239199200323
2  1618 309 0 0 4.27239199200323
2  1619 310 0 0 4.27239199200323
0

0101000
+587 0 -577 0 *
Ed
 1e-07 1 1 0
1  682 0 0 4.27239199200323
2  1620 299 0 0 4.27239199200323
2  1621 310 0 0 4.27239199200323
0

0101000
+585 0 -576 0 *
Wi

0101100
+584 0 -575 0 -574 0 +573 0 *
Fa
0  1e-07 310 0

0101000
+572 0 *
Ve
1e-07
109.272391992003 -210 13.1
0 0

0101101
*
Ve
1e-07
107.136195996002 -206.3 13.1
0 0

0101101
*
Ed
 1e-07 1 1 0
1  683 0 0 4.27239199200323
2  1622 305 0 0 4.27239199200323
2  1623 309 0 0 4.27239199200323
0

0101000
+570 0 -569 0 *
Ed
 1e-07 1 1 0
1  684 0 0 4.27239199200323
2  1624 300 0 0 4.27239199200323
2  1625 309 0 0 4.27239199200323
0

0101000
+577 0 -570 0 *
Ve
1e-07
102.863804003998 -206.3 13.1
0 0

0101101
*
Ed
 1e-07 1 1 0
1  685 0 0 4.27239199200323
2  1626 309 0 0 4.27239199200323
2  1627 306 0 0 4.27239199200323
0

0101000
+569 0 -566 0 *
Ed
 1e-07 1 1 0
1  686 0 0 4.27239199200323
2  1628 307 0 0 4.27239199200323
2  1629 309 0 0 4.27239199200323
0

0101000
+566 0 -588 0 *
Wi

0101100
+568 0 +567 0 +565 0 +574 0 +564 0 +586 0 *
Ve
1e-07
107.25 -210 13.1
0 0

0101101
*
Ed
 1e-07 1 1 0
1  687 0 0 6.28318530717959
2  1630 311 0 0 6.28318530717959
2  1631 309 0 0 6.28318530717959
0

0101100
+562 0 -562 0 *
Wi

0101100
-561 0 *
Fa
0  1e-07 309 0

0101000
+563 0 +560 0 *
Ve
1e-07
107.25 -210 4.5
0 0

0101101
*
Ed
 1e-07 1 1 0
1  688 0 1 9.6
3  1632 1633CN 311 0 1 9.6
0

0101000
+558 0 -562 0 *
Ed
 1e-07 1 1 0
1  689 0 0 6.28318530717959
2  1634 9 0 0 6.28318530717959
2  1635 311 0 0 6.28318530717959
0

0101100
+558 0 -558 0 *
Wi

0101100
-561 0 +557 0 +556 0 -557 0 *
Fa
0  1e-07 311 0

0101000
+555 0 *
Ed
 1e-07 1 1 0
1  690 0 0 3.4
2  1636 307 0 0 3.4
2  1637 306 0 0 3.4
0

0101000
+566 0 -597 0 *
Wi

0101100
-564 0 -580 0 -594 0 +553 0 *
Fa
0  1e-07 307 0

0101000
+552 0 *
Ed
 1e-07 1 1 0
1  691 0 0 3.4
2  1638 305 0 0 3.4
2  1639 306 0 0 3.4
0

0101000
+569 0 -599 0 *
Wi

0101100
-565 0 -553 0 -596 0 +550 0 *
Fa
0  1e-07 306 0

0101000
+549 0 *
Ed
 1e-07 1 1 0
1  692 0 0 3.4
2  1640 305 0 0 3.4
2  1641 300 0 0 3.4
0

0101000
+570 0 -601 0 *
Wi

0101100
-568 0 -550 0 -598 0 +547 0 *
Fa
0  1e-07 305 0

0101000
+546 0 *
Ed
 1e-07 1 1 0
1  693 0 0 3.72760800799677
2  1642 300 0 0 3.72760800799677
2  1643 299 0 0 3.72760800799677
0

0101000
+576 0 -619 0 *
Wi

0101100
-567 0 -547 0 -600 0 -616 0 +544 0 +575 0 *
Fa
0  1e-07 300 0

0101000
+543 0 *
Ve
1.5e-07
101 -210 17.5
0 0

0101101
*
Ed
 1e-07 1 1 0
1  694 0 0 8
0

0101000
+621 0 -541 0 *
Ed
 1.5e-07 1 1 0
1  695 0 -10 -9.52820323027549
2  1644 35 0 -10 -9.52820323027549
2  1645 299 0 -10 -9.52820323027549
0

0101000
+541 0 -583 0 *
Wi

0101100
+544 0 -618 0 +540 0 +539 0 +582 0 +573 0 *
Fa
0  0 312 0

0101000
+538 0 *
Ve
1.5e-07
104 -5 4.5
0 0

0101101
*
Ed
 1.5e-07 1 1 0
1  8 0 282.5 514.5
2  15 8 0 282.5 514.5
2  16 7 0 282.5 514.5
2  1646 9 0 282.5 514.5
2  1647 10 0 282.5 514.5
0

0101000
+536 0 -626 0 *
Ed
 1.5e-07 1 1 0
1  696 0 -55.50005 -4.99999999998835e-05
2  1648 7 0 -55.50005 -4.99999999998835e-05
2  1649 37 0 -55.50005 -4.99999999998835e-05
0

0101000
+2257 0 -536 0 *
Wi

0101100
-535 0 +625 0 +2252 0 -534 0 *
Fa
0  1e-07 7 0

0101000
+533 0 *
Ed
 1e-07 1 1 0
1  697 0 13 55.5
2  1650 35 0 13 55.5
2  1651 38 0 13 55.5
0

0101000
+541 0 -2259 0 *
Wi

0101100
-620 0 +540 0 +531 0 +2254 0 *
Fa
0  1e-07 38 0

0101000
+530 0 *
Ve
1.5e-07
104 -15 17.5
0 0

0101101
*
Ed
 1e-07 1 1 0
1  698 0 13 55.5
2  1652 37 0 13 55.5
2  1653 34 0 13 55.5
0

0101000
+528 0 -2261 0 *
Ve
1.00000073241069e-07
104 -6.9377422517014 4.5
0 0

0101101
*
Ed
 1e-07 1 1 0
1  699 0 8.0622577482986 10
2  1654 37 0 8.0622577482986 10
2  1655 313 0 8.0622577482986 10
2  1656 9 0 8.0622577482986 10
2  1657 10 0 8.0622577482986 10
0

0101000
+526 0 -536 0 *
Ve
1.5e-07
104 -6.93774225170145 16.5
0 0

0101101
*
Ed
 1e-07 1 1 0
1  700 0 0 12
2  1658 314 0 0 12
2  1659 37 0 0 12
2  1660 315 0 0 12
0

0101000
+526 0 -524 0 *
Ve
1.50000008881784e-07
104 -14.5282032302755 16.5
0 0

0101101
*
Ed
 1.5e-07 1 1 0
1  701 0 0.471796769724511 8.06225774829855
2  1661 316 0 0.471796769724511 8.06225774829855
2  1662 37 0 0.471796769724511 8.06225774829855
0

0101000
+522 0 -524 0 *
Ve
1.50000001776357e-07
104 -14.5282032302755 17.5
0 0

0101101
*
Ed
 1.5e-07 1 1 0
1  702 0 -8.7 -7.7
2  1663 37 0 -8.7 -7.7
2  1664 317 0 -8.7 -7.7
0

0101000
+520 0 -522 0 *
Ed
 1.5e-07 1 1 0
1  703 0 -0.471796769724504 0
2  1665 37 0 -0.471796769724504 0
2  1666 318 0 -0.471796769724504 0
0

0101000
+520 0 -528 0 *
Wi

0101100
-527 0 -2256 0 -534 0 +525 0 -523 0 +521 0 +519 0 -518 0 *
Fa
0  1e-07 37 0

0101000
+517 0 *
Ve
1e-07
102.136195996002 -11.3 17.5
0 0

0101101
*
Ed
 1e-07 1 1 0
1  704 0 0.544783984006475 4.27239199200323
2  1667 317 0 0.544783984006475 4.27239199200323
2  1668 318 0 0.544783984006475 4.27239199200323
0

0101000
+520 0 -515 0 *
Ve
1e-07
97.8638040039984 -11.3 17.5
0 0

0101101
*
Ed
 1e-07 1 1 0
1  705 0 0 4.27239199200323
2  1669 318 0 0 4.27239199200323
2  1670 320 0 0 4.27239199200323
0

0101000
+515 0 -513 0 *
Ve
1.50000008881784e-07
96 -14.5282032302755 17.5
0 0

0101101
*
Ed
 1e-07 1 1 0
1  706 0 0 3.72760800799677
2  1671 318 0 0 3.72760800799677
2  1672 321 0 0 3.72760800799677
0

0101000
+513 0 -511 0 *
Ve
1.5e-07
96 -15 17.5
0 0

0101101
*
Ed
 1.5e-07 1 1 0
1  707 0 -0.471796769724493 0
2  1673 12 0 -0.471796769724493 0
2  1674 318 0 -0.471796769724493 0
0

0101000
+511 0 -509 0 *
Ed
 1e-07 1 1 0
1  708 0 0 8
0

0101000
+509 0 -528 0 *
Wi

0101100
-518 0 +514 0 +512 0 +510 0 +508 0 +507 0 *
Fa
0  0 319 0

0101000
+506 0 *
Ve
1e-07
97.8638040039984 -11.3 13.1
0 0

0101101
*
Ve
1e-07
95.7276080079968 -15 13.1
0 0

0101101
*
Ed
 1e-07 1 1 0
1  709 0 0 4.27239199200323
2  1675 321 0 0 4.27239199200323
2  1676 322 0 0 4.27239199200323
0

0101000
+504 0 -503 0 *
Ve
1.5e-07
95.7276080079968 -15 16.5
0 0

0101101
*
Ed
 1e-07 1 1 0
1  710 0 0 3.4
2  1677 321 0 0 3.4
2  1678 323 0 0 3.4
0

0101000
+503 0 -501 0 *
Ve
1.50000007105427e-07
96 -14.5282032302755 16.5
0 0

0101101
*
Ed
 1.5e-07 1 1 0
1  711 0 -3.20429399400243 -2.65951000999595
2  1679 316 0 -3.20429399400243 -2.65951000999595
2  1680 321 0 -3.20429399400243 -2.65951000999595
0

0101000
+501 0 -499 0 *
Ed
 1.5e-07 1 1 0
1  712 0 -8.7 -7.7
2  1681 12 0 -8.7 -7.7
2  1682 321 0 -8.7 -7.7
0

0101000
+511 0 -499 0 *
Ed
 1e-07 1 1 0
1  713 0 0 4.4
2  1683 321 0 0 4.4
2  1684 320 0 0 4.4
0

0101000
+504 0 -513 0 *
Wi

0101100
-502 0 -500 0 -498 0 +497 0 +510 0 +496 0 *
Fa
0  1e-07 321 0

0101000
+495 0 *
Ve
1e-07
97.8638040039984 -18.7 13.1
0 0

0101101
*
Ed
 1e-07 1 1 0
1  714 0 0 4.27239199200323
2  1685 323 0 0 4.27239199200323
2  1686 322 0 0 4.27239199200323
0

0101000
+503 0 -493 0 *
Ve
1.50000003552714e-07
97.8638040039984 -18.7 16.5
0 0

0101101
*
Ed
 1e-07 1 1 0
1  715 0 0 3.4
2  1687 323 0 0 3.4
2  1688 324 0 0 3.4
0

0101000
+493 0 -491 0 *
Ed
 1.5e-07 1 1 0
1  716 0 -3.20429399400243 1.06809799800081
2  1689 316 0 -3.20429399400243 1.06809799800081
2  1690 323 0 -3.20429399400243 1.06809799800081
0

0101000
+491 0 -501 0 *
Wi

0101100
-492 0 -490 0 -489 0 +500 0 *
Fa
0  1e-07 323 0

0101000
+488 0 *
Ve
1e-07
102.136195996002 -18.7 13.1
0 0

0101101
*
Ed
 1e-07 1 1 0
1  717 0 0 4.27239199200323
2  1691 322 0 0 4.27239199200323
2  1692 324 0 0 4.27239199200323
0

0101000
+493 0 -486 0 *
Ve
1.50000015888219e-07
102.136195996002 -18.7 16.5
0 0

0101101
*
Ed
 1e-07 1 1 0
1  718 0 0 3.4
2  1693 325 0 0 3.4
2  1694 324 0 0 3.4
0

0101000
+486 0 -484 0 *
Ed
 1.5e-07 1 1 0
1  719 0 -3.20429399400243 1.06809799800081
2  1695 316 0 -3.20429399400243 1.06809799800081
2  1696 324 0 -3.20429399400243 1.06809799800081
0

0101000
+484 0 -491 0 *
Wi

0101100
-485 0 -483 0 -482 0 +490 0 *
Fa
0  1e-07 324 0

0101000
+481 0 *
Ve
1e-07
104.272391992003 -15 13.1
0 0

0101101
*
Ed
 1e-07 1 1 0
1  720 0 0 4.27239199200323
2  1697 325 0 0 4.27239199200323
2  1698 322 0 0 4.27239199200323
0

0101000
+486 0 -479 0 *
Ve
1.50000015888219e-07
104.272391992003 -15 16.5
0 0

0101101
*
Ed
 1e-07 1 1 0
1  721 0 0 3.4
2  1699 317 0 0 3.4
2  1700 325 0 0 3.4
0

0101000
+479 0 -477 0 *
Ed
 1.5e-07 1 1 0
1  722 0 -3.20429399400242 1.06809799800081
2  1701 316 0 -3.20429399400242 1.06809799800081
2  1702 325 0 -3.20429399400242 1.06809799800081
0

0101000
+477 0 -484 0 *
Wi

0101100
-478 0 -476 0 -475 0 +483 0 *
Fa
0  1e-07 325 0

0101000
+474 0 *
Ve
1e-07
102.136195996002 -11.3 13.1
0 0

0101101
*
Ed
 1e-07 1 1 0
1  723 0 0 4.27239199200323
2  1703 317 0 0 4.27239199200323
2  1704 322 0 0 4.27239199200323
0

0101000
+479 0 -472 0 *
Ed
 1e-07 1 1 0
1  724 0 0 4.27239199200323
2  1705 322 0 0 4.27239199200323
2  1706 320 0 0 4.27239199200323
0

0101000
+472 0 -504 0 *
Wi

0101100
+471 0 +478 0 +470 0 +485 0 +502 0 +492 0 *
Ve
1e-07
102.25 -15 13.1
0 0

0101101
*
Ed
 1e-07 1 1 0
1  725 0 0 6.28318530717959
2  1707 326 0 0 6.28318530717959
2  1708 322 0 0 6.28318530717959
0

0101100
+468 0 -468 0 *
Wi

0101100
-467 0 *
Fa
0  1e-07 322 0

0101000
+469 0 +466 0 *
Ve
1e-07
102.25 -15 4.5
0 0

0101101
*
Ed
 1e-07 1 1 0
1  726 0 1 9.6
3  1709 1710CN 326 0 1 9.6
0

0101000
+464 0 -468 0 *
Ed
 1e-07 1 1 0
1  727 0 0 6.28318530717959
2  1711 9 0 0 6.28318530717959
2  1712 326 0 0 6.28318530717959
0

0101100
+464 0 -464 0 *
Wi

0101100
-467 0 +463 0 +462 0 -463 0 *
Fa
0  1e-07 326 0

0101000
+461 0 *
Ed
 1e-07 1 1 0
1  728 0 0 4.4
2  1713 317 0 0 4.4
2  1714 320 0 0 4.4
0

0101000
+472 0 -515 0 *
Wi

0101100
+459 0 -496 0 -470 0 +512 0 *
Fa
0  1e-07 320 0

0101000
+458 0 *
Ed
 1.5e-07 1 1 0
1  729 0 0.523314013994327 1.06809799800081
2  1715 316 0 0.523314013994327 1.06809799800081
2  1716 317 0 0.523314013994327 1.06809799800081
0

0101000
+522 0 -477 0 *
Wi

0101100
-471 0 -459 0 +514 0 -519 0 -456 0 +476 0 *
Fa
0  1e-07 317 0

0101000
+455 0 *
Ve
1.5e-07
96 -6.93774225170145 16.5
0 0

0101101
*
Ed
 1e-07 1 1 0
1  730 0 0 5.36207732381694
2  1717 315 0 0 5.36207732381694
2  1718 316 0 0 5.36207732381694
0

0101000
+524 0 -453 0 *
Ed
 1.5e-07 1 1 0
1  731 0 0.471796769724509 8.06225774829855
2  1719 316 0 0.471796769724509 8.06225774829855
2  1720 12 0 0.471796769724509 8.06225774829855
0

0101000
+499 0 -453 0 *
Wi

0101100
+498 0 +489 0 +482 0 +475 0 +456 0 -521 0 -452 0 +451 0 *
Fa
0  1e-07 316 0

0101000
+450 0 *
Ve
1.00000001776357e-07
96 -6.93774225170145 4.5
0 0

0101101
*
Ed
 1e-07 1 1 0
1  732 0 0 5.36207732381695
2  1721 315 0 0 5.36207732381695
2  1722 9 0 0 5.36207732381695
2  1723 10 0 0 5.36207732381695
0

0101000
+526 0 -448 0 *
Ed
 1e-07 1 1 0
1  733 0 0 12
2  1724 314 0 0 12
2  1725 12 0 0 12
2  1726 315 0 0 12
0

0101000
+448 0 -453 0 *
Wi

0101100
-447 0 +523 0 +452 0 -446 0 *
Fa
0  0 315 0

0101000
+445 0 *
Ve
1.00045203263512e-07
101.000000000045 -223.227231746198 4.5
0 0

0101101
*
Ed
 1e-07 1 1 0
1  734 0 6.77276825380159 11.9377422517015
2  1727 35 0 6.77276825380159 11.9377422517015
2  1728 304 0 6.77276825380159 11.9377422517015
2  1729 9 0 6.77276825380159 11.9377422517015
2  1730 10 0 6.77276825380159 11.9377422517015
0

0101000
+443 0 -608 0 *
Ed
 1e-07 1 1 0
1  735 0 -55.5001 -9.99999999997669e-05
2  1731 27 0 -55.5001 -9.99999999997669e-05
2  1732 35 0 -55.5001 -9.99999999997669e-05
0

0101000
+2263 0 -443 0 *
Wi

0101100
-2258 0 +531 0 -539 0 +581 0 +591 0 +605 0 +442 0 +441 0 *
Fa
0  1e-07 35 0

0101000
+440 0 *
Ed
 1e-07 1 1 0
1  736 0 13 55.5
2  1733 12 0 13 55.5
2  1734 34 0 13 55.5
0

0101000
+509 0 -2265 0 *
Wi

0101100
-527 0 -507 0 +438 0 +2260 0 *
Fa
0  1e-07 34 0

0101000
+437 0 *
Ve
1.00045217439098e-07
-101.000000000045 -223.227231746198 4.5
0 0

0101101
*
Ed
 1e-07 1 1 0
1  656 0 0.0840019211040582 0.154203356230239
2  1559 8 0 0.0840019211040582 0.154203356230239
2  1560 27 0 0.0840019211040582 0.154203356230239
2  1735 9 0 0.0840019211040582 0.154203356230239
2  1736 10 0 0.0840019211040582 0.154203356230239
0

0101000
+443 0 -435 0 *
Ed
 1e-07 1 1 0
1  737 0 -55.5001 -9.99999999997669e-05
2  1737 27 0 -55.5001 -9.99999999997669e-05
2  1738 32 0 -55.5001 -9.99999999997669e-05
0

0101000
+2267 0 -435 0 *
Wi

0101100
-434 0 +433 0 +2262 0 -441 0 *
Fa
0  1e-07 27 0

0101000
+432 0 *
Ve
1.5e-07
-101 -210 17.5
0 0

0101101
*
Ed
 1e-07 1 1 0
1  738 0 13 55.5
2  1739 32 0 13 55.5
2  1740 31 0 13 55.5
0

0101000
+430 0 -2269 0 *
Ve
1.5e-07
-101 -210.471796769724 17.5
0 0

0101101
*
Ed
 1.5e-07 1 1 0
1  739 0 -10 -9.52820323027552
2  1741 32 0 -10 -9.52820323027552
2  1742 327 0 -10 -9.52820323027552
0

0101000
+430 0 -428 0 *
Ve
1.5e-07
-101 -210.471796769724 16.5
0 0

0101101
*
Ed
 1.5e-07 1 1 0
1  740 0 7.7 8.7
2  1743 32 0 7.7 8.7
2  1744 328 0 7.7 8.7
0

0101000
+426 0 -428 0 *
Ve
1.5e-07
-101 -218.062257748299 16.5
0 0

0101101
*
Ed
 1.5e-07 1 1 0
1  741 0 1.93774225170145 9.52820323027552
2  1745 329 0 1.93774225170145 9.52820323027552
2  1746 32 0 1.93774225170145 9.52820323027552
0

0101000
+424 0 -426 0 *
Ve
1.00000071054274e-07
-101 -218.062257748299 4.5
0 0

0101101
*
Ed
 1e-07 1 1 0
1  742 0 0 12
2  1747 330 0 0 12
2  1748 32 0 0 12
2  1749 331 0 0 12
0

0101000
+422 0 -424 0 *
Ed
 1e-07 1 1 0
1  743 0 6.77276825380159 11.9377422517014
2  1750 32 0 6.77276825380159 11.9377422517014
2  1751 332 0 6.77276825380159 11.9377422517014
2  1752 9 0 6.77276825380159 11.9377422517014
2  1753 10 0 6.77276825380159 11.9377422517014
0

0101000
+435 0 -422 0 *
Wi

0101100
-2266 0 +429 0 -427 0 +425 0 +423 0 +421 0 +420 0 +433 0 *
Fa
0  1e-07 32 0

0101000
+419 0 *
Ve
1e-07
-109 -218.062257748299 4.5
0 0

0101101
*
Ed
 1e-07 1 1 0
1  744 0 0 5.36207732381695
2  1754 331 0 0 5.36207732381695
2  1755 9 0 0 5.36207732381695
2  1756 10 0 0 5.36207732381695
0

0101000
+417 0 -422 0 *
Ve
1.5e-07
-109 -218.062257748299 16.5
0 0

0101101
*
Ed
 1e-07 1 1 0
1  745 0 0 12
2  1757 330 0 0 12
2  1758 29 0 0 12
2  1759 331 0 0 12
0

0101000
+417 0 -415 0 *
Ed
 1e-07 1 1 0
1  746 0 0 5.36207732381694
2  1760 331 0 0 5.36207732381694
2  1761 329 0 0 5.36207732381694
0

0101000
+424 0 -415 0 *
Wi

0101100
-416 0 +414 0 -413 0 -421 0 *
Fa
0  0 331 0

0101000
+412 0 *
Ve
1.50000028421709e-07
-100.727608007997 -210 16.5
0 0

0101101
*
Ed
 1.5e-07 1 1 0
1  747 0 -3.20429399400242 -2.65951000999595
2  1762 329 0 -3.20429399400242 -2.65951000999595
2  1763 328 0 -3.20429399400242 -2.65951000999595
0

0101000
+410 0 -426 0 *
Ve
1.50000031776437e-07
-102.863804003998 -206.3 16.5
0 0

0101101
*
Ed
 1.5e-07 1 1 0
1  748 0 -3.20429399400242 1.06809799800081
2  1764 329 0 -3.20429399400242 1.06809799800081
2  1765 333 0 -3.20429399400242 1.06809799800081
0

0101000
+408 0 -410 0 *
Ve
1.5e-07
-107.136195996002 -206.3 16.5
0 0

0101101
*
Ed
 1.5e-07 1 1 0
1  749 0 -3.20429399400243 1.06809799800081
2  1766 329 0 -3.20429399400243 1.06809799800081
2  1767 334 0 -3.20429399400243 1.06809799800081
0

0101000
+406 0 -408 0 *
Ve
1.50000028421709e-07
-109.272391992003 -210 16.5
0 0

0101101
*
Ed
 1.5e-07 1 1 0
1  750 0 -3.20429399400241 1.06809799800082
2  1768 329 0 -3.20429399400241 1.06809799800082
2  1769 335 0 -3.20429399400241 1.06809799800082
0

0101000
+404 0 -406 0 *
Ve
1.50000014210855e-07
-109 -210.471796769725 16.5
0 0

0101101
*
Ed
 1.5e-07 1 1 0
1  751 0 0.523314013994334 1.06809799800081
2  1770 329 0 0.523314013994334 1.06809799800081
2  1771 336 0 0.523314013994334 1.06809799800081
0

0101000
+402 0 -404 0 *
Ed
 1.5e-07 1 1 0
1  752 0 1.93774225170145 9.52820323027549
2  1772 329 0 1.93774225170145 9.52820323027549
2  1773 29 0 1.93774225170145 9.52820323027549
0

0101000
+415 0 -402 0 *
Wi

0101100
-423 0 +409 0 +407 0 +405 0 +403 0 +401 0 +400 0 +413 0 *
Fa
0  1e-07 329 0

0101000
+399 0 *
Ve
1e-07
-109.272391992003 -210 13.1
0 0

0101101
*
Ve
1e-07
-107.136195996002 -213.7 13.1
0 0

0101101
*
Ed
 1e-07 1 1 0
1  753 0 0 4.27239199200323
2  1774 336 0 0 4.27239199200323
2  1775 337 0 0 4.27239199200323
0

0101000
+397 0 -396 0 *
Ve
1e-07
-107.136195996002 -213.7 17.5
0 0

0101101
*
Ed
 1e-07 1 1 0
1  754 0 0 4.4
2  1776 336 0 0 4.4
2  1777 338 0 0 4.4
0

0101000
+396 0 -394 0 *
Ve
1.5e-07
-109 -210.471796769725 17.5
0 0

0101101
*
Ed
 1e-07 1 1 0
1  755 0 0.544783984006477 4.27239199200323
2  1778 327 0 0.544783984006477 4.27239199200323
2  1779 336 0 0.544783984006477 4.27239199200323
0

0101000
+392 0 -394 0 *
Ed
 1.5e-07 1 1 0
1  756 0 7.7 8.7
2  1780 29 0 7.7 8.7
2  1781 336 0 7.7 8.7
0

0101000
+402 0 -392 0 *
Ed
 1e-07 1 1 0
1  757 0 0 3.4
2  1782 335 0 0 3.4
2  1783 336 0 0 3.4
0

0101000
+397 0 -404 0 *
Wi

0101100
-395 0 -393 0 +391 0 +390 0 -401 0 +389 0 *
Fa
0  1e-07 336 0

0101000
+388 0 *
Ve
1e-07
-102.863804003998 -213.7 13.1
0 0

0101101
*
Ve
1e-07
-102.863804003998 -213.7 17.5
0 0

0101101
*
Ed
 1e-07 1 1 0
1  758 0 0 4.4
2  1784 328 0 0 4.4
2  1785 338 0 0 4.4
0

0101000
+386 0 -385 0 *
Ed
 1e-07 1 1 0
1  759 0 0 4.27239199200323
2  1786 337 0 0 4.27239199200323
2  1787 338 0 0 4.27239199200323
0

0101000
+396 0 -386 0 *
Ed
 1e-07 1 1 0
1  760 0 0 4.27239199200323
2  1788 327 0 0 4.27239199200323
2  1789 338 0 0 4.27239199200323
0

0101000
+394 0 -385 0 *
Wi

0101100
+393 0 -384 0 -383 0 +382 0 *
Fa
0  1e-07 338 0

0101000
+381 0 *
Ve
1e-07
-100.727608007997 -210 13.1
0 0

0101101
*
Ve
1e-07
-102.863804003998 -206.3 13.1
0 0

0101101
*
Ed
 1e-07 1 1 0
1  761 0 0 4.27239199200323
2  1790 333 0 0 4.27239199200323
2  1791 337 0 0 4.27239199200323
0

0101000
+379 0 -378 0 *
Ed
 1e-07 1 1 0
1  762 0 0 4.27239199200323
2  1792 328 0 0 4.27239199200323
2  1793 337 0 0 4.27239199200323
0

0101000
+386 0 -379 0 *
Ve
1e-07
-107.136195996002 -206.3 13.1
0 0

0101101
*
Ed
 1e-07 1 1 0
1  763 0 0 4.27239199200323
2  1794 337 0 0 4.27239199200323
2  1795 334 0 0 4.27239199200323
0

0101000
+378 0 -375 0 *
Ed
 1e-07 1 1 0
1  764 0 0 4.27239199200323
2  1796 335 0 0 4.27239199200323
2  1797 337 0 0 4.27239199200323
0

0101000
+375 0 -397 0 *
Wi

0101100
+377 0 +376 0 +374 0 +383 0 +373 0 +395 0 *
Ve
1e-07
-102.75 -210 13.1
0 0

0101101
*
Ed
 1e-07 1 1 0
1  765 0 0 6.28318530717959
2  1798 339 0 0 6.28318530717959
2  1799 337 0 0 6.28318530717959
0

0101100
+371 0 -371 0 *
Wi

0101100
-370 0 *
Fa
0  1e-07 337 0

0101000
+372 0 +369 0 *
Ve
1e-07
-102.75 -210 4.5
0 0

0101101
*
Ed
 1e-07 1 1 0
1  766 0 1 9.6
3  1800 1801CN 339 0 1 9.6
0

0101000
+367 0 -371 0 *
Ed
 1e-07 1 1 0
1  767 0 0 6.28318530717959
2  1802 9 0 0 6.28318530717959
2  1803 339 0 0 6.28318530717959
0

0101100
+367 0 -367 0 *
Wi

0101100
-370 0 +366 0 +365 0 -366 0 *
Fa
0  1e-07 339 0

0101000
+364 0 *
Ed
 1e-07 1 1 0
1  768 0 0 3.4
2  1804 335 0 0 3.4
2  1805 334 0 0 3.4
0

0101000
+375 0 -406 0 *
Wi

0101100
-373 0 -389 0 -403 0 +362 0 *
Fa
0  1e-07 335 0

0101000
+361 0 *
Ed
 1e-07 1 1 0
1  769 0 0 3.4
2  1806 333 0 0 3.4
2  1807 334 0 0 3.4
0

0101000
+378 0 -408 0 *
Wi

0101100
-374 0 -362 0 -405 0 +359 0 *
Fa
0  1e-07 334 0

0101000
+358 0 *
Ed
 1e-07 1 1 0
1  770 0 0 3.4
2  1808 333 0 0 3.4
2  1809 328 0 0 3.4
0

0101000
+379 0 -410 0 *
Wi

0101100
-377 0 -359 0 -407 0 +356 0 *
Fa
0  1e-07 333 0

0101000
+355 0 *
Ed
 1e-07 1 1 0
1  771 0 0 3.72760800799677
2  1810 328 0 0 3.72760800799677
2  1811 327 0 0 3.72760800799677
0

0101000
+385 0 -428 0 *
Wi

0101100
-376 0 -356 0 -409 0 -425 0 +353 0 +384 0 *
Fa
0  1e-07 328 0

0101000
+352 0 *
Ve
1.5e-07
-109 -210 17.5
0 0

0101101
*
Ed
 1e-07 1 1 0
1  772 0 0 8
0

0101000
+430 0 -350 0 *
Ed
 1.5e-07 1 1 0
1  773 0 -10 -9.52820323027549
2  1812 29 0 -10 -9.52820323027549
2  1813 327 0 -10 -9.52820323027549
0

0101000
+350 0 -392 0 *
Wi

0101100
+353 0 -427 0 +349 0 +348 0 +391 0 +382 0 *
Fa
0  0 340 0

0101000
+347 0 *
Ed
 1e-07 1 1 0
1  774 0 13 55.5
2  1814 29 0 13 55.5
2  1815 31 0 13 55.5
0

0101000
+350 0 -2272 0 *
Wi

0101100
-429 0 +349 0 +345 0 +2268 0 *
Fa
0  1e-07 31 0

0101000
+344 0 *
Ve
1.00055835198681e-07
-108.999999999944 -222.935170208383 4.5
0 0

0101101
*
Ed
 1e-07 1 1 0
1  775 0 7.06482979161683 11.9377422517015
2  1816 29 0 7.06482979161683 11.9377422517015
2  1817 332 0 7.06482979161683 11.9377422517015
2  1818 9 0 7.06482979161683 11.9377422517015
2  1819 10 0 7.06482979161683 11.9377422517015
0

0101000
+342 0 -417 0 *
Ed
 1e-07 1 1 0
1  776 0 -55.5001 -9.99999999997669e-05
2  1820 27 0 -55.5001 -9.99999999997669e-05
2  1821 29 0 -55.5001 -9.99999999997669e-05
0

0101000
+2276 0 -342 0 *
Wi

0101100
-2271 0 +345 0 -348 0 +390 0 +400 0 +414 0 +341 0 +340 0 *
Fa
0  1e-07 29 0

0101000
+339 0 *
Ve
1.5e-07
-96 -15 17.5
0 0

0101101
*
Ed
 1e-07 1 1 0
1  777 0 13 55.5
2  1822 11 0 13 55.5
2  1823 28 0 13 55.5
0

0101000
+337 0 -2274 0 *
Ve
1.5e-07
-104 -15 17.5
0 0

0101101
*
Ed
 1e-07 1 1 0
1  778 0 0 8
0

0101000
+335 0 -337 0 *
Ed
 1e-07 1 1 0
1  779 0 13 55.5
2  1824 25 0 13 55.5
2  1825 28 0 13 55.5
0

0101000
+335 0 -2278 0 *
Wi

0101100
-336 0 -334 0 +333 0 +2273 0 *
Fa
0  1e-07 28 0

0101000
+332 0 *
Ve
1.50000001776357e-07
-96 -14.5282032302755 17.5
0 0

0101101
*
Ed
 1.5e-07 1 1 0
1  780 0 -0.471796769724504 0
2  1826 11 0 -0.471796769724504 0
2  1827 342 0 -0.471796769724504 0
0

0101000
+330 0 -337 0 *
Ve
1e-07
-97.8638040039984 -11.3 17.5
0 0

0101101
*
Ed
 1e-07 1 1 0
1  781 0 0.544783984006475 4.27239199200323
2  1828 343 0 0.544783984006475 4.27239199200323
2  1829 342 0 0.544783984006475 4.27239199200323
0

0101000
+330 0 -328 0 *
Ve
1e-07
-102.136195996002 -11.3 17.5
0 0

0101101
*
Ed
 1e-07 1 1 0
1  782 0 0 4.27239199200323
2  1830 342 0 0 4.27239199200323
2  1831 344 0 0 4.27239199200323
0

0101000
+328 0 -326 0 *
Ve
1.50000005329071e-07
-104 -14.5282032302755 17.5
0 0

0101101
*
Ed
 1e-07 1 1 0
1  783 0 0 3.72760800799677
2  1832 345 0 0 3.72760800799677
2  1833 342 0 0 3.72760800799677
0

0101000
+326 0 -324 0 *
Ed
 1.5e-07 1 1 0
1  784 0 -0.471796769724493 0
2  1834 25 0 -0.471796769724493 0
2  1835 342 0 -0.471796769724493 0
0

0101000
+324 0 -335 0 *
Wi

0101100
-329 0 +327 0 +325 0 +323 0 +322 0 +334 0 *
Fa
0  0 341 0

0101000
+321 0 *
Ve
1e-07
-102.136195996002 -11.3 13.1
0 0

0101101
*
Ve
1e-07
-104.272391992003 -15 13.1
0 0

0101101
*
Ed
 1e-07 1 1 0
1  785 0 0 4.27239199200323
2  1836 345 0 0 4.27239199200323
2  1837 346 0 0 4.27239199200323
0

0101000
+319 0 -318 0 *
Ve
1.50000015888219e-07
-104.272391992003 -15 16.5
0 0

0101101
*
Ed
 1e-07 1 1 0
1  786 0 0 3.4
2  1838 345 0 0 3.4
2  1839 347 0 0 3.4
0

0101000
+318 0 -316 0 *
Ve
1.50000015888219e-07
-104 -14.5282032302755 16.5
0 0

0101101
*
Ed
 1.5e-07 1 1 0
1  787 0 -3.20429399400243 -2.65951000999596
2  1840 348 0 -3.20429399400243 -2.65951000999596
2  1841 345 0 -3.20429399400243 -2.65951000999596
0

0101000
+316 0 -314 0 *
Ed
 1.5e-07 1 1 0
1  788 0 -8.7 -7.7
2  1842 25 0 -8.7 -7.7
2  1843 345 0 -8.7 -7.7
0

0101000
+324 0 -314 0 *
Ed
 1e-07 1 1 0
1  789 0 0 4.4
2  1844 345 0 0 4.4
2  1845 344 0 0 4.4
0

0101000
+319 0 -326 0 *
Wi

0101100
-317 0 -315 0 -313 0 +312 0 +323 0 +311 0 *
Fa
0  1e-07 345 0

0101000
+310 0 *
Ve
1.50000017763568e-07
-102.136195996002 -18.7 16.5
0 0

0101101
*
Ed
 1.5e-07 1 1 0
1  790 0 -3.20429399400243 1.0680979980008
2  1846 348 0 -3.20429399400243 1.0680979980008
2  1847 347 0 -3.20429399400243 1.0680979980008
0

0101000
+308 0 -316 0 *
Ve
1.50000015888219e-07
-97.8638040039984 -18.7 16.5
0 0

0101101
*
Ed
 1.5e-07 1 1 0
1  791 0 -3.20429399400243 1.06809799800081
2  1848 348 0 -3.20429399400243 1.06809799800081
2  1849 349 0 -3.20429399400243 1.06809799800081
0

0101000
+306 0 -308 0 *
Ve
1.50000015888219e-07
-95.7276080079968 -15 16.5
0 0

0101101
*
Ed
 1.5e-07 1 1 0
1  792 0 -3.20429399400242 1.06809799800081
2  1850 348 0 -3.20429399400242 1.06809799800081
2  1851 350 0 -3.20429399400242 1.06809799800081
0

0101000
+304 0 -306 0 *
Ve
1.50000015177199e-07
-96 -14.5282032302755 16.5
0 0

0101101
*
Ed
 1.5e-07 1 1 0
1  793 0 0.523314013994328 1.0680979980008
2  1852 348 0 0.523314013994328 1.0680979980008
2  1853 343 0 0.523314013994328 1.0680979980008
0

0101000
+302 0 -304 0 *
Ve
1.5e-07
-96 -6.93774225170145 16.5
0 0

0101101
*
Ed
 1.5e-07 1 1 0
1  794 0 0.471796769724506 8.06225774829855
2  1854 348 0 0.471796769724506 8.06225774829855
2  1855 11 0 0.471796769724506 8.06225774829855
0

0101000
+302 0 -300 0 *
Ve
1.5e-07
-104 -6.93774225170145 16.5
0 0

0101101
*
Ed
 1e-07 1 1 0
1  795 0 0 5.36207732381694
2  1856 351 0 0 5.36207732381694
2  1857 348 0 0 5.36207732381694
0

0101000
+300 0 -298 0 *
Ed
 1.5e-07 1 1 0
1  796 0 0.471796769724502 8.06225774829855
2  1858 348 0 0.471796769724502 8.06225774829855
2  1859 25 0 0.471796769724502 8.06225774829855
0

0101000
+314 0 -298 0 *
Wi

0101100
+313 0 +307 0 +305 0 +303 0 +301 0 -299 0 -297 0 +296 0 *
Fa
0  1e-07 348 0

0101000
+295 0 *
Ve
1.00000073241069e-07
-96.0000000000001 -6.9377422517014 4.5
0 0

0101101
*
Ve
1.00000001776357e-07
-104 -6.93774225170145 4.5
0 0

0101101
*
Ed
 1e-07 1 1 0
1  797 0 0 5.36207732381695
2  1860 351 0 0 5.36207732381695
2  1861 9 0 0 5.36207732381695
2  1862 10 0 0 5.36207732381695
0

0101000
+293 0 -292 0 *
Ed
 1e-07 1 1 0
1  798 0 0 12
2  1863 352 0 0 12
2  1864 11 0 0 12
2  1865 351 0 0 12
0

0101000
+293 0 -300 0 *
Ed
 1e-07 1 1 0
1  799 0 0 12
2  1866 352 0 0 12
2  1867 25 0 0 12
2  1868 351 0 0 12
0

0101000
+292 0 -298 0 *
Wi

0101100
-291 0 +290 0 +297 0 -289 0 *
Fa
0  0 351 0

0101000
+288 0 *
Ve
1e-07
-97.8638040039984 -18.7 13.1
0 0

0101101
*
Ve
1e-07
-95.7276080079968 -15 13.1
0 0

0101101
*
Ed
 1e-07 1 1 0
1  800 0 0 4.27239199200323
2  1869 350 0 0 4.27239199200323
2  1870 346 0 0 4.27239199200323
0

0101000
+286 0 -285 0 *
Ed
 1e-07 1 1 0
1  801 0 0 3.4
2  1871 343 0 0 3.4
2  1872 350 0 0 3.4
0

0101000
+285 0 -304 0 *
Ed
 1e-07 1 1 0
1  802 0 0 3.4
2  1873 350 0 0 3.4
2  1874 349 0 0 3.4
0

0101000
+286 0 -306 0 *
Wi

0101100
-284 0 -283 0 -303 0 +282 0 *
Fa
0  1e-07 350 0

0101000
+281 0 *
Ve
1e-07
-102.136195996002 -18.7 13.1
0 0

0101101
*
Ed
 1e-07 1 1 0
1  803 0 0 4.27239199200323
2  1875 349 0 0 4.27239199200323
2  1876 346 0 0 4.27239199200323
0

0101000
+279 0 -286 0 *
Ed
 1e-07 1 1 0
1  804 0 0 3.4
2  1877 347 0 0 3.4
2  1878 349 0 0 3.4
0

0101000
+279 0 -308 0 *
Wi

0101100
-278 0 -282 0 -305 0 +277 0 *
Fa
0  1e-07 349 0

0101000
+276 0 *
Ed
 1e-07 1 1 0
1  805 0 0 4.27239199200323
2  1879 347 0 0 4.27239199200323
2  1880 346 0 0 4.27239199200323
0

0101000
+318 0 -279 0 *
Wi

0101100
-274 0 -277 0 -307 0 +315 0 *
Fa
0  1e-07 347 0

0101000
+273 0 *
Ve
1e-07
-97.8638040039984 -11.3 13.1
0 0

0101101
*
Ed
 1e-07 1 1 0
1  806 0 0 4.27239199200323
2  1881 343 0 0 4.27239199200323
2  1882 346 0 0 4.27239199200323
0

0101000
+285 0 -271 0 *
Ed
 1e-07 1 1 0
1  807 0 0 4.27239199200323
2  1883 344 0 0 4.27239199200323
2  1884 346 0 0 4.27239199200323
0

0101000
+271 0 -319 0 *
Wi

0101100
+270 0 +284 0 +269 0 +278 0 +317 0 +274 0 *
Ve
1.00000001776357e-07
-97.75 -15 13.1
0 0

0101101
*
Ed
 1e-07 1 1 0
1  808 0 0 6.28318530717959
2  1885 353 0 0 6.28318530717959
2  1886 346 0 0 6.28318530717959
0

0101100
+267 0 -267 0 *
Wi

0101100
-266 0 *
Fa
0  1e-07 346 0

0101000
+268 0 +265 0 *
Ve
1.00000001776357e-07
-97.75 -15 4.5
0 0

0101101
*
Ed
 1e-07 1 1 0
1  809 0 1 9.6
3  1887 1888CN 353 0 1 9.6
0

0101000
+263 0 -267 0 *
Ed
 1e-07 1 1 0
1  810 0 0 6.28318530717959
2  1889 9 0 0 6.28318530717959
2  1890 353 0 0 6.28318530717959
0

0101100
+263 0 -263 0 *
Wi

0101100
-266 0 +262 0 +261 0 -262 0 *
Fa
0  1e-07 353 0

0101000
+260 0 *
Ed
 1e-07 1 1 0
1  811 0 0 4.4
2  1891 343 0 0 4.4
2  1892 344 0 0 4.4
0

0101000
+271 0 -328 0 *
Wi

0101100
+258 0 -311 0 -269 0 +325 0 *
Fa
0  1e-07 344 0

0101000
+257 0 *
Ed
 1.5e-07 1 1 0
1  812 0 -8.7 -7.7
2  1893 11 0 -8.7 -7.7
2  1894 343 0 -8.7 -7.7
0

0101000
+330 0 -302 0 *
Wi

0101100
-270 0 -258 0 +327 0 -255 0 -301 0 +283 0 *
Fa
0  1e-07 343 0

0101000
+254 0 *
Ve
1.00001093404993e-07
-341.970531278204 -204.611095860058 4.5
0 0

0101101
*
Ed
 1e-07 1 1 0
1  656 0 0.156984892892278 0.238205277334297
2  1559 8 0 0.156984892892278 0.238205277334297
2  1560 27 0 0.156984892892278 0.238205277334297
2  1895 9 0 0.156984892892278 0.238205277334297
2  1896 10 0 0.156984892892278 0.238205277334297
0

0101000
+342 0 -252 0 *
Ed
 1e-07 1 1 0
1  813 0 9.99999999997669e-05 55.5001
2  1897 27 0 9.99999999997669e-05 55.5001
2  1898 16 0 9.99999999997669e-05 55.5001
4 G1 27 0 16 0
0

0101000
+252 0 -2280 0 *
Wi

0101100
-251 0 -250 0 +2275 0 -340 0 *
Fa
0  1e-07 27 0

0101000
+249 0 *
Ve
1.5e-07
-104 -5 4.5
0 0

0101101
*
Ed
 1.5e-07 1 1 0
1  814 0 -55.50005 -4.99999999998835e-05
2  1899 7 0 -55.50005 -4.99999999998835e-05
2  1900 25 0 -55.50005 -4.99999999998835e-05
0

0101000
+2282 0 -247 0 *
Ed
 1e-07 1 1 0
1  815 0 8.06225774829855 10
2  1901 25 0 8.06225774829855 10
2  1902 354 0 8.06225774829855 10
2  1903 9 0 8.06225774829855 10
2  1904 10 0 8.06225774829855 10
0

0101000
+292 0 -247 0 *
Wi

0101100
-333 0 -2277 0 -246 0 +245 0 -289 0 +296 0 +312 0 -322 0 *
Fa
0  1e-07 25 0

0101000
+244 0 *
Ve
1.00000684485404e-07
-362.240972882597 -188.999999999999 4.5
0 0

0101101
*
Ed
 1e-07 1 1 0
1  816 0 -2.1316282072803e-14 1.07432903926268
2  1905 8 0 -2.1316282072803e-14 1.07432903926268
2  1906 16 0 -2.1316282072803e-14 1.07432903926268
2  1907 9 0 -2.1316282072803e-14 1.07432903926268
2  1908 10 0 -2.1316282072803e-14 1.07432903926268
0

0101000
+252 0 -242 0 *
Ed
 1e-07 1 1 0
1  817 0 -55.5001 -9.99999999997669e-05
2  1909 16 0 -55.5001 -9.99999999997669e-05
2  1910 24 0 -55.5001 -9.99999999997669e-05
0

0101000
+2284 0 -242 0 *
Wi

0101100
-241 0 +240 0 +2279 0 +250 0 *
Fa
0  1e-07 16 0

0101000
+239 0 *
Ve
1.5e-07
-336 -5 4.5
0 0

0101101
*
Ed
 1.5e-07 1 1 0
1  8 0 -157.5 74.4999999999999
2  15 8 0 -157.5 74.4999999999999
2  16 7 0 -157.5 74.4999999999999
2  1911 9 0 -157.5 74.4999999999999
2  1912 10 0 -157.5 74.4999999999999
0

0101000
+237 0 -247 0 *
Ed
 1.5e-07 1 1 0
1  818 0 -55.50005 -4.99999999998835e-05
2  1913 7 0 -55.50005 -4.99999999998835e-05
2  1914 23 0 -55.50005 -4.99999999998835e-05
0

0101000
+2286 0 -237 0 *
Wi

0101100
-236 0 +246 0 +2281 0 -235 0 *
Fa
0  1e-07 7 0

0101000
+234 0 *
Ve
1.00000462671909e-07
-353.062257748299 -189 4.5
0 0

0101101
*
Ed
 1e-07 1 1 0
1  819 0 4.75902711740252 13.9377422517011
2  1915 24 0 4.75902711740252 13.9377422517011
2  1916 355 0 4.75902711740252 13.9377422517011
2  1917 9 0 4.75902711740252 13.9377422517011
2  1918 10 0 4.75902711740252 13.9377422517011
0

0101000
+242 0 -232 0 *
Ve
1.5e-07
-353.062257748299 -189 16.5
0 0

0101101
*
Ed
 1e-07 1 1 0
1  820 0 0 12
2  1919 356 0 0 12
2  1920 24 0 0 12
2  1921 357 0 0 12
0

0101000
+232 0 -230 0 *
Ve
1.5e-07
-345 -189 16.5
0 0

0101101
*
Ed
 1.5e-07 1 1 0
1  821 0 -11 -2.93774225170142
2  1922 358 0 -11 -2.93774225170142
2  1923 24 0 -11 -2.93774225170142
0

0101000
+228 0 -230 0 *
Ed
 1e-07 1 1 0
1  822 0 12 55.5
2  1924 22 0 12 55.5
2  1925 24 0 12 55.5
0

0101000
+228 0 -2288 0 *
Wi

0101100
-231 0 -229 0 +227 0 -226 0 +2283 0 -240 0 *
Fa
0  1e-07 24 0

0101000
+225 0 *
Ve
1.5e-07
-345 -188.7 16.5
0 0

0101101
*
Ed
 1.5e-07 1 1 0
1  823 0 -2 -1.69999999999999
2  1926 358 0 -2 -1.69999999999999
2  1927 22 0 -2 -1.69999999999999
0

0101000
+228 0 -223 0 *
Ve
1.5e-07
-342.863804003998 -188.7 16.5
0 0

0101101
*
Ed
 1.5e-07 1 1 0
1  824 0 -3.2042939940024 -1.06809799800078
2  1928 358 0 -3.2042939940024 -1.06809799800078
2  1929 359 0 -3.2042939940024 -1.06809799800078
0

0101000
+221 0 -223 0 *
Ve
1.50000028421709e-07
-340.727608007997 -185 16.5
0 0

0101101
*
Ed
 1.5e-07 1 1 0
1  825 0 -3.20429399400245 1.06809799800079
2  1930 358 0 -3.20429399400245 1.06809799800079
2  1931 360 0 -3.20429399400245 1.06809799800079
0

0101000
+219 0 -221 0 *
Ve
1.5e-07
-342.863804003998 -181.3 16.5
0 0

0101101
*
Ed
 1.5e-07 1 1 0
1  826 0 -3.20429399400239 1.06809799800084
2  1932 358 0 -3.20429399400239 1.06809799800084
2  1933 361 0 -3.20429399400239 1.06809799800084
0

0101000
+217 0 -219 0 *
Ve
1.5e-07
-345 -181.3 16.5
0 0

0101101
*
Ed
 1.5e-07 1 1 0
1  827 0 -1.06809799800078 1.06809799800084
2  1934 358 0 -1.06809799800078 1.06809799800084
2  1935 362 0 -1.06809799800078 1.06809799800084
0

0101000
+215 0 -217 0 *
Ve
1.5e-07
-345 -181 16.5
0 0

0101101
*
Ed
 1.5e-07 1 1 0
1  823 0 5.69999999999999 6
2  1926 358 0 5.69999999999999 6
2  1927 22 0 5.69999999999999 6
0

0101000
+215 0 -213 0 *
Ve
1.5e-07
-353.062257748299 -181 16.5
0 0

0101101
*
Ed
 1.5e-07 1 1 0
1  828 0 -11 -2.93774225170148
2  1936 358 0 -11 -2.93774225170148
2  1937 19 0 -11 -2.93774225170148
0

0101000
+213 0 -211 0 *
Ed
 1e-07 1 1 0
1  829 0 0 5.36207732381694
2  1938 357 0 0 5.36207732381694
2  1939 358 0 0 5.36207732381694
0

0101000
+211 0 -230 0 *
Wi

0101100
-222 0 +220 0 +218 0 +216 0 +214 0 -212 0 -210 0 -209 0 +227 0 *
Fa
0  1e-07 358 0

0101000
+208 0 *
Ve
1e-07
-342.863804003998 -181.3 13.1
0 0

0101101
*
Ve
1e-07
-347.136195996002 -181.3 13.1
0 0

0101101
*
Ed
 1e-07 1 1 0
1  830 0 0 4.27239199200323
2  1940 363 0 0 4.27239199200323
2  1941 362 0 0 4.27239199200323
0

0101000
+206 0 -205 0 *
Ve
1e-07
-347.136195996002 -181.3 17.5
0 0

0101101
*
Ed
 1e-07 1 1 0
1  831 0 0 4.4
2  1942 364 0 0 4.4
2  1943 362 0 0 4.4
0

0101000
+205 0 -203 0 *
Ve
1.5e-07
-345 -181.3 17.5
0 0

0101101
*
Ed
 1e-07 1 1 0
1  832 0 2.13619599600162 4.27239199200323
2  1944 365 0 2.13619599600162 4.27239199200323
2  1945 362 0 2.13619599600162 4.27239199200323
0

0101000
+201 0 -203 0 *
Ed
 1.5e-07 1 1 0
1  833 0 -8.7 -7.7
2  1946 22 0 -8.7 -7.7
2  1947 362 0 -8.7 -7.7
0

0101000
+201 0 -215 0 *
Ed
 1e-07 1 1 0
1  834 0 0 3.4
2  1948 361 0 0 3.4
2  1949 362 0 0 3.4
0

0101000
+206 0 -217 0 *
Wi

0101100
-204 0 -202 0 +200 0 -199 0 -214 0 +198 0 *
Fa
0  1e-07 362 0

0101000
+197 0 *
Ve
1e-07
-349.272391992003 -185 17.5
0 0

0101101
*
Ed
 1e-07 1 1 0
1  835 0 0 4.27239199200323
2  1950 365 0 0 4.27239199200323
2  1951 364 0 0 4.27239199200323
0

0101000
+203 0 -195 0 *
Ve
1e-07
-347.136195996002 -188.7 17.5
0 0

0101101
*
Ed
 1e-07 1 1 0
1  836 0 0 4.27239199200323
2  1952 365 0 0 4.27239199200323
2  1953 367 0 0 4.27239199200323
0

0101000
+195 0 -193 0 *
Ve
1.5e-07
-345 -188.7 17.5
0 0

0101101
*
Ed
 1e-07 1 1 0
1  837 0 0 2.13619599600162
2  1954 365 0 0 2.13619599600162
2  1955 359 0 0 2.13619599600162
0

0101000
+193 0 -191 0 *
Ed
 1e-07 1 1 0
1  838 0 0 7.39999999999998
0

0101000
+191 0 -201 0 *
Wi

0101100
+200 0 +194 0 +192 0 +190 0 +189 0 *
Fa
0  0 366 0

0101000
+188 0 *
Ve
1e-07
-349.272391992003 -185 13.1
0 0

0101101
*
Ed
 1e-07 1 1 0
1  839 0 0 4.4
2  1956 364 0 0 4.4
2  1957 367 0 0 4.4
0

0101000
+186 0 -195 0 *
Ve
1e-07
-347.136195996002 -188.7 13.1
0 0

0101101
*
Ed
 1e-07 1 1 0
1  840 0 0 4.4
2  1958 367 0 0 4.4
2  1959 359 0 0 4.4
0

0101000
+184 0 -193 0 *
Ed
 1e-07 1 1 0
1  841 0 0 4.27239199200323
2  1960 367 0 0 4.27239199200323
2  1961 363 0 0 4.27239199200323
0

0101000
+186 0 -184 0 *
Wi

0101100
+185 0 -183 0 -182 0 +192 0 *
Fa
0  1e-07 367 0

0101000
+181 0 *
Ed
 1e-07 1 1 0
1  842 0 0 4.27239199200323
2  1962 364 0 0 4.27239199200323
2  1963 363 0 0 4.27239199200323
0

0101000
+205 0 -186 0 *
Wi

0101100
+202 0 -185 0 -179 0 +194 0 *
Fa
0  1e-07 364 0

0101000
+178 0 *
Ve
1e-07
-340.727608007997 -185 13.1
0 0

0101101
*
Ed
 1e-07 1 1 0
1  843 0 0 4.27239199200323
2  1964 361 0 0 4.27239199200323
2  1965 363 0 0 4.27239199200323
0

0101000
+176 0 -206 0 *
Ve
1e-07
-342.863804003998 -188.7 13.1
0 0

0101101
*
Ed
 1e-07 1 1 0
1  844 0 0 4.27239199200323
2  1966 360 0 0 4.27239199200323
2  1967 363 0 0 4.27239199200323
0

0101000
+174 0 -176 0 *
Ed
 1e-07 1 1 0
1  845 0 0 4.27239199200323
2  1968 363 0 0 4.27239199200323
2  1969 359 0 0 4.27239199200323
0

0101000
+184 0 -174 0 *
Wi

0101100
+175 0 +173 0 +204 0 +172 0 +179 0 +182 0 *
Ve
1e-07
-342.75 -185 13.1
0 0

0101101
*
Ed
 1e-07 1 1 0
1  846 0 0 6.28318530717959
2  1970 368 0 0 6.28318530717959
2  1971 363 0 0 6.28318530717959
0

0101100
+170 0 -170 0 *
Wi

0101100
-169 0 *
Fa
0  1e-07 363 0

0101000
+171 0 +168 0 *
Ve
1e-07
-342.75 -185 4.5
0 0

0101101
*
Ed
 1e-07 1 1 0
1  847 0 1 9.6
3  1972 1973CN 368 0 1 9.6
0

0101000
+166 0 -170 0 *
Ed
 1e-07 1 1 0
1  848 0 0 6.28318530717959
2  1974 9 0 0 6.28318530717959
2  1975 368 0 0 6.28318530717959
0

0101100
+166 0 -166 0 *
Wi

0101100
-169 0 +165 0 +164 0 -165 0 *
Fa
0  1e-07 368 0

0101000
+163 0 *
Ed
 1e-07 1 1 0
1  849 0 0 3.4
2  1976 361 0 0 3.4
2  1977 360 0 0 3.4
0

0101000
+176 0 -219 0 *
Wi

0101100
-175 0 -198 0 -216 0 +161 0 *
Fa
0  1e-07 361 0

0101000
+160 0 *
Ed
 1e-07 1 1 0
1  850 0 0 3.4
2  1978 360 0 0 3.4
2  1979 359 0 0 3.4
0

0101000
+174 0 -221 0 *
Wi

0101100
-173 0 -161 0 -218 0 +158 0 *
Fa
0  1e-07 360 0

0101000
+157 0 *
Ed
 1.5e-07 1 1 0
1  851 0 7.7 8.7
2  1980 22 0 7.7 8.7
2  1981 359 0 7.7 8.7
0

0101000
+223 0 -191 0 *
Wi

0101100
-172 0 -158 0 -220 0 -155 0 +190 0 +183 0 *
Fa
0  1e-07 359 0

0101000
+154 0 *
Ve
1.00000462671909e-07
-353.062257748299 -181 4.5
0 0

0101101
*
Ed
 1e-07 1 1 0
1  852 0 0 5.36207732381703
2  1982 357 0 0 5.36207732381703
2  1983 9 0 0 5.36207732381703
2  1984 10 0 0 5.36207732381703
0

0101000
+152 0 -232 0 *
Ed
 1e-07 1 1 0
1  853 0 0 12
2  1985 356 0 0 12
2  1986 19 0 0 12
2  1987 357 0 0 12
0

0101000
+152 0 -211 0 *
Wi

0101100
+209 0 -229 0 -151 0 +150 0 *
Fa
0  0 357 0

0101000
+149 0 *
Ve
1.5e-07
-336 -15 17.5
0 0

0101101
*
Ed
 1e-07 1 1 0
1  854 0 13 55.5
2  1988 23 0 13 55.5
2  1989 21 0 13 55.5
0

0101000
+147 0 -2290 0 *
Ve
1.00000075531729e-07
-336 -6.9377422517014 4.5
0 0

0101101
*
Ed
 1e-07 1 1 0
1  855 0 8.0622577482986 10
2  1990 23 0 8.0622577482986 10
2  1991 369 0 8.0622577482986 10
2  1992 9 0 8.0622577482986 10
2  1993 10 0 8.0622577482986 10
0

0101000
+145 0 -237 0 *
Ve
1.5e-07
-336 -6.93774225170145 16.5
0 0

0101101
*
Ed
 1e-07 1 1 0
1  856 0 0 12
2  1994 370 0 0 12
2  1995 23 0 0 12
2  1996 371 0 0 12
0

0101000
+145 0 -143 0 *
Ve
1.50000021316282e-07
-336 -14.5282032302755 16.5
0 0

0101101
*
Ed
 1.5e-07 1 1 0
1  857 0 0.471796769724524 8.06225774829855
2  1997 372 0 0.471796769724524 8.06225774829855
2  1998 23 0 0.471796769724524 8.06225774829855
0

0101000
+141 0 -143 0 *
Ve
1.50000026645353e-07
-336 -14.5282032302755 17.5
0 0

0101101
*
Ed
 1.5e-07 1 1 0
1  858 0 -8.7 -7.7
2  1999 23 0 -8.7 -7.7
2  2000 373 0 -8.7 -7.7
0

0101000
+139 0 -141 0 *
Ed
 1.5e-07 1 1 0
1  859 0 -0.471796769724529 0
2  2001 23 0 -0.471796769724529 0
2  2002 374 0 -0.471796769724529 0
0

0101000
+139 0 -147 0 *
Wi

0101100
-146 0 -2285 0 -235 0 +144 0 -142 0 +140 0 +138 0 -137 0 *
Fa
0  1e-07 23 0

0101000
+136 0 *
Ve
1e-07
-337.863804003998 -11.3 17.5
0 0

0101101
*
Ed
 1e-07 1 1 0
1  860 0 0.544783984006497 4.27239199200323
2  2003 373 0 0.544783984006497 4.27239199200323
2  2004 374 0 0.544783984006497 4.27239199200323
0

0101000
+139 0 -134 0 *
Ve
1e-07
-342.136195996002 -11.3 17.5
0 0

0101101
*
Ed
 1e-07 1 1 0
1  861 0 0 4.27239199200323
2  2005 374 0 0 4.27239199200323
2  2006 376 0 0 4.27239199200323
0

0101000
+134 0 -132 0 *
Ve
1.50000090594199e-07
-344 -14.5282032302755 17.5
0 0

0101101
*
Ed
 1e-07 1 1 0
1  862 0 0 3.72760800799679
2  2007 377 0 0 3.72760800799679
2  2008 374 0 0 3.72760800799679
0

0101000
+132 0 -130 0 *
Ve
1.5e-07
-344 -15 17.5
0 0

0101101
*
Ed
 1.5e-07 1 1 0
1  863 0 -0.471796769724468 0
2  2009 17 0 -0.471796769724468 0
2  2010 374 0 -0.471796769724468 0
0

0101000
+130 0 -128 0 *
Ed
 1e-07 1 1 0
1  864 0 0 8
0

0101000
+128 0 -147 0 *
Wi

0101100
-137 0 +133 0 +131 0 +129 0 +127 0 +126 0 *
Fa
0  0 375 0

0101000
+125 0 *
Ve
1e-07
-342.136195996002 -11.3 13.1
0 0

0101101
*
Ve
1e-07
-344.272391992003 -15 13.1
0 0

0101101
*
Ed
 1e-07 1 1 0
1  865 0 0 4.27239199200323
2  2011 377 0 0 4.27239199200323
2  2012 378 0 0 4.27239199200323
0

0101000
+123 0 -122 0 *
Ve
1.50000008881784e-07
-344.272391992003 -15 16.5
0 0

0101101
*
Ed
 1e-07 1 1 0
1  866 0 0 3.4
2  2013 377 0 0 3.4
2  2014 379 0 0 3.4
0

0101000
+122 0 -120 0 *
Ve
1.5000003907985e-07
-344 -14.5282032302755 16.5
0 0

0101101
*
Ed
 1.5e-07 1 1 0
1  867 0 -3.20429399400244 -2.65951000999595
2  2015 372 0 -3.20429399400244 -2.65951000999595
2  2016 377 0 -3.20429399400244 -2.65951000999595
0

0101000
+120 0 -118 0 *
Ed
 1.5e-07 1 1 0
1  868 0 -8.7 -7.7
2  2017 17 0 -8.7 -7.7
2  2018 377 0 -8.7 -7.7
0

0101000
+130 0 -118 0 *
Ed
 1e-07 1 1 0
1  869 0 0 4.4
2  2019 377 0 0 4.4
2  2020 376 0 0 4.4
0

0101000
+123 0 -132 0 *
Wi

0101100
-121 0 -119 0 -117 0 +116 0 +129 0 +115 0 *
Fa
0  1e-07 377 0

0101000
+114 0 *
Ve
1e-07
-342.136195996002 -18.7 13.1
0 0

0101101
*
Ed
 1e-07 1 1 0
1  870 0 0 4.27239199200323
2  2021 379 0 0 4.27239199200323
2  2022 378 0 0 4.27239199200323
0

0101000
+122 0 -112 0 *
Ve
1.50000014210855e-07
-342.136195996002 -18.7 16.5
0 0

0101101
*
Ed
 1e-07 1 1 0
1  871 0 0 3.4
2  2023 379 0 0 3.4
2  2024 380 0 0 3.4
0

0101000
+112 0 -110 0 *
Ed
 1.5e-07 1 1 0
1  872 0 -3.20429399400242 1.06809799800081
2  2025 372 0 -3.20429399400242 1.06809799800081
2  2026 379 0 -3.20429399400242 1.06809799800081
0

0101000
+110 0 -120 0 *
Wi

0101100
-111 0 -109 0 -108 0 +119 0 *
Fa
0  1e-07 379 0

0101000
+107 0 *
Ve
1e-07
-337.863804003998 -18.7 13.1
0 0

0101101
*
Ed
 1e-07 1 1 0
1  873 0 0 4.27239199200323
2  2027 380 0 0 4.27239199200323
2  2028 378 0 0 4.27239199200323
0

0101000
+112 0 -105 0 *
Ve
1.50000007105427e-07
-337.863804003998 -18.7 16.5
0 0

0101101
*
Ed
 1e-07 1 1 0
1  874 0 0 3.4
2  2029 381 0 0 3.4
2  2030 380 0 0 3.4
0

0101000
+105 0 -103 0 *
Ed
 1.5e-07 1 1 0
1  875 0 -3.2042939940024 1.06809799800084
2  2031 372 0 -3.2042939940024 1.06809799800084
2  2032 380 0 -3.2042939940024 1.06809799800084
0

0101000
+103 0 -110 0 *
Wi

0101100
-104 0 -102 0 -101 0 +109 0 *
Fa
0  1e-07 380 0

0101000
+100 0 *
Ve
1e-07
-335.727608007997 -15 13.1
0 0

0101101
*
Ed
 1e-07 1 1 0
1  876 0 0 4.27239199200323
2  2033 381 0 0 4.27239199200323
2  2034 378 0 0 4.27239199200323
0

0101000
+105 0 -98 0 *
Ve
1.50000008881784e-07
-335.727608007997 -15 16.5
0 0

0101101
*
Ed
 1e-07 1 1 0
1  877 0 0 3.4
2  2035 373 0 0 3.4
2  2036 381 0 0 3.4
0

0101000
+98 0 -96 0 *
Ed
 1.5e-07 1 1 0
1  878 0 -3.20429399400243 1.0680979980008
2  2037 372 0 -3.20429399400243 1.0680979980008
2  2038 381 0 -3.20429399400243 1.0680979980008
0

0101000
+96 0 -103 0 *
Wi

0101100
-97 0 -95 0 -94 0 +102 0 *
Fa
0  1e-07 381 0

0101000
+93 0 *
Ve
1e-07
-337.863804003998 -11.3 13.1
0 0

0101101
*
Ed
 1e-07 1 1 0
1  879 0 0 4.27239199200323
2  2039 373 0 0 4.27239199200323
2  2040 378 0 0 4.27239199200323
0

0101000
+98 0 -91 0 *
Ed
 1e-07 1 1 0
1  880 0 0 4.27239199200323
2  2041 376 0 0 4.27239199200323
2  2042 378 0 0 4.27239199200323
0

0101000
+91 0 -123 0 *
Wi

0101100
+90 0 +97 0 +89 0 +104 0 +121 0 +111 0 *
Ve
1e-07
-337.75 -15 13.1
0 0

0101101
*
Ed
 1e-07 1 1 0
1  881 0 0 6.28318530717959
2  2043 382 0 0 6.28318530717959
2  2044 378 0 0 6.28318530717959
0

0101100
+87 0 -87 0 *
Wi

0101100
-86 0 *
Fa
0  1e-07 378 0

0101000
+88 0 +85 0 *
Ve
1e-07
-337.75 -15 4.5
0 0

0101101
*
Ed
 1e-07 1 1 0
1  882 0 1 9.6
3  2045 2046CN 382 0 1 9.6
0

0101000
+83 0 -87 0 *
Ed
 1e-07 1 1 0
1  883 0 0 6.28318530717959
2  2047 9 0 0 6.28318530717959
2  2048 382 0 0 6.28318530717959
0

0101100
+83 0 -83 0 *
Wi

0101100
-86 0 +82 0 +81 0 -82 0 *
Fa
0  1e-07 382 0

0101000
+80 0 *
Ed
 1e-07 1 1 0
1  884 0 0 4.4
2  2049 373 0 0 4.4
2  2050 376 0 0 4.4
0

0101000
+91 0 -134 0 *
Wi

0101100
+78 0 -115 0 -89 0 +131 0 *
Fa
0  1e-07 376 0

0101000
+77 0 *
Ed
 1.5e-07 1 1 0
1  885 0 0.523314013994318 1.06809799800081
2  2051 372 0 0.523314013994318 1.06809799800081
2  2052 373 0 0.523314013994318 1.06809799800081
0

0101000
+141 0 -96 0 *
Wi

0101100
-90 0 -78 0 +133 0 -138 0 -75 0 +95 0 *
Fa
0  1e-07 373 0

0101000
+74 0 *
Ve
1.5e-07
-344 -6.93774225170145 16.5
0 0

0101101
*
Ed
 1e-07 1 1 0
1  886 0 0 5.36207732381694
2  2053 371 0 0 5.36207732381694
2  2054 372 0 0 5.36207732381694
0

0101000
+143 0 -72 0 *
Ed
 1.5e-07 1 1 0
1  887 0 0.47179676972452 8.06225774829855
2  2055 372 0 0.47179676972452 8.06225774829855
2  2056 17 0 0.47179676972452 8.06225774829855
0

0101000
+118 0 -72 0 *
Wi

0101100
+117 0 +108 0 +101 0 +94 0 +75 0 -140 0 -71 0 +70 0 *
Fa
0  1e-07 372 0

0101000
+69 0 *
Ve
1.00000007105427e-07
-344 -6.93774225170144 4.5
0 0

0101101
*
Ed
 1e-07 1 1 0
1  888 0 0 5.36207732381695
2  2057 371 0 0 5.36207732381695
2  2058 9 0 0 5.36207732381695
2  2059 10 0 0 5.36207732381695
0

0101000
+145 0 -67 0 *
Ed
 1e-07 1 1 0
1  889 0 0 12
2  2060 370 0 0 12
2  2061 17 0 0 12
2  2062 371 0 0 12
0

0101000
+67 0 -72 0 *
Wi

0101100
-66 0 +142 0 +71 0 -65 0 *
Fa
0  0 371 0

0101000
+64 0 *
Ed
 1e-07 1 1 0
1  890 0 12 55.5
2  2063 22 0 12 55.5
2  2064 19 0 12 55.5
0

0101000
+213 0 -2292 0 *
Wi

0101100
-226 0 +222 0 +155 0 +189 0 +199 0 +212 0 +62 0 -2287 0 *
Fa
0  1e-07 22 0

0101000
+61 0 *
Ed
 1e-07 1 1 0
1  891 0 13 55.5
2  2065 17 0 13 55.5
2  2066 21 0 13 55.5
0

0101000
+128 0 -2294 0 *
Wi

0101100
-146 0 -126 0 +59 0 +2289 0 *
Fa
0  1e-07 21 0

0101000
+58 0 *
Ve
1.00000284217094e-07
-363.970613754042 -181 4.5
0 0

0101101
*
Ed
 1e-07 1 1 0
1  892 0 3.02938624595765 13.9377422517011
2  2067 19 0 3.02938624595765 13.9377422517011
2  2068 355 0 3.02938624595765 13.9377422517011
2  2069 9 0 3.02938624595765 13.9377422517011
2  2070 10 0 3.02938624595765 13.9377422517011
0

0101000
+56 0 -152 0 *
Ed
 1e-07 1 1 0
1  893 0 -55.5001 -9.99999999997669e-05
2  2071 16 0 -55.5001 -9.99999999997669e-05
2  2072 19 0 -55.5001 -9.99999999997669e-05
0

0101000
+2296 0 -56 0 *
Wi

0101100
-55 0 -150 0 +210 0 -62 0 +2291 0 -54 0 *
Fa
0  1e-07 19 0

0101000
+53 0 *
Ve
1.5e-07
-344 -5 4.5
0 0

0101101
*
Ed
 1.5e-07 1 1 0
1  894 0 -55.50005 -4.99999999998835e-05
2  2073 7 0 -55.50005 -4.99999999998835e-05
2  2074 17 0 -55.50005 -4.99999999998835e-05
0

0101000
+2298 0 -51 0 *
Ed
 1e-07 1 1 0
1  895 0 8.06225774829856 10
2  2075 17 0 8.06225774829856 10
2  2076 369 0 8.06225774829856 10
2  2077 9 0 8.06225774829856 10
2  2078 10 0 8.06225774829856 10
0

0101000
+67 0 -51 0 *
Wi

0101100
-59 0 -2293 0 -50 0 +49 0 -65 0 +70 0 +116 0 -127 0 *
Fa
0  1e-07 17 0

0101000
+48 0 *
Ve
1.5e-07
-364 -179.788204329752 4.5
0 0

0101101
*
Ed
 1e-07 1 1 0
1  816 0 1.40320286031663 1.45169368812773
2  1905 8 0 1.40320286031663 1.45169368812773
2  1906 16 0 1.40320286031663 1.45169368812773
2  2079 9 0 1.40320286031663 1.45169368812773
2  2080 10 0 1.40320286031663 1.45169368812773
0

0101000
+56 0 -46 0 *
Ed
 1e-07 1 1 0
1  896 0 9.99999999997669e-05 55.5001
2  2081 16 0 9.99999999997669e-05 55.5001
4 G1 16 0 15 0
2  2082 15 0 9.99999999997669e-05 55.5001
0

0101000
+46 0 -2300 0 *
Wi

0101100
-45 0 -44 0 +2295 0 -54 0 *
Fa
0  1e-07 16 0

0101000
+43 0 *
Ve
1.5e-07
-357 -5 4.5
0 0

0101101
*
Ed
 1.5e-07 1 1 0
1  8 0 -178.5 -165.5
2  15 8 0 -178.5 -165.5
2  16 7 0 -178.5 -165.5
2  2083 9 0 -178.5 -165.5
2  2084 10 0 -178.5 -165.5
0

0101000
+41 0 -51 0 *
Ed
 1e-07 1 1 0
1  897 0 9.99999999997669e-05 55.5001
2  2085 14 0 9.99999999997669e-05 55.5001
4 G1 7 0 14 0
2  2086 7 0 9.99999999997669e-05 55.5001
0

0101000
+41 0 -2302 0 *
Wi

0101100
-40 0 +50 0 +2297 0 +39 0 *
Fa
0  1e-07 7 0

0101000
+38 0 *
Ve
1.5e-07
-364 -12 4.5
0 0

0101101
*
Ed
 1.5e-07 1 1 0
1  898 0 -35.6598292406921 132.12837508906
2  2087 8 0 -35.6598292406921 132.12837508906
2  2088 15 0 -35.6598292406921 132.12837508906
2  2089 9 0 -35.6598292406921 132.12837508906
2  2090 10 0 -35.6598292406921 132.12837508906
0

0101000
+46 0 -36 0 *
Ed
 1e-07 1 1 0
1  899 0 9.99999999997669e-05 55.5001
2  2091 14 0 9.99999999997669e-05 55.5001
4 G1 15 0 14 0
2  2092 15 0 9.99999999997669e-05 55.5001
0

0101000
+36 0 -2303 0 *
Wi

0101100
-35 0 -34 0 +2299 0 +44 0 *
Fa
0  1e-07 15 0

0101000
+33 0 *
Ed
 1e-07 1 1 0
1  900 0 1.62832710278357e-15 1.5707963267949
2  2093 8 0 1.62832710278357e-15 1.5707963267949
2  2094 14 0 1.62832710278357e-15 1.5707963267949
2  2095 9 0 1.62832710278357e-15 1.5707963267949
2  2096 10 0 1.62832710278357e-15 1.5707963267949
0

0101000
+36 0 -41 0 *
Wi

0101100
-31 0 -39 0 +2301 0 +34 0 *
Fa
0  1e-07 14 0

0101000
+30 0 *
Ed
 1e-07 1 1 0
1  901 0 8.06225774829855 10
2  2097 12 0 8.06225774829855 10
2  2098 313 0 8.06225774829855 10
2  2099 9 0 8.06225774829855 10
2  2100 10 0 8.06225774829855 10
0

0101000
+448 0 -2313 0 *
Wi

0101100
-438 0 -2264 0 -2308 0 +28 0 -446 0 +451 0 +497 0 -508 0 *
Fa
0  1e-07 12 0

0101000
+27 0 *
Ed
 1e-07 1 1 0
1  902 0 8.0622577482986 10
2  2101 11 0 8.0622577482986 10
2  2102 354 0 8.0622577482986 10
2  2103 9 0 8.0622577482986 10
2  2104 10 0 8.0622577482986 10
0

0101000
+293 0 -2314 0 *
Wi

0101100
-336 0 -2270 0 -2310 0 +25 0 -290 0 +299 0 +255 0 -329 0 *
Fa
0  1e-07 11 0

0101000
+24 0 *
Wi

0101100
+1240 0 +1235 0 -1206 0 -1229 0 +1210 0 -1224 0 +1215 0 -1219 0 *
Wi

0101100
+755 0 *
Wi

0101100
+556 0 *
Wi

0101100
+365 0 *
Wi

0101100
+164 0 *
Wi

0101100
+658 0 *
Wi

0101100
+462 0 *
Wi

0101100
-45 0 +55 0 -35 0 +151 0 -31 0 -231 0 -40 0 -241 0 +49 0 -251 0 
+66 0 +341 0 -144 0 +416 0 -236 0 -420 0 +245 0 -434 0 +291 0 +442 0 
-25 0 +607 0 -2312 0 -611 0 +28 0 -630 0 +447 0 -638 0 -525 0 -728 0 
-535 0 -814 0 +624 0 +826 0 +643 0 -837 0 -721 0 -831 0 -733 0 -741 0 
*
Wi

0101100
+261 0 *
Wi

0101100
+81 0 *
Fa
0  1e-07 9 0

0101000
+22 0 +21 0 +20 0 +19 0 +18 0 +17 0 +16 0 +15 0 +14 0 +13 0 
*
Wi

0101100
+2325 0 -1188 0 +1163 0 -1195 0 *
Fa
0  1e-07 5 0

0101000
+11 0 *
Wi

0101100
+1159 0 -2326 0 +1473 0 -1164 0 *
Fa
0  0 4 0

0101000
+9 0 *
Wi

0101100
+1279 0 -2328 0 +1268 0 -1189 0 *
Fa
0  0 3 0

0101000
+7 0 *
Wi

0101100
+1272 0 -1282 0 +1160 0 -2330 0 *
Fa
0  1e-07 2 0

0101000
+5 0 *
Sh

0101100
+2320 0 -2315 0 -2304 0 +2106 0 +2099 0 -1963 0 +1956 0 +1946 0 -1941 0 -1926 0 
+1919 0 -1905 0 +1902 0 +1899 0 +1896 0 +1893 0 +1891 0 -1888 0 +1885 0 -1883 0 
+1876 0 +1866 0 -1861 0 -1846 0 +1839 0 -1825 0 +1822 0 +1819 0 +1816 0 +1813 0 
+1811 0 -1808 0 +1805 0 -1803 0 +1796 0 +1786 0 -1781 0 -1766 0 +1759 0 -1745 0 
+1742 0 +1739 0 +1736 0 +1733 0 +1731 0 -1728 0 +1725 0 -1723 0 +1716 0 +1706 0 
-1701 0 -1686 0 +1679 0 -1665 0 +1662 0 +1659 0 +1656 0 +1653 0 +1651 0 -1648 0 
+1645 0 -1643 0 +1636 0 +1626 0 -1621 0 -1606 0 +1599 0 -1585 0 +1582 0 +1579 0 
+1576 0 +1573 0 +1571 0 +1568 0 -1565 0 -1563 0 +1556 0 +1546 0 -1541 0 -1526 0 
+1519 0 -1505 0 +1502 0 +1499 0 +1496 0 +1493 0 +1491 0 -1488 0 +1485 0 -1483 0 
+1476 0 -1402 0 +1395 0 +1380 0 -1377 0 +1374 0 -1371 0 +1368 0 -1365 0 +1362 0 
+1360 0 -1353 0 +1338 0 +1335 0 +1332 0 -1329 0 -1326 0 +1323 0 +1320 0 +1318 0 
-1311 0 +1304 0 +1297 0 +1290 0 -1283 0 +1277 0 +1270 0 +1244 0 -1237 0 -1232 0 
-1227 0 -1222 0 -1217 0 -1212 0 -1207 0 -1204 0 -1197 0 +1190 0 +1186 0 +1183 0 
+1180 0 +1177 0 -1174 0 -1171 0 +1168 0 +1165 0 -1161 0 -1157 0 +1154 0 +1151 0 
-1148 0 -1145 0 +1142 0 +1139 0 -1136 0 +1133 0 +1130 0 +1127 0 +1125 0 +1121 0 
-1114 0 -1107 0 -1096 0 -1089 0 -1084 0 +1079 0 -1076 0 +1073 0 +1065 0 +1058 0 
+1055 0 +1052 0 +1048 0 -1045 0 +1041 0 -1038 0 -1035 0 -1032 0 -1029 0 +1018 0 
-1011 0 +1004 0 -1001 0 +998 0 -995 0 +991 0 +988 0 -985 0 -982 0 +978 0 
-975 0 -972 0 +961 0 -954 0 +947 0 -944 0 +941 0 -938 0 +931 0 -924 0 
-916 0 +909 0 +905 0 +902 0 +898 0 -894 0 -891 0 +888 0 +885 0 -882 0 
+879 0 +876 0 -865 0 -858 0 -853 0 +848 0 -845 0 +842 0 -840 0 -833 0 
-828 0 +819 0 +812 0 +797 0 +786 0 -777 0 +770 0 +767 0 +757 0 -752 0 
+749 0 +746 0 +743 0 -738 0 -735 0 -730 0 -725 0 +712 0 -701 0 +690 0 
+683 0 +676 0 +669 0 +661 0 -656 0 +653 0 +650 0 +645 0 +640 0 -635 0 
-632 0 -627 0 -622 0 +609 0 +602 0 +589 0 +578 0 +571 0 +559 0 -554 0 
+551 0 +548 0 +545 0 +542 0 -537 0 -532 0 +529 0 +516 0 -505 0 +494 0 
+487 0 +480 0 +473 0 +465 0 -460 0 +457 0 +454 0 +449 0 +444 0 -439 0 
-436 0 -431 0 +418 0 +411 0 +398 0 +387 0 +380 0 +368 0 -363 0 +360 0 
+357 0 +354 0 +351 0 -346 0 +343 0 -338 0 -331 0 -320 0 +309 0 +294 0 
+287 0 +280 0 +275 0 +272 0 +264 0 -259 0 +256 0 +253 0 -248 0 -243 0 
-238 0 -233 0 -224 0 +207 0 +196 0 -187 0 +180 0 +177 0 +167 0 -162 0 
+159 0 +156 0 +153 0 +148 0 +135 0 -124 0 +113 0 +106 0 +99 0 +92 0 
+84 0 -79 0 +76 0 +73 0 +68 0 +63 0 +60 0 -57 0 +52 0 -47 0 
-42 0 -37 0 -32 0 -29 0 -26 0 +23 0 +12 0 +10 0 +8 0 -6 0 
+4 0 *
So

0100000
+3 0 *
Co

0100000
+2 0 *

+1 0 